territory_name,territory_type,year,sex,age_group,salary_annual_eur,salary_missing_flag,salary_low_sample_flag,salary_source,salary_observed_flag,salary_imputed_flag,imputation_method
Andalucía,CCAA,2010,Hombres,25_34,19574.29,0,0,INE_EES_28201,1,0,
Andalucía,CCAA,2011,Hombres,25_34,18903.23,0,0,INE_EES_28201,1,0,
Andalucía,CCAA,2012,Hombres,25_34,18590.66,0,0,INE_EES_28201,1,0,
Andalucía,CCAA,2013,Hombres,25_34,17277.45,0,0,INE_EES_28201,1,0,
Andalucía,CCAA,2014,Hombres,25_34,17586.35,0,0,INE_EES_28201,1,0,
Andalucía,CCAA,2015,Hombres,25_34,17714.8,0,0,INE_EES_28201,1,0,
Andalucía,CCAA,2016,Hombres,25_34,17555.24,0,0,INE_EES_28201,1,0,
Andalucía,CCAA,2017,Hombres,25_34,17724.05,0,0,INE_EES_28201,1,0,
Andalucía,CCAA,2018,Hombres,25_34,18269.69,0,0,INE_EES_28201,1,0,
Andalucía,CCAA,2019,Hombres,25_34,17978.73,0,0,INE_EES_28201,1,0,
Andalucía,CCAA,2020,Hombres,25_34,18357.06,0,0,INE_EES_28201,1,0,
Andalucía,CCAA,2021,Hombres,25_34,19392.38,0,0,INE_EES_28201,1,0,
Andalucía,CCAA,2022,Hombres,25_34,20387.79,0,0,INE_EES_28201,1,0,
Andalucía,CCAA,2023,Hombres,25_34,21229.15,0,0,INE_EES_28201,1,0,
Andalucía,CCAA,2010,Hombres,35_44,23309.14,0,0,INE_EES_28201,1,0,
Andalucía,CCAA,2011,Hombres,35_44,23867.78,0,0,INE_EES_28201,1,0,
Andalucía,CCAA,2012,Hombres,35_44,23907.53,0,0,INE_EES_28201,1,0,
Andalucía,CCAA,2013,Hombres,35_44,23732.35,0,0,INE_EES_28201,1,0,
Andalucía,CCAA,2014,Hombres,35_44,23661.96,0,0,INE_EES_28201,1,0,
Andalucía,CCAA,2015,Hombres,35_44,23108.34,0,0,INE_EES_28201,1,0,
Andalucía,CCAA,2016,Hombres,35_44,22986.9,0,0,INE_EES_28201,1,0,
Andalucía,CCAA,2017,Hombres,35_44,23640.31,0,0,INE_EES_28201,1,0,
Andalucía,CCAA,2018,Hombres,35_44,24243.78,0,0,INE_EES_28201,1,0,
Andalucía,CCAA,2019,Hombres,35_44,24278.3,0,0,INE_EES_28201,1,0,
Andalucía,CCAA,2020,Hombres,35_44,24148.1,0,0,INE_EES_28201,1,0,
Andalucía,CCAA,2021,Hombres,35_44,24123.61,0,0,INE_EES_28201,1,0,
Andalucía,CCAA,2022,Hombres,35_44,24959.05,0,0,INE_EES_28201,1,0,
Andalucía,CCAA,2023,Hombres,35_44,26000.43,0,0,INE_EES_28201,1,0,
Andalucía,CCAA,2010,Hombres,45_54,27340.45,0,0,INE_EES_28201,1,0,
Andalucía,CCAA,2011,Hombres,45_54,27688.86,0,0,INE_EES_28201,1,0,
Andalucía,CCAA,2012,Hombres,45_54,26517.65,0,0,INE_EES_28201,1,0,
Andalucía,CCAA,2013,Hombres,45_54,26139.32,0,0,INE_EES_28201,1,0,
Andalucía,CCAA,2014,Hombres,45_54,27779.72,0,0,INE_EES_28201,1,0,
Andalucía,CCAA,2015,Hombres,45_54,27700.63,0,0,INE_EES_28201,1,0,
Andalucía,CCAA,2016,Hombres,45_54,27278.07,0,0,INE_EES_28201,1,0,
Andalucía,CCAA,2017,Hombres,45_54,27172.67,0,0,INE_EES_28201,1,0,
Andalucía,CCAA,2018,Hombres,45_54,27414.75,0,0,INE_EES_28201,1,0,
Andalucía,CCAA,2019,Hombres,45_54,26630.49,0,0,INE_EES_28201,1,0,
Andalucía,CCAA,2020,Hombres,45_54,27081.25,0,0,INE_EES_28201,1,0,
Andalucía,CCAA,2021,Hombres,45_54,28217.42,0,0,INE_EES_28201,1,0,
Andalucía,CCAA,2022,Hombres,45_54,28785.99,0,0,INE_EES_28201,1,0,
Andalucía,CCAA,2023,Hombres,45_54,30704.19,0,0,INE_EES_28201,1,0,
Andalucía,CCAA,2010,Hombres,55_plus,29456.21,0,0,INE_EES_28201,1,0,
Andalucía,CCAA,2011,Hombres,55_plus,28568.13,0,0,INE_EES_28201,1,0,
Andalucía,CCAA,2012,Hombres,55_plus,27342.98,0,0,INE_EES_28201,1,0,
Andalucía,CCAA,2013,Hombres,55_plus,29133.79,0,0,INE_EES_28201,1,0,
Andalucía,CCAA,2014,Hombres,55_plus,27341.89,0,0,INE_EES_28201,1,0,
Andalucía,CCAA,2015,Hombres,55_plus,29775.09,0,0,INE_EES_28201,1,0,
Andalucía,CCAA,2016,Hombres,55_plus,29262.8,0,0,INE_EES_28201,1,0,
Andalucía,CCAA,2017,Hombres,55_plus,28379.2,0,0,INE_EES_28201,1,0,
Andalucía,CCAA,2018,Hombres,55_plus,31167.99,0,0,INE_EES_28201,1,0,
Andalucía,CCAA,2019,Hombres,55_plus,30212.41,0,0,INE_EES_28201,1,0,
Andalucía,CCAA,2020,Hombres,55_plus,29513.55,0,0,INE_EES_28201,1,0,
Andalucía,CCAA,2021,Hombres,55_plus,29344.47,0,0,INE_EES_28201,1,0,
Andalucía,CCAA,2022,Hombres,55_plus,31170.39,0,0,INE_EES_28201,1,0,
Andalucía,CCAA,2023,Hombres,55_plus,31191.0,0,0,INE_EES_28201,1,0,
Andalucía,CCAA,2010,Hombres,all_ages,23463.96,0,0,INE_EES_28201,1,0,
Andalucía,CCAA,2011,Hombres,all_ages,23815.22,0,0,INE_EES_28201,1,0,
Andalucía,CCAA,2012,Hombres,all_ages,23592.08,0,0,INE_EES_28201,1,0,
Andalucía,CCAA,2013,Hombres,all_ages,23565.36,0,0,INE_EES_28201,1,0,
Andalucía,CCAA,2014,Hombres,all_ages,23541.32,0,0,INE_EES_28201,1,0,
Andalucía,CCAA,2015,Hombres,all_ages,24200.2,0,0,INE_EES_28201,1,0,
Andalucía,CCAA,2016,Hombres,all_ages,24026.82,0,0,INE_EES_28201,1,0,
Andalucía,CCAA,2017,Hombres,all_ages,24175.52,0,0,INE_EES_28201,1,0,
Andalucía,CCAA,2018,Hombres,all_ages,24712.69,0,0,INE_EES_28201,1,0,
Andalucía,CCAA,2019,Hombres,all_ages,24527.67,0,0,INE_EES_28201,1,0,
Andalucía,CCAA,2020,Hombres,all_ages,24785.82,0,0,INE_EES_28201,1,0,
Andalucía,CCAA,2021,Hombres,all_ages,25464.78,0,0,INE_EES_28201,1,0,
Andalucía,CCAA,2022,Hombres,all_ages,26189.5,0,0,INE_EES_28201,1,0,
Andalucía,CCAA,2023,Hombres,all_ages,27085.5,0,0,INE_EES_28201,1,0,
Andalucía,CCAA,2010,Hombres,lt_25,13545.47,0,1,INE_EES_28201,1,0,
Andalucía,CCAA,2011,Hombres,lt_25,12554.48,0,1,INE_EES_28201,1,0,
Andalucía,CCAA,2012,Hombres,lt_25,10936.94,0,1,INE_EES_28201,1,0,
Andalucía,CCAA,2013,Hombres,lt_25,11088.59,0,1,INE_EES_28201,1,0,
Andalucía,CCAA,2014,Hombres,lt_25,11518.02,0,1,INE_EES_28201,1,0,
Andalucía,CCAA,2015,Hombres,lt_25,12792.52,0,1,INE_EES_28201,1,0,
Andalucía,CCAA,2016,Hombres,lt_25,11765.44,0,1,INE_EES_28201,1,0,
Andalucía,CCAA,2017,Hombres,lt_25,12446.94,0,1,INE_EES_28201,1,0,
Andalucía,CCAA,2018,Hombres,lt_25,12854.44,0,1,INE_EES_28201,1,0,
Andalucía,CCAA,2019,Hombres,lt_25,12772.33,0,1,INE_EES_28201,1,0,
Andalucía,CCAA,2020,Hombres,lt_25,11920.68,0,1,INE_EES_28201,1,0,
Andalucía,CCAA,2021,Hombres,lt_25,13389.36,0,1,INE_EES_28201,1,0,
Andalucía,CCAA,2022,Hombres,lt_25,16443.75,0,1,INE_EES_28201,1,0,
Andalucía,CCAA,2023,Hombres,lt_25,14491.23,0,0,INE_EES_28201,1,0,
Andalucía,CCAA,2010,Mujeres,25_34,15130.18,0,0,INE_EES_28201,1,0,
Andalucía,CCAA,2011,Mujeres,25_34,15194.94,0,0,INE_EES_28201,1,0,
Andalucía,CCAA,2012,Mujeres,25_34,14744.31,0,0,INE_EES_28201,1,0,
Andalucía,CCAA,2013,Mujeres,25_34,13859.65,0,0,INE_EES_28201,1,0,
Andalucía,CCAA,2014,Mujeres,25_34,14412.43,0,0,INE_EES_28201,1,0,
Andalucía,CCAA,2015,Mujeres,25_34,14246.82,0,0,INE_EES_28201,1,0,
Andalucía,CCAA,2016,Mujeres,25_34,14025.59,0,0,INE_EES_28201,1,0,
Andalucía,CCAA,2017,Mujeres,25_34,13955.95,0,0,INE_EES_28201,1,0,
Andalucía,CCAA,2018,Mujeres,25_34,14473.92,0,0,INE_EES_28201,1,0,
Andalucía,CCAA,2019,Mujeres,25_34,15058.34,0,0,INE_EES_28201,1,0,
Andalucía,CCAA,2020,Mujeres,25_34,14969.7,0,0,INE_EES_28201,1,0,
Andalucía,CCAA,2021,Mujeres,25_34,15807.27,0,0,INE_EES_28201,1,0,
Andalucía,CCAA,2022,Mujeres,25_34,18360.28,0,0,INE_EES_28201,1,0,
Andalucía,CCAA,2023,Mujeres,25_34,18752.52,0,0,INE_EES_28201,1,0,
Andalucía,CCAA,2010,Mujeres,35_44,19401.93,0,0,INE_EES_28201,1,0,
Andalucía,CCAA,2011,Mujeres,35_44,18976.98,0,0,INE_EES_28201,1,0,
Andalucía,CCAA,2012,Mujeres,35_44,18432.6,0,0,INE_EES_28201,1,0,
Andalucía,CCAA,2013,Mujeres,35_44,17910.03,0,0,INE_EES_28201,1,0,
Andalucía,CCAA,2014,Mujeres,35_44,18514.53,0,0,INE_EES_28201,1,0,
Andalucía,CCAA,2015,Mujeres,35_44,18583.21,0,0,INE_EES_28201,1,0,
Andalucía,CCAA,2016,Mujeres,35_44,18000.85,0,0,INE_EES_28201,1,0,
Andalucía,CCAA,2017,Mujeres,35_44,17651.43,0,0,INE_EES_28201,1,0,
Andalucía,CCAA,2018,Mujeres,35_44,18962.17,0,0,INE_EES_28201,1,0,
Andalucía,CCAA,2019,Mujeres,35_44,18933.01,0,0,INE_EES_28201,1,0,
Andalucía,CCAA,2020,Mujeres,35_44,18941.71,0,0,INE_EES_28201,1,0,
Andalucía,CCAA,2021,Mujeres,35_44,19469.77,0,0,INE_EES_28201,1,0,
Andalucía,CCAA,2022,Mujeres,35_44,20724.1,0,0,INE_EES_28201,1,0,
Andalucía,CCAA,2023,Mujeres,35_44,21366.28,0,0,INE_EES_28201,1,0,
Andalucía,CCAA,2010,Mujeres,45_54,21094.18,0,0,INE_EES_28201,1,0,
Andalucía,CCAA,2011,Mujeres,45_54,21732.32,0,0,INE_EES_28201,1,0,
Andalucía,CCAA,2012,Mujeres,45_54,20190.68,0,0,INE_EES_28201,1,0,
Andalucía,CCAA,2013,Mujeres,45_54,19938.88,0,0,INE_EES_28201,1,0,
Andalucía,CCAA,2014,Mujeres,45_54,20400.07,0,0,INE_EES_28201,1,0,
Andalucía,CCAA,2015,Mujeres,45_54,19915.41,0,0,INE_EES_28201,1,0,
Andalucía,CCAA,2016,Mujeres,45_54,19806.96,0,0,INE_EES_28201,1,0,
Andalucía,CCAA,2017,Mujeres,45_54,20357.81,0,0,INE_EES_28201,1,0,
Andalucía,CCAA,2018,Mujeres,45_54,21022.76,0,0,INE_EES_28201,1,0,
Andalucía,CCAA,2019,Mujeres,45_54,21570.16,0,0,INE_EES_28201,1,0,
Andalucía,CCAA,2020,Mujeres,45_54,21442.45,0,0,INE_EES_28201,1,0,
Andalucía,CCAA,2021,Mujeres,45_54,22028.12,0,0,INE_EES_28201,1,0,
Andalucía,CCAA,2022,Mujeres,45_54,23879.33,0,0,INE_EES_28201,1,0,
Andalucía,CCAA,2023,Mujeres,45_54,24862.61,0,0,INE_EES_28201,1,0,
Andalucía,CCAA,2010,Mujeres,55_plus,22895.32,0,0,INE_EES_28201,1,0,
Andalucía,CCAA,2011,Mujeres,55_plus,24581.44,0,0,INE_EES_28201,1,0,
Andalucía,CCAA,2012,Mujeres,55_plus,22016.05,0,0,INE_EES_28201,1,0,
Andalucía,CCAA,2013,Mujeres,55_plus,22808.21,0,0,INE_EES_28201,1,0,
Andalucía,CCAA,2014,Mujeres,55_plus,19977.15,0,0,INE_EES_28201,1,0,
Andalucía,CCAA,2015,Mujeres,55_plus,23031.25,0,0,INE_EES_28201,1,0,
Andalucía,CCAA,2016,Mujeres,55_plus,22412.66,0,0,INE_EES_28201,1,0,
Andalucía,CCAA,2017,Mujeres,55_plus,22426.92,0,0,INE_EES_28201,1,0,
Andalucía,CCAA,2018,Mujeres,55_plus,22651.57,0,0,INE_EES_28201,1,0,
Andalucía,CCAA,2019,Mujeres,55_plus,23937.5,0,0,INE_EES_28201,1,0,
Andalucía,CCAA,2020,Mujeres,55_plus,23932.81,0,0,INE_EES_28201,1,0,
Andalucía,CCAA,2021,Mujeres,55_plus,24887.27,0,0,INE_EES_28201,1,0,
Andalucía,CCAA,2022,Mujeres,55_plus,25905.2,0,0,INE_EES_28201,1,0,
Andalucía,CCAA,2023,Mujeres,55_plus,27592.47,0,0,INE_EES_28201,1,0,
Andalucía,CCAA,2010,Mujeres,all_ages,17921.33,0,0,INE_EES_28201,1,0,
Andalucía,CCAA,2011,Mujeres,all_ages,18389.21,0,0,INE_EES_28201,1,0,
Andalucía,CCAA,2012,Mujeres,all_ages,17828.44,0,0,INE_EES_28201,1,0,
Andalucía,CCAA,2013,Mujeres,all_ages,17690.19,0,0,INE_EES_28201,1,0,
Andalucía,CCAA,2014,Mujeres,all_ages,17576.13,0,0,INE_EES_28201,1,0,
Andalucía,CCAA,2015,Mujeres,all_ages,18340.96,0,0,INE_EES_28201,1,0,
Andalucía,CCAA,2016,Mujeres,all_ages,18177.37,0,0,INE_EES_28201,1,0,
Andalucía,CCAA,2017,Mujeres,all_ages,18287.29,0,0,INE_EES_28201,1,0,
Andalucía,CCAA,2018,Mujeres,all_ages,18672.11,0,0,INE_EES_28201,1,0,
Andalucía,CCAA,2019,Mujeres,all_ages,19391.52,0,0,INE_EES_28201,1,0,
Andalucía,CCAA,2020,Mujeres,all_ages,19517.52,0,0,INE_EES_28201,1,0,
Andalucía,CCAA,2021,Mujeres,all_ages,20427.8,0,0,INE_EES_28201,1,0,
Andalucía,CCAA,2022,Mujeres,all_ages,21729.48,0,0,INE_EES_28201,1,0,
Andalucía,CCAA,2023,Mujeres,all_ages,22714.95,0,0,INE_EES_28201,1,0,
Andalucía,CCAA,2010,Mujeres,lt_25,9803.97,0,1,INE_EES_28201,1,0,
Andalucía,CCAA,2011,Mujeres,lt_25,9703.81,0,1,INE_EES_28201,1,0,
Andalucía,CCAA,2012,Mujeres,lt_25,10164.88,0,1,INE_EES_28201,1,0,
Andalucía,CCAA,2013,Mujeres,lt_25,8368.81,0,1,INE_EES_28201,1,0,
Andalucía,CCAA,2014,Mujeres,lt_25,8716.88,0,1,INE_EES_28201,1,0,
Andalucía,CCAA,2015,Mujeres,lt_25,7772.47,0,1,INE_EES_28201,1,0,
Andalucía,CCAA,2016,Mujeres,lt_25,7817.19,0,1,INE_EES_28201,1,0,
Andalucía,CCAA,2017,Mujeres,lt_25,9206.05,0,1,INE_EES_28201,1,0,
Andalucía,CCAA,2018,Mujeres,lt_25,9211.37,0,1,INE_EES_28201,1,0,
Andalucía,CCAA,2019,Mujeres,lt_25,10615.13,0,1,INE_EES_28201,1,0,
Andalucía,CCAA,2020,Mujeres,lt_25,10674.17,0,1,INE_EES_28201,1,0,
Andalucía,CCAA,2021,Mujeres,lt_25,11646.17,0,1,INE_EES_28201,1,0,
Andalucía,CCAA,2022,Mujeres,lt_25,12055.16,0,1,INE_EES_28201,1,0,
Andalucía,CCAA,2023,Mujeres,lt_25,12785.1,0,1,INE_EES_28201,1,0,
Andalucía,CCAA,2010,Total,25_34,17299.79,0,0,INE_EES_28201,1,0,
Andalucía,CCAA,2011,Total,25_34,16969.88,0,0,INE_EES_28201,1,0,
Andalucía,CCAA,2012,Total,25_34,16476.61,0,0,INE_EES_28201,1,0,
Andalucía,CCAA,2013,Total,25_34,15480.24,0,0,INE_EES_28201,1,0,
Andalucía,CCAA,2014,Total,25_34,15996.71,0,0,INE_EES_28201,1,0,
Andalucía,CCAA,2015,Total,25_34,15910.78,0,0,INE_EES_28201,1,0,
Andalucía,CCAA,2016,Total,25_34,15768.58,0,0,INE_EES_28201,1,0,
Andalucía,CCAA,2017,Total,25_34,15899.01,0,0,INE_EES_28201,1,0,
Andalucía,CCAA,2018,Total,25_34,16293.48,0,0,INE_EES_28201,1,0,
Andalucía,CCAA,2019,Total,25_34,16509.01,0,0,INE_EES_28201,1,0,
Andalucía,CCAA,2020,Total,25_34,16643.35,0,0,INE_EES_28201,1,0,
Andalucía,CCAA,2021,Total,25_34,17630.72,0,0,INE_EES_28201,1,0,
Andalucía,CCAA,2022,Total,25_34,19414.02,0,0,INE_EES_28201,1,0,
Andalucía,CCAA,2023,Total,25_34,19963.02,0,0,INE_EES_28201,1,0,
Andalucía,CCAA,2010,Total,35_44,21617.34,0,0,INE_EES_28201,1,0,
Andalucía,CCAA,2011,Total,35_44,21693.11,0,0,INE_EES_28201,1,0,
Andalucía,CCAA,2012,Total,35_44,21393.06,0,0,INE_EES_28201,1,0,
Andalucía,CCAA,2013,Total,35_44,20980.48,0,0,INE_EES_28201,1,0,
Andalucía,CCAA,2014,Total,35_44,21256.42,0,0,INE_EES_28201,1,0,
Andalucía,CCAA,2015,Total,35_44,21004.85,0,0,INE_EES_28201,1,0,
Andalucía,CCAA,2016,Total,35_44,20651.87,0,0,INE_EES_28201,1,0,
Andalucía,CCAA,2017,Total,35_44,20720.14,0,0,INE_EES_28201,1,0,
Andalucía,CCAA,2018,Total,35_44,21623.12,0,0,INE_EES_28201,1,0,
Andalucía,CCAA,2019,Total,35_44,21634.39,0,0,INE_EES_28201,1,0,
Andalucía,CCAA,2020,Total,35_44,21661.47,0,0,INE_EES_28201,1,0,
Andalucía,CCAA,2021,Total,35_44,21963.74,0,0,INE_EES_28201,1,0,
Andalucía,CCAA,2022,Total,35_44,22840.6,0,0,INE_EES_28201,1,0,
Andalucía,CCAA,2023,Total,35_44,23837.31,0,0,INE_EES_28201,1,0,
Andalucía,CCAA,2010,Total,45_54,24762.06,0,0,INE_EES_28201,1,0,
Andalucía,CCAA,2011,Total,45_54,25184.46,0,0,INE_EES_28201,1,0,
Andalucía,CCAA,2012,Total,45_54,23736.62,0,0,INE_EES_28201,1,0,
Andalucía,CCAA,2013,Total,45_54,23307.16,0,0,INE_EES_28201,1,0,
Andalucía,CCAA,2014,Total,45_54,24689.43,0,0,INE_EES_28201,1,0,
Andalucía,CCAA,2015,Total,45_54,23954.65,0,0,INE_EES_28201,1,0,
Andalucía,CCAA,2016,Total,45_54,23770.4,0,0,INE_EES_28201,1,0,
Andalucía,CCAA,2017,Total,45_54,23983.48,0,0,INE_EES_28201,1,0,
Andalucía,CCAA,2018,Total,45_54,24444.08,0,0,INE_EES_28201,1,0,
Andalucía,CCAA,2019,Total,45_54,24337.25,0,0,INE_EES_28201,1,0,
Andalucía,CCAA,2020,Total,45_54,24589.9,0,0,INE_EES_28201,1,0,
Andalucía,CCAA,2021,Total,45_54,25423.1,0,0,INE_EES_28201,1,0,
Andalucía,CCAA,2022,Total,45_54,26622.44,0,0,INE_EES_28201,1,0,
Andalucía,CCAA,2023,Total,45_54,28000.81,0,0,INE_EES_28201,1,0,
Andalucía,CCAA,2010,Total,55_plus,27066.19,0,0,INE_EES_28201,1,0,
Andalucía,CCAA,2011,Total,55_plus,27154.13,0,0,INE_EES_28201,1,0,
Andalucía,CCAA,2012,Total,55_plus,25331.3,0,0,INE_EES_28201,1,0,
Andalucía,CCAA,2013,Total,55_plus,26521.85,0,0,INE_EES_28201,1,0,
Andalucía,CCAA,2014,Total,55_plus,24780.3,0,0,INE_EES_28201,1,0,
Andalucía,CCAA,2015,Total,55_plus,26707.28,0,0,INE_EES_28201,1,0,
Andalucía,CCAA,2016,Total,55_plus,26204.94,0,0,INE_EES_28201,1,0,
Andalucía,CCAA,2017,Total,55_plus,25807.98,0,0,INE_EES_28201,1,0,
Andalucía,CCAA,2018,Total,55_plus,27473.06,0,0,INE_EES_28201,1,0,
Andalucía,CCAA,2019,Total,55_plus,27297.2,0,0,INE_EES_28201,1,0,
Andalucía,CCAA,2020,Total,55_plus,27001.63,0,0,INE_EES_28201,1,0,
Andalucía,CCAA,2021,Total,55_plus,27410.16,0,0,INE_EES_28201,1,0,
Andalucía,CCAA,2022,Total,55_plus,28772.52,0,0,INE_EES_28201,1,0,
Andalucía,CCAA,2023,Total,55_plus,29605.01,0,0,INE_EES_28201,1,0,
Andalucía,CCAA,2010,Total,all_ages,20964.36,0,0,INE_EES_28201,1,0,
Andalucía,CCAA,2011,Total,all_ages,21350.98,0,0,INE_EES_28201,1,0,
Andalucía,CCAA,2012,Total,all_ages,20891.63,0,0,INE_EES_28201,1,0,
Andalucía,CCAA,2013,Total,all_ages,20782.03,0,0,INE_EES_28201,1,0,
Andalucía,CCAA,2014,Total,all_ages,20840.3,0,0,INE_EES_28201,1,0,
Andalucía,CCAA,2015,Total,all_ages,21381.03,0,0,INE_EES_28201,1,0,
Andalucía,CCAA,2016,Total,all_ages,21268.41,0,0,INE_EES_28201,1,0,
Andalucía,CCAA,2017,Total,all_ages,21404.28,0,0,INE_EES_28201,1,0,
Andalucía,CCAA,2018,Total,all_ages,21805.92,0,0,INE_EES_28201,1,0,
Andalucía,CCAA,2019,Total,all_ages,22060.99,0,0,INE_EES_28201,1,0,
Andalucía,CCAA,2020,Total,all_ages,22323.85,0,0,INE_EES_28201,1,0,
Andalucía,CCAA,2021,Total,all_ages,23154.99,0,0,INE_EES_28201,1,0,
Andalucía,CCAA,2022,Total,all_ages,24094.32,0,0,INE_EES_28201,1,0,
Andalucía,CCAA,2023,Total,all_ages,25051.51,0,0,INE_EES_28201,1,0,
Andalucía,CCAA,2010,Total,lt_25,11617.72,0,0,INE_EES_28201,1,0,
Andalucía,CCAA,2011,Total,lt_25,11059.79,0,0,INE_EES_28201,1,0,
Andalucía,CCAA,2012,Total,lt_25,10543.85,0,0,INE_EES_28201,1,0,
Andalucía,CCAA,2013,Total,lt_25,9672.48,0,1,INE_EES_28201,1,0,
Andalucía,CCAA,2014,Total,lt_25,10002.97,0,1,INE_EES_28201,1,0,
Andalucía,CCAA,2015,Total,lt_25,10114.22,0,1,INE_EES_28201,1,0,
Andalucía,CCAA,2016,Total,lt_25,10237.29,0,1,INE_EES_28201,1,0,
Andalucía,CCAA,2017,Total,lt_25,11077.23,0,1,INE_EES_28201,1,0,
Andalucía,CCAA,2018,Total,lt_25,11235.7,0,0,INE_EES_28201,1,0,
Andalucía,CCAA,2019,Total,lt_25,11639.2,0,0,INE_EES_28201,1,0,
Andalucía,CCAA,2020,Total,lt_25,11313.88,0,1,INE_EES_28201,1,0,
Andalucía,CCAA,2021,Total,lt_25,12589.64,0,0,INE_EES_28201,1,0,
Andalucía,CCAA,2022,Total,lt_25,14283.8,0,0,INE_EES_28201,1,0,
Andalucía,CCAA,2023,Total,lt_25,13789.68,0,0,INE_EES_28201,1,0,
Aragón,CCAA,2010,Hombres,25_34,20775.24,0,0,INE_EES_28201,1,0,
Aragón,CCAA,2011,Hombres,25_34,21398.67,0,0,INE_EES_28201,1,0,
Aragón,CCAA,2012,Hombres,25_34,20655.24,0,0,INE_EES_28201,1,0,
Aragón,CCAA,2013,Hombres,25_34,19601.46,0,0,INE_EES_28201,1,0,
Aragón,CCAA,2014,Hombres,25_34,20795.31,0,0,INE_EES_28201,1,0,
Aragón,CCAA,2015,Hombres,25_34,19780.47,0,0,INE_EES_28201,1,0,
Aragón,CCAA,2016,Hombres,25_34,19000.13,0,0,INE_EES_28201,1,0,
Aragón,CCAA,2017,Hombres,25_34,19311.0,0,0,INE_EES_28201,1,0,
Aragón,CCAA,2018,Hombres,25_34,20901.96,0,0,INE_EES_28201,1,0,
Aragón,CCAA,2019,Hombres,25_34,20855.99,0,0,INE_EES_28201,1,0,
Aragón,CCAA,2020,Hombres,25_34,20661.45,0,0,INE_EES_28201,1,0,
Aragón,CCAA,2021,Hombres,25_34,21296.45,0,0,INE_EES_28201,1,0,
Aragón,CCAA,2022,Hombres,25_34,23114.14,0,0,INE_EES_28201,1,0,
Aragón,CCAA,2023,Hombres,25_34,23153.67,0,0,INE_EES_28201,1,0,
Aragón,CCAA,2010,Hombres,35_44,25694.69,0,0,INE_EES_28201,1,0,
Aragón,CCAA,2011,Hombres,35_44,25840.25,0,0,INE_EES_28201,1,0,
Aragón,CCAA,2012,Hombres,35_44,26367.2,0,0,INE_EES_28201,1,0,
Aragón,CCAA,2013,Hombres,35_44,25978.13,0,0,INE_EES_28201,1,0,
Aragón,CCAA,2014,Hombres,35_44,25330.88,0,0,INE_EES_28201,1,0,
Aragón,CCAA,2015,Hombres,35_44,25374.85,0,0,INE_EES_28201,1,0,
Aragón,CCAA,2016,Hombres,35_44,25949.13,0,0,INE_EES_28201,1,0,
Aragón,CCAA,2017,Hombres,35_44,26185.16,0,0,INE_EES_28201,1,0,
Aragón,CCAA,2018,Hombres,35_44,26567.78,0,0,INE_EES_28201,1,0,
Aragón,CCAA,2019,Hombres,35_44,26766.85,0,0,INE_EES_28201,1,0,
Aragón,CCAA,2020,Hombres,35_44,27061.99,0,0,INE_EES_28201,1,0,
Aragón,CCAA,2021,Hombres,35_44,27767.97,0,0,INE_EES_28201,1,0,
Aragón,CCAA,2022,Hombres,35_44,28646.81,0,0,INE_EES_28201,1,0,
Aragón,CCAA,2023,Hombres,35_44,29167.92,0,0,INE_EES_28201,1,0,
Aragón,CCAA,2010,Hombres,45_54,29952.58,0,0,INE_EES_28201,1,0,
Aragón,CCAA,2011,Hombres,45_54,29665.6,0,0,INE_EES_28201,1,0,
Aragón,CCAA,2012,Hombres,45_54,28309.71,0,0,INE_EES_28201,1,0,
Aragón,CCAA,2013,Hombres,45_54,28024.36,0,0,INE_EES_28201,1,0,
Aragón,CCAA,2014,Hombres,45_54,28795.57,0,0,INE_EES_28201,1,0,
Aragón,CCAA,2015,Hombres,45_54,27876.15,0,0,INE_EES_28201,1,0,
Aragón,CCAA,2016,Hombres,45_54,27781.74,0,0,INE_EES_28201,1,0,
Aragón,CCAA,2017,Hombres,45_54,28846.88,0,0,INE_EES_28201,1,0,
Aragón,CCAA,2018,Hombres,45_54,28268.27,0,0,INE_EES_28201,1,0,
Aragón,CCAA,2019,Hombres,45_54,29548.53,0,0,INE_EES_28201,1,0,
Aragón,CCAA,2020,Hombres,45_54,28667.75,0,0,INE_EES_28201,1,0,
Aragón,CCAA,2021,Hombres,45_54,29525.22,0,0,INE_EES_28201,1,0,
Aragón,CCAA,2022,Hombres,45_54,31728.78,0,0,INE_EES_28201,1,0,
Aragón,CCAA,2023,Hombres,45_54,32609.66,0,0,INE_EES_28201,1,0,
Aragón,CCAA,2010,Hombres,55_plus,27397.46,0,0,INE_EES_28201,1,0,
Aragón,CCAA,2011,Hombres,55_plus,26361.37,0,0,INE_EES_28201,1,0,
Aragón,CCAA,2012,Hombres,55_plus,27974.46,0,0,INE_EES_28201,1,0,
Aragón,CCAA,2013,Hombres,55_plus,27201.16,0,0,INE_EES_28201,1,0,
Aragón,CCAA,2014,Hombres,55_plus,26884.34,0,0,INE_EES_28201,1,0,
Aragón,CCAA,2015,Hombres,55_plus,28933.73,0,0,INE_EES_28201,1,0,
Aragón,CCAA,2016,Hombres,55_plus,28528.62,0,0,INE_EES_28201,1,0,
Aragón,CCAA,2017,Hombres,55_plus,28345.03,0,0,INE_EES_28201,1,0,
Aragón,CCAA,2018,Hombres,55_plus,30986.33,0,0,INE_EES_28201,1,0,
Aragón,CCAA,2019,Hombres,55_plus,29545.05,0,0,INE_EES_28201,1,0,
Aragón,CCAA,2020,Hombres,55_plus,29017.9,0,0,INE_EES_28201,1,0,
Aragón,CCAA,2021,Hombres,55_plus,29624.74,0,0,INE_EES_28201,1,0,
Aragón,CCAA,2022,Hombres,55_plus,31458.6,0,0,INE_EES_28201,1,0,
Aragón,CCAA,2023,Hombres,55_plus,32266.97,0,0,INE_EES_28201,1,0,
Aragón,CCAA,2010,Hombres,all_ages,25263.29,0,0,INE_EES_28201,1,0,
Aragón,CCAA,2011,Hombres,all_ages,25258.68,0,0,INE_EES_28201,1,0,
Aragón,CCAA,2012,Hombres,all_ages,25766.27,0,0,INE_EES_28201,1,0,
Aragón,CCAA,2013,Hombres,all_ages,25128.91,0,0,INE_EES_28201,1,0,
Aragón,CCAA,2014,Hombres,all_ages,25118.61,0,0,INE_EES_28201,1,0,
Aragón,CCAA,2015,Hombres,all_ages,25555.56,0,0,INE_EES_28201,1,0,
Aragón,CCAA,2016,Hombres,all_ages,25326.91,0,0,INE_EES_28201,1,0,
Aragón,CCAA,2017,Hombres,all_ages,25878.46,0,0,INE_EES_28201,1,0,
Aragón,CCAA,2018,Hombres,all_ages,26640.59,0,0,INE_EES_28201,1,0,
Aragón,CCAA,2019,Hombres,all_ages,26404.73,0,0,INE_EES_28201,1,0,
Aragón,CCAA,2020,Hombres,all_ages,26505.7,0,0,INE_EES_28201,1,0,
Aragón,CCAA,2021,Hombres,all_ages,27389.18,0,0,INE_EES_28201,1,0,
Aragón,CCAA,2022,Hombres,all_ages,28789.96,0,0,INE_EES_28201,1,0,
Aragón,CCAA,2023,Hombres,all_ages,29589.45,0,0,INE_EES_28201,1,0,
Aragón,CCAA,2010,Hombres,lt_25,15317.69,0,1,INE_EES_28201,1,0,
Aragón,CCAA,2011,Hombres,lt_25,13122.93,0,1,INE_EES_28201,1,0,
Aragón,CCAA,2012,Hombres,lt_25,13683.92,0,1,INE_EES_28201,1,0,
Aragón,CCAA,2013,Hombres,lt_25,12047.2,0,1,INE_EES_28201,1,0,
Aragón,CCAA,2014,Hombres,lt_25,12437.44,0,1,INE_EES_28201,1,0,
Aragón,CCAA,2015,Hombres,lt_25,13473.73,0,1,INE_EES_28201,1,0,
Aragón,CCAA,2016,Hombres,lt_25,13422.275,1,0,INE_EES_28201,0,1,linear_interpolation
Aragón,CCAA,2017,Hombres,lt_25,13370.82,0,1,INE_EES_28201,1,0,
Aragón,CCAA,2018,Hombres,lt_25,15141.79,0,1,INE_EES_28201,1,0,
Aragón,CCAA,2019,Hombres,lt_25,12037.13,0,1,INE_EES_28201,1,0,
Aragón,CCAA,2020,Hombres,lt_25,13465.89,0,1,INE_EES_28201,1,0,
Aragón,CCAA,2021,Hombres,lt_25,14022.7,0,1,INE_EES_28201,1,0,
Aragón,CCAA,2022,Hombres,lt_25,16855.85,0,1,INE_EES_28201,1,0,
Aragón,CCAA,2023,Hombres,lt_25,16702.15,0,1,INE_EES_28201,1,0,
Aragón,CCAA,2010,Mujeres,25_34,18001.02,0,0,INE_EES_28201,1,0,
Aragón,CCAA,2011,Mujeres,25_34,17414.34,0,0,INE_EES_28201,1,0,
Aragón,CCAA,2012,Mujeres,25_34,15457.95,0,0,INE_EES_28201,1,0,
Aragón,CCAA,2013,Mujeres,25_34,15197.88,0,0,INE_EES_28201,1,0,
Aragón,CCAA,2014,Mujeres,25_34,17036.73,0,0,INE_EES_28201,1,0,
Aragón,CCAA,2015,Mujeres,25_34,15630.45,0,0,INE_EES_28201,1,0,
Aragón,CCAA,2016,Mujeres,25_34,15304.09,0,0,INE_EES_28201,1,0,
Aragón,CCAA,2017,Mujeres,25_34,16963.09,0,0,INE_EES_28201,1,0,
Aragón,CCAA,2018,Mujeres,25_34,17556.22,0,0,INE_EES_28201,1,0,
Aragón,CCAA,2019,Mujeres,25_34,17204.38,0,0,INE_EES_28201,1,0,
Aragón,CCAA,2020,Mujeres,25_34,16950.55,0,0,INE_EES_28201,1,0,
Aragón,CCAA,2021,Mujeres,25_34,17740.47,0,0,INE_EES_28201,1,0,
Aragón,CCAA,2022,Mujeres,25_34,19812.1,0,0,INE_EES_28201,1,0,
Aragón,CCAA,2023,Mujeres,25_34,19945.28,0,0,INE_EES_28201,1,0,
Aragón,CCAA,2010,Mujeres,35_44,18762.13,0,0,INE_EES_28201,1,0,
Aragón,CCAA,2011,Mujeres,35_44,19453.08,0,0,INE_EES_28201,1,0,
Aragón,CCAA,2012,Mujeres,35_44,19075.27,0,0,INE_EES_28201,1,0,
Aragón,CCAA,2013,Mujeres,35_44,18840.13,0,0,INE_EES_28201,1,0,
Aragón,CCAA,2014,Mujeres,35_44,19331.33,0,0,INE_EES_28201,1,0,
Aragón,CCAA,2015,Mujeres,35_44,19044.15,0,0,INE_EES_28201,1,0,
Aragón,CCAA,2016,Mujeres,35_44,19137.6,0,0,INE_EES_28201,1,0,
Aragón,CCAA,2017,Mujeres,35_44,20229.49,0,0,INE_EES_28201,1,0,
Aragón,CCAA,2018,Mujeres,35_44,19859.88,0,0,INE_EES_28201,1,0,
Aragón,CCAA,2019,Mujeres,35_44,21600.36,0,0,INE_EES_28201,1,0,
Aragón,CCAA,2020,Mujeres,35_44,21949.04,0,0,INE_EES_28201,1,0,
Aragón,CCAA,2021,Mujeres,35_44,22224.84,0,0,INE_EES_28201,1,0,
Aragón,CCAA,2022,Mujeres,35_44,22754.28,0,0,INE_EES_28201,1,0,
Aragón,CCAA,2023,Mujeres,35_44,23342.55,0,0,INE_EES_28201,1,0,
Aragón,CCAA,2010,Mujeres,45_54,20588.79,0,0,INE_EES_28201,1,0,
Aragón,CCAA,2011,Mujeres,45_54,20601.92,0,0,INE_EES_28201,1,0,
Aragón,CCAA,2012,Mujeres,45_54,19593.3,0,0,INE_EES_28201,1,0,
Aragón,CCAA,2013,Mujeres,45_54,21121.57,0,0,INE_EES_28201,1,0,
Aragón,CCAA,2014,Mujeres,45_54,19780.84,0,0,INE_EES_28201,1,0,
Aragón,CCAA,2015,Mujeres,45_54,20219.09,0,0,INE_EES_28201,1,0,
Aragón,CCAA,2016,Mujeres,45_54,20420.11,0,0,INE_EES_28201,1,0,
Aragón,CCAA,2017,Mujeres,45_54,20816.87,0,0,INE_EES_28201,1,0,
Aragón,CCAA,2018,Mujeres,45_54,21400.17,0,0,INE_EES_28201,1,0,
Aragón,CCAA,2019,Mujeres,45_54,21461.01,0,0,INE_EES_28201,1,0,
Aragón,CCAA,2020,Mujeres,45_54,23109.93,0,0,INE_EES_28201,1,0,
Aragón,CCAA,2021,Mujeres,45_54,23591.4,0,0,INE_EES_28201,1,0,
Aragón,CCAA,2022,Mujeres,45_54,24947.32,0,0,INE_EES_28201,1,0,
Aragón,CCAA,2023,Mujeres,45_54,25563.91,0,0,INE_EES_28201,1,0,
Aragón,CCAA,2010,Mujeres,55_plus,21376.93,0,1,INE_EES_28201,1,0,
Aragón,CCAA,2011,Mujeres,55_plus,19300.56,0,1,INE_EES_28201,1,0,
Aragón,CCAA,2012,Mujeres,55_plus,19269.87,0,0,INE_EES_28201,1,0,
Aragón,CCAA,2013,Mujeres,55_plus,20015.94,0,0,INE_EES_28201,1,0,
Aragón,CCAA,2014,Mujeres,55_plus,20751.73,0,1,INE_EES_28201,1,0,
Aragón,CCAA,2015,Mujeres,55_plus,21558.86,0,0,INE_EES_28201,1,0,
Aragón,CCAA,2016,Mujeres,55_plus,20424.85,0,0,INE_EES_28201,1,0,
Aragón,CCAA,2017,Mujeres,55_plus,21054.67,0,0,INE_EES_28201,1,0,
Aragón,CCAA,2018,Mujeres,55_plus,22139.65,0,0,INE_EES_28201,1,0,
Aragón,CCAA,2019,Mujeres,55_plus,21556.21,0,0,INE_EES_28201,1,0,
Aragón,CCAA,2020,Mujeres,55_plus,22595.87,0,0,INE_EES_28201,1,0,
Aragón,CCAA,2021,Mujeres,55_plus,23883.3,0,0,INE_EES_28201,1,0,
Aragón,CCAA,2022,Mujeres,55_plus,25387.35,0,0,INE_EES_28201,1,0,
Aragón,CCAA,2023,Mujeres,55_plus,26127.28,0,0,INE_EES_28201,1,0,
Aragón,CCAA,2010,Mujeres,all_ages,18843.25,0,0,INE_EES_28201,1,0,
Aragón,CCAA,2011,Mujeres,all_ages,18831.38,0,0,INE_EES_28201,1,0,
Aragón,CCAA,2012,Mujeres,all_ages,18042.28,0,0,INE_EES_28201,1,0,
Aragón,CCAA,2013,Mujeres,all_ages,18701.61,0,0,INE_EES_28201,1,0,
Aragón,CCAA,2014,Mujeres,all_ages,18764.63,0,0,INE_EES_28201,1,0,
Aragón,CCAA,2015,Mujeres,all_ages,18950.17,0,0,INE_EES_28201,1,0,
Aragón,CCAA,2016,Mujeres,all_ages,18766.21,0,0,INE_EES_28201,1,0,
Aragón,CCAA,2017,Mujeres,all_ages,19677.22,0,0,INE_EES_28201,1,0,
Aragón,CCAA,2018,Mujeres,all_ages,20074.25,0,0,INE_EES_28201,1,0,
Aragón,CCAA,2019,Mujeres,all_ages,20360.25,0,0,INE_EES_28201,1,0,
Aragón,CCAA,2020,Mujeres,all_ages,21365.11,0,0,INE_EES_28201,1,0,
Aragón,CCAA,2021,Mujeres,all_ages,22283.81,0,0,INE_EES_28201,1,0,
Aragón,CCAA,2022,Mujeres,all_ages,23138.72,0,0,INE_EES_28201,1,0,
Aragón,CCAA,2023,Mujeres,all_ages,23925.28,0,0,INE_EES_28201,1,0,
Aragón,CCAA,2010,Mujeres,lt_25,12044.62,0,1,INE_EES_28201,1,0,
Aragón,CCAA,2011,Mujeres,lt_25,9869.74,0,1,INE_EES_28201,1,0,
Aragón,CCAA,2012,Mujeres,lt_25,10068.74,1,0,INE_EES_28201,0,1,linear_interpolation
Aragón,CCAA,2013,Mujeres,lt_25,10267.74,1,0,INE_EES_28201,0,1,linear_interpolation
Aragón,CCAA,2014,Mujeres,lt_25,10466.74,0,1,INE_EES_28201,1,0,
Aragón,CCAA,2015,Mujeres,lt_25,9673.186597065385,1,0,INE_EES_28201,0,1,national_growth_forward
Aragón,CCAA,2016,Mujeres,lt_25,9626.092222342842,1,0,INE_EES_28201,0,1,national_growth_forward
Aragón,CCAA,2017,Mujeres,lt_25,10077.536747634453,1,0,INE_EES_28201,0,1,national_growth_forward
Aragón,CCAA,2018,Mujeres,lt_25,9739.92,0,1,INE_EES_28201,1,0,
Aragón,CCAA,2019,Mujeres,lt_25,10073.147390523134,1,0,INE_EES_28201,0,1,national_growth_forward
Aragón,CCAA,2020,Mujeres,lt_25,10281.820497232164,1,0,INE_EES_28201,0,1,national_growth_forward
Aragón,CCAA,2021,Mujeres,lt_25,10432.167470162996,1,0,INE_EES_28201,0,1,national_growth_forward
Aragón,CCAA,2022,Mujeres,lt_25,13305.2,0,1,INE_EES_28201,1,0,
Aragón,CCAA,2023,Mujeres,lt_25,13170.04,0,1,INE_EES_28201,1,0,
Aragón,CCAA,2010,Total,25_34,19439.64,0,0,INE_EES_28201,1,0,
Aragón,CCAA,2011,Total,25_34,19458.75,0,0,INE_EES_28201,1,0,
Aragón,CCAA,2012,Total,25_34,17924.69,0,0,INE_EES_28201,1,0,
Aragón,CCAA,2013,Total,25_34,17444.21,0,0,INE_EES_28201,1,0,
Aragón,CCAA,2014,Total,25_34,18869.59,0,0,INE_EES_28201,1,0,
Aragón,CCAA,2015,Total,25_34,17607.52,0,0,INE_EES_28201,1,0,
Aragón,CCAA,2016,Total,25_34,17278.07,0,0,INE_EES_28201,1,0,
Aragón,CCAA,2017,Total,25_34,18262.59,0,0,INE_EES_28201,1,0,
Aragón,CCAA,2018,Total,25_34,19306.31,0,0,INE_EES_28201,1,0,
Aragón,CCAA,2019,Total,25_34,19006.76,0,0,INE_EES_28201,1,0,
Aragón,CCAA,2020,Total,25_34,18919.42,0,0,INE_EES_28201,1,0,
Aragón,CCAA,2021,Total,25_34,19605.12,0,0,INE_EES_28201,1,0,
Aragón,CCAA,2022,Total,25_34,21580.16,0,0,INE_EES_28201,1,0,
Aragón,CCAA,2023,Total,25_34,21623.9,0,0,INE_EES_28201,1,0,
Aragón,CCAA,2010,Total,35_44,22415.45,0,0,INE_EES_28201,1,0,
Aragón,CCAA,2011,Total,35_44,22803.86,0,0,INE_EES_28201,1,0,
Aragón,CCAA,2012,Total,35_44,22902.95,0,0,INE_EES_28201,1,0,
Aragón,CCAA,2013,Total,35_44,22461.45,0,0,INE_EES_28201,1,0,
Aragón,CCAA,2014,Total,35_44,22533.8,0,0,INE_EES_28201,1,0,
Aragón,CCAA,2015,Total,35_44,22203.58,0,0,INE_EES_28201,1,0,
Aragón,CCAA,2016,Total,35_44,22639.27,0,0,INE_EES_28201,1,0,
Aragón,CCAA,2017,Total,35_44,23421.15,0,0,INE_EES_28201,1,0,
Aragón,CCAA,2018,Total,35_44,23440.62,0,0,INE_EES_28201,1,0,
Aragón,CCAA,2019,Total,35_44,24333.35,0,0,INE_EES_28201,1,0,
Aragón,CCAA,2020,Total,35_44,24621.99,0,0,INE_EES_28201,1,0,
Aragón,CCAA,2021,Total,35_44,25193.77,0,0,INE_EES_28201,1,0,
Aragón,CCAA,2022,Total,35_44,25753.03,0,0,INE_EES_28201,1,0,
Aragón,CCAA,2023,Total,35_44,26359.32,0,0,INE_EES_28201,1,0,
Aragón,CCAA,2010,Total,45_54,25827.47,0,0,INE_EES_28201,1,0,
Aragón,CCAA,2011,Total,45_54,25622.57,0,0,INE_EES_28201,1,0,
Aragón,CCAA,2012,Total,45_54,24250.05,0,0,INE_EES_28201,1,0,
Aragón,CCAA,2013,Total,45_54,24693.66,0,0,INE_EES_28201,1,0,
Aragón,CCAA,2014,Total,45_54,24308.7,0,0,INE_EES_28201,1,0,
Aragón,CCAA,2015,Total,45_54,24288.67,0,0,INE_EES_28201,1,0,
Aragón,CCAA,2016,Total,45_54,24474.72,0,0,INE_EES_28201,1,0,
Aragón,CCAA,2017,Total,45_54,25198.19,0,0,INE_EES_28201,1,0,
Aragón,CCAA,2018,Total,45_54,25022.93,0,0,INE_EES_28201,1,0,
Aragón,CCAA,2019,Total,45_54,25677.53,0,0,INE_EES_28201,1,0,
Aragón,CCAA,2020,Total,45_54,26123.06,0,0,INE_EES_28201,1,0,
Aragón,CCAA,2021,Total,45_54,26732.61,0,0,INE_EES_28201,1,0,
Aragón,CCAA,2022,Total,45_54,28473.89,0,0,INE_EES_28201,1,0,
Aragón,CCAA,2023,Total,45_54,29160.28,0,0,INE_EES_28201,1,0,
Aragón,CCAA,2010,Total,55_plus,25090.06,0,0,INE_EES_28201,1,0,
Aragón,CCAA,2011,Total,55_plus,23571.02,0,0,INE_EES_28201,1,0,
Aragón,CCAA,2012,Total,55_plus,24454.08,0,0,INE_EES_28201,1,0,
Aragón,CCAA,2013,Total,55_plus,24037.89,0,0,INE_EES_28201,1,0,
Aragón,CCAA,2014,Total,55_plus,24450.43,0,0,INE_EES_28201,1,0,
Aragón,CCAA,2015,Total,55_plus,25463.9,0,0,INE_EES_28201,1,0,
Aragón,CCAA,2016,Total,55_plus,24695.82,0,0,INE_EES_28201,1,0,
Aragón,CCAA,2017,Total,55_plus,25057.99,0,0,INE_EES_28201,1,0,
Aragón,CCAA,2018,Total,55_plus,26713.63,0,0,INE_EES_28201,1,0,
Aragón,CCAA,2019,Total,55_plus,25908.96,0,0,INE_EES_28201,1,0,
Aragón,CCAA,2020,Total,55_plus,26000.11,0,0,INE_EES_28201,1,0,
Aragón,CCAA,2021,Total,55_plus,26903.66,0,0,INE_EES_28201,1,0,
Aragón,CCAA,2022,Total,55_plus,28313.12,0,0,INE_EES_28201,1,0,
Aragón,CCAA,2023,Total,55_plus,29161.78,0,0,INE_EES_28201,1,0,
Aragón,CCAA,2010,Total,all_ages,22316.69,0,0,INE_EES_28201,1,0,
Aragón,CCAA,2011,Total,all_ages,22333.53,0,0,INE_EES_28201,1,0,
Aragón,CCAA,2012,Total,all_ages,22103.79,0,0,INE_EES_28201,1,0,
Aragón,CCAA,2013,Total,all_ages,22054.85,0,0,INE_EES_28201,1,0,
Aragón,CCAA,2014,Total,all_ages,22095.79,0,0,INE_EES_28201,1,0,
Aragón,CCAA,2015,Total,all_ages,22327.18,0,0,INE_EES_28201,1,0,
Aragón,CCAA,2016,Total,all_ages,22248.76,0,0,INE_EES_28201,1,0,
Aragón,CCAA,2017,Total,all_ages,23039.94,0,0,INE_EES_28201,1,0,
Aragón,CCAA,2018,Total,all_ages,23531.83,0,0,INE_EES_28201,1,0,
Aragón,CCAA,2019,Total,all_ages,23565.09,0,0,INE_EES_28201,1,0,
Aragón,CCAA,2020,Total,all_ages,24113.57,0,0,INE_EES_28201,1,0,
Aragón,CCAA,2021,Total,all_ages,25011.55,0,0,INE_EES_28201,1,0,
Aragón,CCAA,2022,Total,all_ages,26012.71,0,0,INE_EES_28201,1,0,
Aragón,CCAA,2023,Total,all_ages,26822.32,0,0,INE_EES_28201,1,0,
Aragón,CCAA,2010,Total,lt_25,13583.9,0,1,INE_EES_28201,1,0,
Aragón,CCAA,2011,Total,lt_25,11879.36,0,1,INE_EES_28201,1,0,
Aragón,CCAA,2012,Total,lt_25,11156.57,0,1,INE_EES_28201,1,0,
Aragón,CCAA,2013,Total,lt_25,10719.27,0,1,INE_EES_28201,1,0,
Aragón,CCAA,2014,Total,lt_25,11416.78,0,1,INE_EES_28201,1,0,
Aragón,CCAA,2015,Total,lt_25,11816.64,0,1,INE_EES_28201,1,0,
Aragón,CCAA,2016,Total,lt_25,10344.09,0,1,INE_EES_28201,1,0,
Aragón,CCAA,2017,Total,lt_25,11904.29,0,1,INE_EES_28201,1,0,
Aragón,CCAA,2018,Total,lt_25,12596.76,0,1,INE_EES_28201,1,0,
Aragón,CCAA,2019,Total,lt_25,11076.05,0,1,INE_EES_28201,1,0,
Aragón,CCAA,2020,Total,lt_25,12417.2,0,1,INE_EES_28201,1,0,
Aragón,CCAA,2021,Total,lt_25,13898.33,0,1,INE_EES_28201,1,0,
Aragón,CCAA,2022,Total,lt_25,14987.01,0,1,INE_EES_28201,1,0,
Aragón,CCAA,2023,Total,lt_25,15107.68,0,1,INE_EES_28201,1,0,
Asturias,CCAA,2010,Hombres,25_34,21682.78,0,0,INE_EES_28201,1,0,
Asturias,CCAA,2011,Hombres,25_34,20603.7,0,0,INE_EES_28201,1,0,
Asturias,CCAA,2012,Hombres,25_34,20490.83,0,0,INE_EES_28201,1,0,
Asturias,CCAA,2013,Hombres,25_34,19735.01,0,0,INE_EES_28201,1,0,
Asturias,CCAA,2014,Hombres,25_34,20652.07,0,0,INE_EES_28201,1,0,
Asturias,CCAA,2015,Hombres,25_34,21695.5,0,0,INE_EES_28201,1,0,
Asturias,CCAA,2016,Hombres,25_34,20482.63,0,0,INE_EES_28201,1,0,
Asturias,CCAA,2017,Hombres,25_34,21326.17,0,0,INE_EES_28201,1,0,
Asturias,CCAA,2018,Hombres,25_34,20977.27,0,0,INE_EES_28201,1,0,
Asturias,CCAA,2019,Hombres,25_34,21187.26,0,0,INE_EES_28201,1,0,
Asturias,CCAA,2020,Hombres,25_34,22140.04,0,0,INE_EES_28201,1,0,
Asturias,CCAA,2021,Hombres,25_34,21424.28,0,0,INE_EES_28201,1,0,
Asturias,CCAA,2022,Hombres,25_34,22701.6,0,0,INE_EES_28201,1,0,
Asturias,CCAA,2023,Hombres,25_34,23085.95,0,0,INE_EES_28201,1,0,
Asturias,CCAA,2010,Hombres,35_44,25720.26,0,0,INE_EES_28201,1,0,
Asturias,CCAA,2011,Hombres,35_44,25658.42,0,0,INE_EES_28201,1,0,
Asturias,CCAA,2012,Hombres,35_44,24646.55,0,0,INE_EES_28201,1,0,
Asturias,CCAA,2013,Hombres,35_44,25076.66,0,0,INE_EES_28201,1,0,
Asturias,CCAA,2014,Hombres,35_44,25697.65,0,0,INE_EES_28201,1,0,
Asturias,CCAA,2015,Hombres,35_44,26662.74,0,0,INE_EES_28201,1,0,
Asturias,CCAA,2016,Hombres,35_44,26830.03,0,0,INE_EES_28201,1,0,
Asturias,CCAA,2017,Hombres,35_44,28403.54,0,0,INE_EES_28201,1,0,
Asturias,CCAA,2018,Hombres,35_44,27877.51,0,0,INE_EES_28201,1,0,
Asturias,CCAA,2019,Hombres,35_44,29073.15,0,0,INE_EES_28201,1,0,
Asturias,CCAA,2020,Hombres,35_44,27377.26,0,0,INE_EES_28201,1,0,
Asturias,CCAA,2021,Hombres,35_44,27618.79,0,0,INE_EES_28201,1,0,
Asturias,CCAA,2022,Hombres,35_44,29212.25,0,0,INE_EES_28201,1,0,
Asturias,CCAA,2023,Hombres,35_44,28961.98,0,0,INE_EES_28201,1,0,
Asturias,CCAA,2010,Hombres,45_54,28774.36,0,0,INE_EES_28201,1,0,
Asturias,CCAA,2011,Hombres,45_54,29505.26,0,0,INE_EES_28201,1,0,
Asturias,CCAA,2012,Hombres,45_54,29611.39,0,0,INE_EES_28201,1,0,
Asturias,CCAA,2013,Hombres,45_54,29947.39,0,0,INE_EES_28201,1,0,
Asturias,CCAA,2014,Hombres,45_54,27975.58,0,0,INE_EES_28201,1,0,
Asturias,CCAA,2015,Hombres,45_54,28113.85,0,0,INE_EES_28201,1,0,
Asturias,CCAA,2016,Hombres,45_54,29420.15,0,0,INE_EES_28201,1,0,
Asturias,CCAA,2017,Hombres,45_54,29219.75,0,0,INE_EES_28201,1,0,
Asturias,CCAA,2018,Hombres,45_54,30675.6,0,0,INE_EES_28201,1,0,
Asturias,CCAA,2019,Hombres,45_54,30611.86,0,0,INE_EES_28201,1,0,
Asturias,CCAA,2020,Hombres,45_54,30204.52,0,0,INE_EES_28201,1,0,
Asturias,CCAA,2021,Hombres,45_54,31028.09,0,0,INE_EES_28201,1,0,
Asturias,CCAA,2022,Hombres,45_54,32475.46,0,0,INE_EES_28201,1,0,
Asturias,CCAA,2023,Hombres,45_54,34303.41,0,0,INE_EES_28201,1,0,
Asturias,CCAA,2010,Hombres,55_plus,26963.72,0,0,INE_EES_28201,1,0,
Asturias,CCAA,2011,Hombres,55_plus,27037.13,0,0,INE_EES_28201,1,0,
Asturias,CCAA,2012,Hombres,55_plus,25641.23,0,0,INE_EES_28201,1,0,
Asturias,CCAA,2013,Hombres,55_plus,25696.51,0,0,INE_EES_28201,1,0,
Asturias,CCAA,2014,Hombres,55_plus,27816.04,0,0,INE_EES_28201,1,0,
Asturias,CCAA,2015,Hombres,55_plus,28044.05,0,0,INE_EES_28201,1,0,
Asturias,CCAA,2016,Hombres,55_plus,28542.19,0,0,INE_EES_28201,1,0,
Asturias,CCAA,2017,Hombres,55_plus,30074.53,0,0,INE_EES_28201,1,0,
Asturias,CCAA,2018,Hombres,55_plus,30446.36,0,0,INE_EES_28201,1,0,
Asturias,CCAA,2019,Hombres,55_plus,31100.11,0,0,INE_EES_28201,1,0,
Asturias,CCAA,2020,Hombres,55_plus,30154.08,0,0,INE_EES_28201,1,0,
Asturias,CCAA,2021,Hombres,55_plus,30808.12,0,0,INE_EES_28201,1,0,
Asturias,CCAA,2022,Hombres,55_plus,33035.66,0,0,INE_EES_28201,1,0,
Asturias,CCAA,2023,Hombres,55_plus,35419.69,0,0,INE_EES_28201,1,0,
Asturias,CCAA,2010,Hombres,all_ages,25170.79,0,0,INE_EES_28201,1,0,
Asturias,CCAA,2011,Hombres,all_ages,25346.39,0,0,INE_EES_28201,1,0,
Asturias,CCAA,2012,Hombres,all_ages,25048.82,0,0,INE_EES_28201,1,0,
Asturias,CCAA,2013,Hombres,all_ages,25500.04,0,0,INE_EES_28201,1,0,
Asturias,CCAA,2014,Hombres,all_ages,25322.01,0,0,INE_EES_28201,1,0,
Asturias,CCAA,2015,Hombres,all_ages,26514.68,0,0,INE_EES_28201,1,0,
Asturias,CCAA,2016,Hombres,all_ages,27010.87,0,0,INE_EES_28201,1,0,
Asturias,CCAA,2017,Hombres,all_ages,27849.0,0,0,INE_EES_28201,1,0,
Asturias,CCAA,2018,Hombres,all_ages,27912.91,0,0,INE_EES_28201,1,0,
Asturias,CCAA,2019,Hombres,all_ages,28481.75,0,0,INE_EES_28201,1,0,
Asturias,CCAA,2020,Hombres,all_ages,27948.09,0,0,INE_EES_28201,1,0,
Asturias,CCAA,2021,Hombres,all_ages,28399.51,0,0,INE_EES_28201,1,0,
Asturias,CCAA,2022,Hombres,all_ages,29573.74,0,0,INE_EES_28201,1,0,
Asturias,CCAA,2023,Hombres,all_ages,31033.72,0,0,INE_EES_28201,1,0,
Asturias,CCAA,2010,Hombres,lt_25,15889.24,0,1,INE_EES_28201,1,0,
Asturias,CCAA,2011,Hombres,lt_25,13785.27,0,1,INE_EES_28201,1,0,
Asturias,CCAA,2012,Hombres,lt_25,12774.983079017395,1,0,INE_EES_28201,0,1,national_growth_forward
Asturias,CCAA,2013,Hombres,lt_25,12235.31465123397,1,0,INE_EES_28201,0,1,national_growth_forward
Asturias,CCAA,2014,Hombres,lt_25,13455.59565812044,1,0,INE_EES_28201,0,1,national_growth_forward
Asturias,CCAA,2015,Hombres,lt_25,13071.439144113381,1,0,INE_EES_28201,0,1,national_growth_forward
Asturias,CCAA,2016,Hombres,lt_25,12970.976159793521,1,0,INE_EES_28201,0,1,national_growth_forward
Asturias,CCAA,2017,Hombres,lt_25,13422.177966721105,1,0,INE_EES_28201,0,1,national_growth_forward
Asturias,CCAA,2018,Hombres,lt_25,14403.644227973004,1,0,INE_EES_28201,0,1,national_growth_forward
Asturias,CCAA,2019,Hombres,lt_25,13882.867711156541,1,0,INE_EES_28201,0,1,national_growth_forward
Asturias,CCAA,2020,Hombres,lt_25,14466.585778011262,1,0,INE_EES_28201,0,1,national_growth_forward
Asturias,CCAA,2021,Hombres,lt_25,14752.619805557142,1,0,INE_EES_28201,0,1,national_growth_forward
Asturias,CCAA,2022,Hombres,lt_25,14463.93,0,1,INE_EES_28201,1,0,
Asturias,CCAA,2023,Hombres,lt_25,17053.63,0,1,INE_EES_28201,1,0,
Asturias,CCAA,2010,Mujeres,25_34,16443.57,0,0,INE_EES_28201,1,0,
Asturias,CCAA,2011,Mujeres,25_34,15372.19,0,0,INE_EES_28201,1,0,
Asturias,CCAA,2012,Mujeres,25_34,15380.83,0,0,INE_EES_28201,1,0,
Asturias,CCAA,2013,Mujeres,25_34,13910.98,0,0,INE_EES_28201,1,0,
Asturias,CCAA,2014,Mujeres,25_34,14571.25,0,0,INE_EES_28201,1,0,
Asturias,CCAA,2015,Mujeres,25_34,14830.89,0,0,INE_EES_28201,1,0,
Asturias,CCAA,2016,Mujeres,25_34,14647.59,0,1,INE_EES_28201,1,0,
Asturias,CCAA,2017,Mujeres,25_34,14745.51,0,1,INE_EES_28201,1,0,
Asturias,CCAA,2018,Mujeres,25_34,15253.51,0,1,INE_EES_28201,1,0,
Asturias,CCAA,2019,Mujeres,25_34,15536.78,0,1,INE_EES_28201,1,0,
Asturias,CCAA,2020,Mujeres,25_34,15610.99,0,1,INE_EES_28201,1,0,
Asturias,CCAA,2021,Mujeres,25_34,15830.55,0,1,INE_EES_28201,1,0,
Asturias,CCAA,2022,Mujeres,25_34,18933.42,0,1,INE_EES_28201,1,0,
Asturias,CCAA,2023,Mujeres,25_34,19563.63,0,1,INE_EES_28201,1,0,
Asturias,CCAA,2010,Mujeres,35_44,19446.14,0,0,INE_EES_28201,1,0,
Asturias,CCAA,2011,Mujeres,35_44,18891.25,0,0,INE_EES_28201,1,0,
Asturias,CCAA,2012,Mujeres,35_44,17270.16,0,0,INE_EES_28201,1,0,
Asturias,CCAA,2013,Mujeres,35_44,17772.87,0,0,INE_EES_28201,1,0,
Asturias,CCAA,2014,Mujeres,35_44,18021.36,0,0,INE_EES_28201,1,0,
Asturias,CCAA,2015,Mujeres,35_44,17561.39,0,0,INE_EES_28201,1,0,
Asturias,CCAA,2016,Mujeres,35_44,17935.08,0,0,INE_EES_28201,1,0,
Asturias,CCAA,2017,Mujeres,35_44,17557.65,0,0,INE_EES_28201,1,0,
Asturias,CCAA,2018,Mujeres,35_44,18938.35,0,0,INE_EES_28201,1,0,
Asturias,CCAA,2019,Mujeres,35_44,21112.49,0,0,INE_EES_28201,1,0,
Asturias,CCAA,2020,Mujeres,35_44,20006.1,0,0,INE_EES_28201,1,0,
Asturias,CCAA,2021,Mujeres,35_44,20436.67,0,0,INE_EES_28201,1,0,
Asturias,CCAA,2022,Mujeres,35_44,21524.94,0,0,INE_EES_28201,1,0,
Asturias,CCAA,2023,Mujeres,35_44,23262.86,0,0,INE_EES_28201,1,0,
Asturias,CCAA,2010,Mujeres,45_54,20494.35,0,0,INE_EES_28201,1,0,
Asturias,CCAA,2011,Mujeres,45_54,20488.9,0,0,INE_EES_28201,1,0,
Asturias,CCAA,2012,Mujeres,45_54,19213.83,0,0,INE_EES_28201,1,0,
Asturias,CCAA,2013,Mujeres,45_54,19887.84,0,0,INE_EES_28201,1,0,
Asturias,CCAA,2014,Mujeres,45_54,20453.47,0,0,INE_EES_28201,1,0,
Asturias,CCAA,2015,Mujeres,45_54,20934.4,0,0,INE_EES_28201,1,0,
Asturias,CCAA,2016,Mujeres,45_54,20910.86,0,0,INE_EES_28201,1,0,
Asturias,CCAA,2017,Mujeres,45_54,21166.44,0,0,INE_EES_28201,1,0,
Asturias,CCAA,2018,Mujeres,45_54,20731.94,0,0,INE_EES_28201,1,0,
Asturias,CCAA,2019,Mujeres,45_54,23375.28,0,0,INE_EES_28201,1,0,
Asturias,CCAA,2020,Mujeres,45_54,23390.8,0,0,INE_EES_28201,1,0,
Asturias,CCAA,2021,Mujeres,45_54,22785.03,0,0,INE_EES_28201,1,0,
Asturias,CCAA,2022,Mujeres,45_54,23884.49,0,0,INE_EES_28201,1,0,
Asturias,CCAA,2023,Mujeres,45_54,25639.59,0,0,INE_EES_28201,1,0,
Asturias,CCAA,2010,Mujeres,55_plus,23781.8,0,1,INE_EES_28201,1,0,
Asturias,CCAA,2011,Mujeres,55_plus,24394.0,0,1,INE_EES_28201,1,0,
Asturias,CCAA,2012,Mujeres,55_plus,22679.12,0,1,INE_EES_28201,1,0,
Asturias,CCAA,2013,Mujeres,55_plus,23714.37,0,1,INE_EES_28201,1,0,
Asturias,CCAA,2014,Mujeres,55_plus,21574.75,0,1,INE_EES_28201,1,0,
Asturias,CCAA,2015,Mujeres,55_plus,22645.43,0,0,INE_EES_28201,1,0,
Asturias,CCAA,2016,Mujeres,55_plus,22000.65,0,0,INE_EES_28201,1,0,
Asturias,CCAA,2017,Mujeres,55_plus,23060.56,0,0,INE_EES_28201,1,0,
Asturias,CCAA,2018,Mujeres,55_plus,23242.05,0,0,INE_EES_28201,1,0,
Asturias,CCAA,2019,Mujeres,55_plus,24327.46,0,0,INE_EES_28201,1,0,
Asturias,CCAA,2020,Mujeres,55_plus,24036.28,0,0,INE_EES_28201,1,0,
Asturias,CCAA,2021,Mujeres,55_plus,25776.93,0,0,INE_EES_28201,1,0,
Asturias,CCAA,2022,Mujeres,55_plus,28120.99,0,0,INE_EES_28201,1,0,
Asturias,CCAA,2023,Mujeres,55_plus,28049.13,0,0,INE_EES_28201,1,0,
Asturias,CCAA,2010,Mujeres,all_ages,18786.13,0,0,INE_EES_28201,1,0,
Asturias,CCAA,2011,Mujeres,all_ages,18721.59,0,0,INE_EES_28201,1,0,
Asturias,CCAA,2012,Mujeres,all_ages,18026.01,0,0,INE_EES_28201,1,0,
Asturias,CCAA,2013,Mujeres,all_ages,18455.34,0,0,INE_EES_28201,1,0,
Asturias,CCAA,2014,Mujeres,all_ages,18400.68,0,0,INE_EES_28201,1,0,
Asturias,CCAA,2015,Mujeres,all_ages,18925.34,0,0,INE_EES_28201,1,0,
Asturias,CCAA,2016,Mujeres,all_ages,19077.92,0,0,INE_EES_28201,1,0,
Asturias,CCAA,2017,Mujeres,all_ages,19426.48,0,0,INE_EES_28201,1,0,
Asturias,CCAA,2018,Mujeres,all_ages,19744.94,0,0,INE_EES_28201,1,0,
Asturias,CCAA,2019,Mujeres,all_ages,21298.58,0,0,INE_EES_28201,1,0,
Asturias,CCAA,2020,Mujeres,all_ages,21308.01,0,0,INE_EES_28201,1,0,
Asturias,CCAA,2021,Mujeres,all_ages,21808.96,0,0,INE_EES_28201,1,0,
Asturias,CCAA,2022,Mujeres,all_ages,23792.42,0,0,INE_EES_28201,1,0,
Asturias,CCAA,2023,Mujeres,all_ages,24808.62,0,0,INE_EES_28201,1,0,
Asturias,CCAA,2010,Mujeres,lt_25,11159.54,0,1,INE_EES_28201,1,0,
Asturias,CCAA,2011,Mujeres,lt_25,10213.87923430029,1,0,INE_EES_28201,0,1,national_growth_forward
Asturias,CCAA,2012,Mujeres,lt_25,9449.349462965461,1,0,INE_EES_28201,0,1,national_growth_forward
Asturias,CCAA,2013,Mujeres,lt_25,8832.260092439114,1,0,INE_EES_28201,0,1,national_growth_forward
Asturias,CCAA,2014,Mujeres,lt_25,9827.004157148198,1,0,INE_EES_28201,0,1,national_growth_forward
Asturias,CCAA,2015,Mujeres,lt_25,9081.95339735503,1,0,INE_EES_28201,0,1,national_growth_forward
Asturias,CCAA,2016,Mujeres,lt_25,9037.737469933816,1,0,INE_EES_28201,0,1,national_growth_forward
Asturias,CCAA,2017,Mujeres,lt_25,9461.589330853496,1,0,INE_EES_28201,0,1,national_growth_forward
Asturias,CCAA,2018,Mujeres,lt_25,10226.081001432252,1,0,INE_EES_28201,0,1,national_growth_forward
Asturias,CCAA,2019,Mujeres,lt_25,10575.941194060679,1,0,INE_EES_28201,0,1,national_growth_forward
Asturias,CCAA,2020,Mujeres,lt_25,10795.030066661999,1,0,INE_EES_28201,0,1,national_growth_forward
Asturias,CCAA,2021,Mujeres,lt_25,10952.881499067073,1,0,INE_EES_28201,0,1,national_growth_forward
Asturias,CCAA,2022,Mujeres,lt_25,12584.76545718524,1,0,INE_EES_28201,0,1,national_growth_forward
Asturias,CCAA,2023,Mujeres,lt_25,12772.411680838386,1,0,INE_EES_28201,0,1,national_growth_forward
Asturias,CCAA,2010,Total,25_34,19044.14,0,0,INE_EES_28201,1,0,
Asturias,CCAA,2011,Total,25_34,17988.92,0,0,INE_EES_28201,1,0,
Asturias,CCAA,2012,Total,25_34,17924.12,0,0,INE_EES_28201,1,0,
Asturias,CCAA,2013,Total,25_34,16517.9,0,0,INE_EES_28201,1,0,
Asturias,CCAA,2014,Total,25_34,17707.53,0,0,INE_EES_28201,1,0,
Asturias,CCAA,2015,Total,25_34,18246.18,0,0,INE_EES_28201,1,0,
Asturias,CCAA,2016,Total,25_34,17598.04,0,0,INE_EES_28201,1,0,
Asturias,CCAA,2017,Total,25_34,18184.15,0,0,INE_EES_28201,1,0,
Asturias,CCAA,2018,Total,25_34,18141.88,0,0,INE_EES_28201,1,0,
Asturias,CCAA,2019,Total,25_34,18309.7,0,0,INE_EES_28201,1,0,
Asturias,CCAA,2020,Total,25_34,18973.91,0,0,INE_EES_28201,1,0,
Asturias,CCAA,2021,Total,25_34,18570.67,0,0,INE_EES_28201,1,0,
Asturias,CCAA,2022,Total,25_34,21208.86,0,0,INE_EES_28201,1,0,
Asturias,CCAA,2023,Total,25_34,21361.32,0,0,INE_EES_28201,1,0,
Asturias,CCAA,2010,Total,35_44,22810.89,0,0,INE_EES_28201,1,0,
Asturias,CCAA,2011,Total,35_44,22387.23,0,0,INE_EES_28201,1,0,
Asturias,CCAA,2012,Total,35_44,21021.31,0,0,INE_EES_28201,1,0,
Asturias,CCAA,2013,Total,35_44,21417.53,0,0,INE_EES_28201,1,0,
Asturias,CCAA,2014,Total,35_44,22232.57,0,0,INE_EES_28201,1,0,
Asturias,CCAA,2015,Total,35_44,22149.75,0,0,INE_EES_28201,1,0,
Asturias,CCAA,2016,Total,35_44,22487.02,0,0,INE_EES_28201,1,0,
Asturias,CCAA,2017,Total,35_44,22677.56,0,0,INE_EES_28201,1,0,
Asturias,CCAA,2018,Total,35_44,23332.68,0,0,INE_EES_28201,1,0,
Asturias,CCAA,2019,Total,35_44,25249.64,0,0,INE_EES_28201,1,0,
Asturias,CCAA,2020,Total,35_44,23641.84,0,0,INE_EES_28201,1,0,
Asturias,CCAA,2021,Total,35_44,24195.0,0,0,INE_EES_28201,1,0,
Asturias,CCAA,2022,Total,35_44,25518.43,0,0,INE_EES_28201,1,0,
Asturias,CCAA,2023,Total,35_44,26256.44,0,0,INE_EES_28201,1,0,
Asturias,CCAA,2010,Total,45_54,24941.46,0,0,INE_EES_28201,1,0,
Asturias,CCAA,2011,Total,45_54,25492.22,0,0,INE_EES_28201,1,0,
Asturias,CCAA,2012,Total,45_54,24777.89,0,0,INE_EES_28201,1,0,
Asturias,CCAA,2013,Total,45_54,24794.71,0,0,INE_EES_28201,1,0,
Asturias,CCAA,2014,Total,45_54,24307.51,0,0,INE_EES_28201,1,0,
Asturias,CCAA,2015,Total,45_54,24585.41,0,0,INE_EES_28201,1,0,
Asturias,CCAA,2016,Total,45_54,25177.38,0,0,INE_EES_28201,1,0,
Asturias,CCAA,2017,Total,45_54,25210.58,0,0,INE_EES_28201,1,0,
Asturias,CCAA,2018,Total,45_54,26002.83,0,0,INE_EES_28201,1,0,
Asturias,CCAA,2019,Total,45_54,26928.2,0,0,INE_EES_28201,1,0,
Asturias,CCAA,2020,Total,45_54,26621.08,0,0,INE_EES_28201,1,0,
Asturias,CCAA,2021,Total,45_54,26754.07,0,0,INE_EES_28201,1,0,
Asturias,CCAA,2022,Total,45_54,28231.57,0,0,INE_EES_28201,1,0,
Asturias,CCAA,2023,Total,45_54,30129.07,0,0,INE_EES_28201,1,0,
Asturias,CCAA,2010,Total,55_plus,25888.04,0,0,INE_EES_28201,1,0,
Asturias,CCAA,2011,Total,55_plus,26033.07,0,0,INE_EES_28201,1,0,
Asturias,CCAA,2012,Total,55_plus,24437.62,0,0,INE_EES_28201,1,0,
Asturias,CCAA,2013,Total,55_plus,24878.04,0,0,INE_EES_28201,1,0,
Asturias,CCAA,2014,Total,55_plus,24796.32,0,0,INE_EES_28201,1,0,
Asturias,CCAA,2015,Total,55_plus,25684.88,0,0,INE_EES_28201,1,0,
Asturias,CCAA,2016,Total,55_plus,25412.29,0,0,INE_EES_28201,1,0,
Asturias,CCAA,2017,Total,55_plus,26629.65,0,0,INE_EES_28201,1,0,
Asturias,CCAA,2018,Total,55_plus,26867.23,0,0,INE_EES_28201,1,0,
Asturias,CCAA,2019,Total,55_plus,27657.58,0,0,INE_EES_28201,1,0,
Asturias,CCAA,2020,Total,55_plus,26951.58,0,0,INE_EES_28201,1,0,
Asturias,CCAA,2021,Total,55_plus,28097.03,0,0,INE_EES_28201,1,0,
Asturias,CCAA,2022,Total,55_plus,30309.84,0,0,INE_EES_28201,1,0,
Asturias,CCAA,2023,Total,55_plus,31221.17,0,0,INE_EES_28201,1,0,
Asturias,CCAA,2010,Total,all_ages,22241.39,0,0,INE_EES_28201,1,0,
Asturias,CCAA,2011,Total,all_ages,22286.48,0,0,INE_EES_28201,1,0,
Asturias,CCAA,2012,Total,all_ages,21750.66,0,0,INE_EES_28201,1,0,
Asturias,CCAA,2013,Total,all_ages,21994.99,0,0,INE_EES_28201,1,0,
Asturias,CCAA,2014,Total,all_ages,22045.29,0,0,INE_EES_28201,1,0,
Asturias,CCAA,2015,Total,all_ages,22826.06,0,0,INE_EES_28201,1,0,
Asturias,CCAA,2016,Total,all_ages,23095.83,0,0,INE_EES_28201,1,0,
Asturias,CCAA,2017,Total,all_ages,23609.67,0,0,INE_EES_28201,1,0,
Asturias,CCAA,2018,Total,all_ages,23914.61,0,0,INE_EES_28201,1,0,
Asturias,CCAA,2019,Total,all_ages,24865.89,0,0,INE_EES_28201,1,0,
Asturias,CCAA,2020,Total,all_ages,24527.96,0,0,INE_EES_28201,1,0,
Asturias,CCAA,2021,Total,all_ages,25046.6,0,0,INE_EES_28201,1,0,
Asturias,CCAA,2022,Total,all_ages,26745.93,0,0,INE_EES_28201,1,0,
Asturias,CCAA,2023,Total,all_ages,27916.6,0,0,INE_EES_28201,1,0,
Asturias,CCAA,2010,Total,lt_25,13586.37,0,1,INE_EES_28201,1,0,
Asturias,CCAA,2011,Total,lt_25,11822.98,0,1,INE_EES_28201,1,0,
Asturias,CCAA,2012,Total,lt_25,10844.33,0,1,INE_EES_28201,1,0,
Asturias,CCAA,2013,Total,lt_25,11579.83,0,1,INE_EES_28201,1,0,
Asturias,CCAA,2014,Total,lt_25,11135.28,0,1,INE_EES_28201,1,0,
Asturias,CCAA,2015,Total,lt_25,11797.1,0,1,INE_EES_28201,1,0,
Asturias,CCAA,2016,Total,lt_25,11504.123333333333,1,0,INE_EES_28201,0,1,linear_interpolation
Asturias,CCAA,2017,Total,lt_25,11211.146666666667,1,0,INE_EES_28201,0,1,linear_interpolation
Asturias,CCAA,2018,Total,lt_25,10918.17,0,1,INE_EES_28201,1,0,
Asturias,CCAA,2019,Total,lt_25,10414.81,0,1,INE_EES_28201,1,0,
Asturias,CCAA,2020,Total,lt_25,11761.43,0,1,INE_EES_28201,1,0,
Asturias,CCAA,2021,Total,lt_25,13307.32,0,1,INE_EES_28201,1,0,
Asturias,CCAA,2022,Total,lt_25,13666.6,0,1,INE_EES_28201,1,0,
Asturias,CCAA,2023,Total,lt_25,15686.25,0,1,INE_EES_28201,1,0,
Baleares,CCAA,2010,Hombres,25_34,19335.53,0,0,INE_EES_28201,1,0,
Baleares,CCAA,2011,Hombres,25_34,20188.68,0,0,INE_EES_28201,1,0,
Baleares,CCAA,2012,Hombres,25_34,19050.35,0,0,INE_EES_28201,1,0,
Baleares,CCAA,2013,Hombres,25_34,18118.82,0,0,INE_EES_28201,1,0,
Baleares,CCAA,2014,Hombres,25_34,18670.19,0,0,INE_EES_28201,1,0,
Baleares,CCAA,2015,Hombres,25_34,18046.82,0,0,INE_EES_28201,1,0,
Baleares,CCAA,2016,Hombres,25_34,17258.5,0,0,INE_EES_28201,1,0,
Baleares,CCAA,2017,Hombres,25_34,18883.6,0,0,INE_EES_28201,1,0,
Baleares,CCAA,2018,Hombres,25_34,19838.56,0,0,INE_EES_28201,1,0,
Baleares,CCAA,2019,Hombres,25_34,20532.77,0,0,INE_EES_28201,1,0,
Baleares,CCAA,2020,Hombres,25_34,20084.36,0,0,INE_EES_28201,1,0,
Baleares,CCAA,2021,Hombres,25_34,20635.78,0,0,INE_EES_28201,1,0,
Baleares,CCAA,2022,Hombres,25_34,21755.95,0,0,INE_EES_28201,1,0,
Baleares,CCAA,2023,Hombres,25_34,23682.39,0,0,INE_EES_28201,1,0,
Baleares,CCAA,2010,Hombres,35_44,24372.95,0,0,INE_EES_28201,1,0,
Baleares,CCAA,2011,Hombres,35_44,23732.19,0,0,INE_EES_28201,1,0,
Baleares,CCAA,2012,Hombres,35_44,23266.25,0,0,INE_EES_28201,1,0,
Baleares,CCAA,2013,Hombres,35_44,23159.61,0,0,INE_EES_28201,1,0,
Baleares,CCAA,2014,Hombres,35_44,25094.78,0,0,INE_EES_28201,1,0,
Baleares,CCAA,2015,Hombres,35_44,23087.16,0,0,INE_EES_28201,1,0,
Baleares,CCAA,2016,Hombres,35_44,23456.21,0,0,INE_EES_28201,1,0,
Baleares,CCAA,2017,Hombres,35_44,23367.12,0,0,INE_EES_28201,1,0,
Baleares,CCAA,2018,Hombres,35_44,23137.83,0,0,INE_EES_28201,1,0,
Baleares,CCAA,2019,Hombres,35_44,24968.36,0,0,INE_EES_28201,1,0,
Baleares,CCAA,2020,Hombres,35_44,24698.56,0,0,INE_EES_28201,1,0,
Baleares,CCAA,2021,Hombres,35_44,24611.73,0,0,INE_EES_28201,1,0,
Baleares,CCAA,2022,Hombres,35_44,27364.76,0,0,INE_EES_28201,1,0,
Baleares,CCAA,2023,Hombres,35_44,29069.17,0,0,INE_EES_28201,1,0,
Baleares,CCAA,2010,Hombres,45_54,27077.83,0,0,INE_EES_28201,1,0,
Baleares,CCAA,2011,Hombres,45_54,25576.88,0,0,INE_EES_28201,1,0,
Baleares,CCAA,2012,Hombres,45_54,25435.28,0,0,INE_EES_28201,1,0,
Baleares,CCAA,2013,Hombres,45_54,25061.25,0,0,INE_EES_28201,1,0,
Baleares,CCAA,2014,Hombres,45_54,26965.75,0,0,INE_EES_28201,1,0,
Baleares,CCAA,2015,Hombres,45_54,27286.75,0,0,INE_EES_28201,1,0,
Baleares,CCAA,2016,Hombres,45_54,27010.99,0,0,INE_EES_28201,1,0,
Baleares,CCAA,2017,Hombres,45_54,26536.87,0,0,INE_EES_28201,1,0,
Baleares,CCAA,2018,Hombres,45_54,28739.78,0,0,INE_EES_28201,1,0,
Baleares,CCAA,2019,Hombres,45_54,27714.97,0,0,INE_EES_28201,1,0,
Baleares,CCAA,2020,Hombres,45_54,28122.51,0,0,INE_EES_28201,1,0,
Baleares,CCAA,2021,Hombres,45_54,28072.67,0,0,INE_EES_28201,1,0,
Baleares,CCAA,2022,Hombres,45_54,32050.86,0,0,INE_EES_28201,1,0,
Baleares,CCAA,2023,Hombres,45_54,32729.58,0,0,INE_EES_28201,1,0,
Baleares,CCAA,2010,Hombres,55_plus,26619.8,0,0,INE_EES_28201,1,0,
Baleares,CCAA,2011,Hombres,55_plus,27319.08,0,0,INE_EES_28201,1,0,
Baleares,CCAA,2012,Hombres,55_plus,26025.81,0,0,INE_EES_28201,1,0,
Baleares,CCAA,2013,Hombres,55_plus,25375.14,0,0,INE_EES_28201,1,0,
Baleares,CCAA,2014,Hombres,55_plus,25786.89,0,0,INE_EES_28201,1,0,
Baleares,CCAA,2015,Hombres,55_plus,27146.36,0,0,INE_EES_28201,1,0,
Baleares,CCAA,2016,Hombres,55_plus,27882.6,0,0,INE_EES_28201,1,0,
Baleares,CCAA,2017,Hombres,55_plus,27381.83,0,0,INE_EES_28201,1,0,
Baleares,CCAA,2018,Hombres,55_plus,29155.92,0,0,INE_EES_28201,1,0,
Baleares,CCAA,2019,Hombres,55_plus,28972.23,0,0,INE_EES_28201,1,0,
Baleares,CCAA,2020,Hombres,55_plus,31058.74,0,0,INE_EES_28201,1,0,
Baleares,CCAA,2021,Hombres,55_plus,31195.22,0,0,INE_EES_28201,1,0,
Baleares,CCAA,2022,Hombres,55_plus,33608.33,0,0,INE_EES_28201,1,0,
Baleares,CCAA,2023,Hombres,55_plus,32215.57,0,0,INE_EES_28201,1,0,
Baleares,CCAA,2010,Hombres,all_ages,23213.04,0,0,INE_EES_28201,1,0,
Baleares,CCAA,2011,Hombres,all_ages,23188.8,0,0,INE_EES_28201,1,0,
Baleares,CCAA,2012,Hombres,all_ages,22859.04,0,0,INE_EES_28201,1,0,
Baleares,CCAA,2013,Hombres,all_ages,22584.78,0,0,INE_EES_28201,1,0,
Baleares,CCAA,2014,Hombres,all_ages,23770.56,0,0,INE_EES_28201,1,0,
Baleares,CCAA,2015,Hombres,all_ages,23411.35,0,0,INE_EES_28201,1,0,
Baleares,CCAA,2016,Hombres,all_ages,23286.85,0,0,INE_EES_28201,1,0,
Baleares,CCAA,2017,Hombres,all_ages,23538.43,0,0,INE_EES_28201,1,0,
Baleares,CCAA,2018,Hombres,all_ages,24437.58,0,0,INE_EES_28201,1,0,
Baleares,CCAA,2019,Hombres,all_ages,24914.51,0,0,INE_EES_28201,1,0,
Baleares,CCAA,2020,Hombres,all_ages,25699.53,0,0,INE_EES_28201,1,0,
Baleares,CCAA,2021,Hombres,all_ages,25898.51,0,0,INE_EES_28201,1,0,
Baleares,CCAA,2022,Hombres,all_ages,28155.99,0,0,INE_EES_28201,1,0,
Baleares,CCAA,2023,Hombres,all_ages,28754.2,0,0,INE_EES_28201,1,0,
Baleares,CCAA,2010,Hombres,lt_25,13569.49,0,1,INE_EES_28201,1,0,
Baleares,CCAA,2011,Hombres,lt_25,12276.74,0,1,INE_EES_28201,1,0,
Baleares,CCAA,2012,Hombres,lt_25,12122.28,0,1,INE_EES_28201,1,0,
Baleares,CCAA,2013,Hombres,lt_25,13913.490000000002,1,0,INE_EES_28201,0,1,linear_interpolation
Baleares,CCAA,2014,Hombres,lt_25,15704.7,0,1,INE_EES_28201,1,0,
Baleares,CCAA,2015,Hombres,lt_25,13760.63,0,1,INE_EES_28201,1,0,
Baleares,CCAA,2016,Hombres,lt_25,12978.89,0,1,INE_EES_28201,1,0,
Baleares,CCAA,2017,Hombres,lt_25,14610.96,0,1,INE_EES_28201,1,0,
Baleares,CCAA,2018,Hombres,lt_25,16339.95,0,1,INE_EES_28201,1,0,
Baleares,CCAA,2019,Hombres,lt_25,14624.47,0,1,INE_EES_28201,1,0,
Baleares,CCAA,2020,Hombres,lt_25,15248.68,0,1,INE_EES_28201,1,0,
Baleares,CCAA,2021,Hombres,lt_25,15474.21,0,1,INE_EES_28201,1,0,
Baleares,CCAA,2022,Hombres,lt_25,17086.62,0,1,INE_EES_28201,1,0,
Baleares,CCAA,2023,Hombres,lt_25,16265.36,0,1,INE_EES_28201,1,0,
Baleares,CCAA,2010,Mujeres,25_34,18257.72,0,0,INE_EES_28201,1,0,
Baleares,CCAA,2011,Mujeres,25_34,17459.51,0,0,INE_EES_28201,1,0,
Baleares,CCAA,2012,Mujeres,25_34,16163.36,0,0,INE_EES_28201,1,0,
Baleares,CCAA,2013,Mujeres,25_34,16202.24,0,0,INE_EES_28201,1,0,
Baleares,CCAA,2014,Mujeres,25_34,18011.63,0,0,INE_EES_28201,1,0,
Baleares,CCAA,2015,Mujeres,25_34,16225.72,0,0,INE_EES_28201,1,0,
Baleares,CCAA,2016,Mujeres,25_34,15316.86,0,0,INE_EES_28201,1,0,
Baleares,CCAA,2017,Mujeres,25_34,16457.94,0,0,INE_EES_28201,1,0,
Baleares,CCAA,2018,Mujeres,25_34,17847.6,0,0,INE_EES_28201,1,0,
Baleares,CCAA,2019,Mujeres,25_34,19566.8,0,0,INE_EES_28201,1,0,
Baleares,CCAA,2020,Mujeres,25_34,18734.45,0,0,INE_EES_28201,1,0,
Baleares,CCAA,2021,Mujeres,25_34,20094.14,0,0,INE_EES_28201,1,0,
Baleares,CCAA,2022,Mujeres,25_34,22782.39,0,0,INE_EES_28201,1,0,
Baleares,CCAA,2023,Mujeres,25_34,24306.08,0,0,INE_EES_28201,1,0,
Baleares,CCAA,2010,Mujeres,35_44,21480.79,0,0,INE_EES_28201,1,0,
Baleares,CCAA,2011,Mujeres,35_44,20828.6,0,0,INE_EES_28201,1,0,
Baleares,CCAA,2012,Mujeres,35_44,20769.51,0,0,INE_EES_28201,1,0,
Baleares,CCAA,2013,Mujeres,35_44,19524.57,0,0,INE_EES_28201,1,0,
Baleares,CCAA,2014,Mujeres,35_44,19909.7,0,0,INE_EES_28201,1,0,
Baleares,CCAA,2015,Mujeres,35_44,19653.38,0,0,INE_EES_28201,1,0,
Baleares,CCAA,2016,Mujeres,35_44,20224.49,0,0,INE_EES_28201,1,0,
Baleares,CCAA,2017,Mujeres,35_44,21364.61,0,0,INE_EES_28201,1,0,
Baleares,CCAA,2018,Mujeres,35_44,22512.15,0,0,INE_EES_28201,1,0,
Baleares,CCAA,2019,Mujeres,35_44,22208.06,0,0,INE_EES_28201,1,0,
Baleares,CCAA,2020,Mujeres,35_44,22830.49,0,0,INE_EES_28201,1,0,
Baleares,CCAA,2021,Mujeres,35_44,22555.33,0,0,INE_EES_28201,1,0,
Baleares,CCAA,2022,Mujeres,35_44,24980.48,0,0,INE_EES_28201,1,0,
Baleares,CCAA,2023,Mujeres,35_44,25960.79,0,0,INE_EES_28201,1,0,
Baleares,CCAA,2010,Mujeres,45_54,20798.04,0,0,INE_EES_28201,1,0,
Baleares,CCAA,2011,Mujeres,45_54,20712.45,0,0,INE_EES_28201,1,0,
Baleares,CCAA,2012,Mujeres,45_54,20267.62,0,0,INE_EES_28201,1,0,
Baleares,CCAA,2013,Mujeres,45_54,20995.1,0,0,INE_EES_28201,1,0,
Baleares,CCAA,2014,Mujeres,45_54,19855.79,0,0,INE_EES_28201,1,0,
Baleares,CCAA,2015,Mujeres,45_54,22405.19,0,0,INE_EES_28201,1,0,
Baleares,CCAA,2016,Mujeres,45_54,21873.01,0,0,INE_EES_28201,1,0,
Baleares,CCAA,2017,Mujeres,45_54,22343.29,0,0,INE_EES_28201,1,0,
Baleares,CCAA,2018,Mujeres,45_54,23414.56,0,0,INE_EES_28201,1,0,
Baleares,CCAA,2019,Mujeres,45_54,23458.79,0,0,INE_EES_28201,1,0,
Baleares,CCAA,2020,Mujeres,45_54,23799.15,0,0,INE_EES_28201,1,0,
Baleares,CCAA,2021,Mujeres,45_54,24291.33,0,0,INE_EES_28201,1,0,
Baleares,CCAA,2022,Mujeres,45_54,28061.21,0,0,INE_EES_28201,1,0,
Baleares,CCAA,2023,Mujeres,45_54,28753.44,0,0,INE_EES_28201,1,0,
Baleares,CCAA,2010,Mujeres,55_plus,21213.31,0,1,INE_EES_28201,1,0,
Baleares,CCAA,2011,Mujeres,55_plus,20559.02,0,1,INE_EES_28201,1,0,
Baleares,CCAA,2012,Mujeres,55_plus,20422.33,0,1,INE_EES_28201,1,0,
Baleares,CCAA,2013,Mujeres,55_plus,20090.89,0,1,INE_EES_28201,1,0,
Baleares,CCAA,2014,Mujeres,55_plus,19045.81,0,1,INE_EES_28201,1,0,
Baleares,CCAA,2015,Mujeres,55_plus,20679.9,0,0,INE_EES_28201,1,0,
Baleares,CCAA,2016,Mujeres,55_plus,21926.92,0,0,INE_EES_28201,1,0,
Baleares,CCAA,2017,Mujeres,55_plus,21697.47,0,0,INE_EES_28201,1,0,
Baleares,CCAA,2018,Mujeres,55_plus,22076.6,0,0,INE_EES_28201,1,0,
Baleares,CCAA,2019,Mujeres,55_plus,23150.29,0,0,INE_EES_28201,1,0,
Baleares,CCAA,2020,Mujeres,55_plus,22817.49,0,0,INE_EES_28201,1,0,
Baleares,CCAA,2021,Mujeres,55_plus,22714.37,0,0,INE_EES_28201,1,0,
Baleares,CCAA,2022,Mujeres,55_plus,30075.73,0,0,INE_EES_28201,1,0,
Baleares,CCAA,2023,Mujeres,55_plus,27288.06,0,0,INE_EES_28201,1,0,
Baleares,CCAA,2010,Mujeres,all_ages,19812.19,0,0,INE_EES_28201,1,0,
Baleares,CCAA,2011,Mujeres,all_ages,19377.39,0,0,INE_EES_28201,1,0,
Baleares,CCAA,2012,Mujeres,all_ages,19022.24,0,0,INE_EES_28201,1,0,
Baleares,CCAA,2013,Mujeres,all_ages,18998.37,0,0,INE_EES_28201,1,0,
Baleares,CCAA,2014,Mujeres,all_ages,19008.38,0,0,INE_EES_28201,1,0,
Baleares,CCAA,2015,Mujeres,all_ages,19517.28,0,0,INE_EES_28201,1,0,
Baleares,CCAA,2016,Mujeres,all_ages,19702.6,0,0,INE_EES_28201,1,0,
Baleares,CCAA,2017,Mujeres,all_ages,20465.58,0,0,INE_EES_28201,1,0,
Baleares,CCAA,2018,Mujeres,all_ages,21085.74,0,0,INE_EES_28201,1,0,
Baleares,CCAA,2019,Mujeres,all_ages,21631.07,0,0,INE_EES_28201,1,0,
Baleares,CCAA,2020,Mujeres,all_ages,21998.23,0,0,INE_EES_28201,1,0,
Baleares,CCAA,2021,Mujeres,all_ages,22344.76,0,0,INE_EES_28201,1,0,
Baleares,CCAA,2022,Mujeres,all_ages,26054.2,0,0,INE_EES_28201,1,0,
Baleares,CCAA,2023,Mujeres,all_ages,26260.9,0,0,INE_EES_28201,1,0,
Baleares,CCAA,2010,Mujeres,lt_25,13717.66,0,1,INE_EES_28201,1,0,
Baleares,CCAA,2011,Mujeres,lt_25,11984.86,0,1,INE_EES_28201,1,0,
Baleares,CCAA,2012,Mujeres,lt_25,9117.56,0,1,INE_EES_28201,1,0,
Baleares,CCAA,2013,Mujeres,lt_25,11519.189999999999,1,0,INE_EES_28201,0,1,linear_interpolation
Baleares,CCAA,2014,Mujeres,lt_25,13920.82,0,1,INE_EES_28201,1,0,
Baleares,CCAA,2015,Mujeres,lt_25,12994.4,0,1,INE_EES_28201,1,0,
Baleares,CCAA,2016,Mujeres,lt_25,13122.34,1,0,INE_EES_28201,0,1,linear_interpolation
Baleares,CCAA,2017,Mujeres,lt_25,13250.28,0,1,INE_EES_28201,1,0,
Baleares,CCAA,2018,Mujeres,lt_25,13723.53,0,1,INE_EES_28201,1,0,
Baleares,CCAA,2019,Mujeres,lt_25,13361.89,0,1,INE_EES_28201,1,0,
Baleares,CCAA,2020,Mujeres,lt_25,13895.85,0,1,INE_EES_28201,1,0,
Baleares,CCAA,2021,Mujeres,lt_25,13624.67,0,1,INE_EES_28201,1,0,
Baleares,CCAA,2022,Mujeres,lt_25,16669.09,0,1,INE_EES_28201,1,0,
Baleares,CCAA,2023,Mujeres,lt_25,16544.11,0,1,INE_EES_28201,1,0,
Baleares,CCAA,2010,Total,25_34,18791.47,0,0,INE_EES_28201,1,0,
Baleares,CCAA,2011,Total,25_34,18729.9,0,0,INE_EES_28201,1,0,
Baleares,CCAA,2012,Total,25_34,17559.72,0,0,INE_EES_28201,1,0,
Baleares,CCAA,2013,Total,25_34,17165.36,0,0,INE_EES_28201,1,0,
Baleares,CCAA,2014,Total,25_34,18342.54,0,0,INE_EES_28201,1,0,
Baleares,CCAA,2015,Total,25_34,17103.89,0,0,INE_EES_28201,1,0,
Baleares,CCAA,2016,Total,25_34,16340.78,0,0,INE_EES_28201,1,0,
Baleares,CCAA,2017,Total,25_34,17786.91,0,0,INE_EES_28201,1,0,
Baleares,CCAA,2018,Total,25_34,18759.36,0,0,INE_EES_28201,1,0,
Baleares,CCAA,2019,Total,25_34,20075.72,0,0,INE_EES_28201,1,0,
Baleares,CCAA,2020,Total,25_34,19413.73,0,0,INE_EES_28201,1,0,
Baleares,CCAA,2021,Total,25_34,20381.4,0,0,INE_EES_28201,1,0,
Baleares,CCAA,2022,Total,25_34,22244.97,0,0,INE_EES_28201,1,0,
Baleares,CCAA,2023,Total,25_34,23971.11,0,0,INE_EES_28201,1,0,
Baleares,CCAA,2010,Total,35_44,23041.85,0,0,INE_EES_28201,1,0,
Baleares,CCAA,2011,Total,35_44,22414.44,0,0,INE_EES_28201,1,0,
Baleares,CCAA,2012,Total,35_44,22086.75,0,0,INE_EES_28201,1,0,
Baleares,CCAA,2013,Total,35_44,21311.34,0,0,INE_EES_28201,1,0,
Baleares,CCAA,2014,Total,35_44,22440.82,0,0,INE_EES_28201,1,0,
Baleares,CCAA,2015,Total,35_44,21306.05,0,0,INE_EES_28201,1,0,
Baleares,CCAA,2016,Total,35_44,21794.25,0,0,INE_EES_28201,1,0,
Baleares,CCAA,2017,Total,35_44,22385.42,0,0,INE_EES_28201,1,0,
Baleares,CCAA,2018,Total,35_44,22849.38,0,0,INE_EES_28201,1,0,
Baleares,CCAA,2019,Total,35_44,23625.54,0,0,INE_EES_28201,1,0,
Baleares,CCAA,2020,Total,35_44,23805.47,0,0,INE_EES_28201,1,0,
Baleares,CCAA,2021,Total,35_44,23606.55,0,0,INE_EES_28201,1,0,
Baleares,CCAA,2022,Total,35_44,26268.66,0,0,INE_EES_28201,1,0,
Baleares,CCAA,2023,Total,35_44,27583.31,0,0,INE_EES_28201,1,0,
Baleares,CCAA,2010,Total,45_54,24189.48,0,0,INE_EES_28201,1,0,
Baleares,CCAA,2011,Total,45_54,23250.45,0,0,INE_EES_28201,1,0,
Baleares,CCAA,2012,Total,45_54,22886.64,0,0,INE_EES_28201,1,0,
Baleares,CCAA,2013,Total,45_54,23014.65,0,0,INE_EES_28201,1,0,
Baleares,CCAA,2014,Total,45_54,23196.33,0,0,INE_EES_28201,1,0,
Baleares,CCAA,2015,Total,45_54,24772.09,0,0,INE_EES_28201,1,0,
Baleares,CCAA,2016,Total,45_54,24361.62,0,0,INE_EES_28201,1,0,
Baleares,CCAA,2017,Total,45_54,24452.2,0,0,INE_EES_28201,1,0,
Baleares,CCAA,2018,Total,45_54,26123.87,0,0,INE_EES_28201,1,0,
Baleares,CCAA,2019,Total,45_54,25674.4,0,0,INE_EES_28201,1,0,
Baleares,CCAA,2020,Total,45_54,26008.73,0,0,INE_EES_28201,1,0,
Baleares,CCAA,2021,Total,45_54,26167.5,0,0,INE_EES_28201,1,0,
Baleares,CCAA,2022,Total,45_54,30013.55,0,0,INE_EES_28201,1,0,
Baleares,CCAA,2023,Total,45_54,30612.09,0,0,INE_EES_28201,1,0,
Baleares,CCAA,2010,Total,55_plus,24262.75,0,0,INE_EES_28201,1,0,
Baleares,CCAA,2011,Total,55_plus,24104.05,0,0,INE_EES_28201,1,0,
Baleares,CCAA,2012,Total,55_plus,23149.78,0,0,INE_EES_28201,1,0,
Baleares,CCAA,2013,Total,55_plus,22714.53,0,0,INE_EES_28201,1,0,
Baleares,CCAA,2014,Total,55_plus,22520.93,0,0,INE_EES_28201,1,0,
Baleares,CCAA,2015,Total,55_plus,23837.34,0,0,INE_EES_28201,1,0,
Baleares,CCAA,2016,Total,55_plus,24832.89,0,0,INE_EES_28201,1,0,
Baleares,CCAA,2017,Total,55_plus,24424.79,0,0,INE_EES_28201,1,0,
Baleares,CCAA,2018,Total,55_plus,25708.34,0,0,INE_EES_28201,1,0,
Baleares,CCAA,2019,Total,55_plus,26109.92,0,0,INE_EES_28201,1,0,
Baleares,CCAA,2020,Total,55_plus,26907.77,0,0,INE_EES_28201,1,0,
Baleares,CCAA,2021,Total,55_plus,26875.22,0,0,INE_EES_28201,1,0,
Baleares,CCAA,2022,Total,55_plus,31922.17,0,0,INE_EES_28201,1,0,
Baleares,CCAA,2023,Total,55_plus,29853.29,0,0,INE_EES_28201,1,0,
Baleares,CCAA,2010,Total,all_ages,21613.6,0,0,INE_EES_28201,1,0,
Baleares,CCAA,2011,Total,all_ages,21351.0,0,0,INE_EES_28201,1,0,
Baleares,CCAA,2012,Total,all_ages,20960.53,0,0,INE_EES_28201,1,0,
Baleares,CCAA,2013,Total,all_ages,20776.29,0,0,INE_EES_28201,1,0,
Baleares,CCAA,2014,Total,all_ages,21322.08,0,0,INE_EES_28201,1,0,
Baleares,CCAA,2015,Total,all_ages,21395.42,0,0,INE_EES_28201,1,0,
Baleares,CCAA,2016,Total,all_ages,21478.34,0,0,INE_EES_28201,1,0,
Baleares,CCAA,2017,Total,all_ages,22036.46,0,0,INE_EES_28201,1,0,
Baleares,CCAA,2018,Total,all_ages,22800.87,0,0,INE_EES_28201,1,0,
Baleares,CCAA,2019,Total,all_ages,23325.33,0,0,INE_EES_28201,1,0,
Baleares,CCAA,2020,Total,all_ages,23881.42,0,0,INE_EES_28201,1,0,
Baleares,CCAA,2021,Total,all_ages,24134.73,0,0,INE_EES_28201,1,0,
Baleares,CCAA,2022,Total,all_ages,27145.79,0,0,INE_EES_28201,1,0,
Baleares,CCAA,2023,Total,all_ages,27537.0,0,0,INE_EES_28201,1,0,
Baleares,CCAA,2010,Total,lt_25,13638.25,0,1,INE_EES_28201,1,0,
Baleares,CCAA,2011,Total,lt_25,12149.88,0,1,INE_EES_28201,1,0,
Baleares,CCAA,2012,Total,lt_25,10665.32,0,1,INE_EES_28201,1,0,
Baleares,CCAA,2013,Total,lt_25,11286.0,0,1,INE_EES_28201,1,0,
Baleares,CCAA,2014,Total,lt_25,14644.91,0,1,INE_EES_28201,1,0,
Baleares,CCAA,2015,Total,lt_25,13338.74,0,1,INE_EES_28201,1,0,
Baleares,CCAA,2016,Total,lt_25,12572.38,0,1,INE_EES_28201,1,0,
Baleares,CCAA,2017,Total,lt_25,13965.85,0,1,INE_EES_28201,1,0,
Baleares,CCAA,2018,Total,lt_25,15256.08,0,1,INE_EES_28201,1,0,
Baleares,CCAA,2019,Total,lt_25,13984.62,0,1,INE_EES_28201,1,0,
Baleares,CCAA,2020,Total,lt_25,14540.5,0,1,INE_EES_28201,1,0,
Baleares,CCAA,2021,Total,lt_25,14471.19,0,1,INE_EES_28201,1,0,
Baleares,CCAA,2022,Total,lt_25,16899.94,0,1,INE_EES_28201,1,0,
Baleares,CCAA,2023,Total,lt_25,16387.78,0,1,INE_EES_28201,1,0,
Canarias,CCAA,2010,Hombres,25_34,18052.42,0,0,INE_EES_28201,1,0,
Canarias,CCAA,2011,Hombres,25_34,17022.8,0,0,INE_EES_28201,1,0,
Canarias,CCAA,2012,Hombres,25_34,15810.76,0,0,INE_EES_28201,1,0,
Canarias,CCAA,2013,Hombres,25_34,15344.52,0,0,INE_EES_28201,1,0,
Canarias,CCAA,2014,Hombres,25_34,15629.94,0,0,INE_EES_28201,1,0,
Canarias,CCAA,2015,Hombres,25_34,15875.76,0,0,INE_EES_28201,1,0,
Canarias,CCAA,2016,Hombres,25_34,15896.81,0,0,INE_EES_28201,1,0,
Canarias,CCAA,2017,Hombres,25_34,15823.36,0,0,INE_EES_28201,1,0,
Canarias,CCAA,2018,Hombres,25_34,18514.5,0,0,INE_EES_28201,1,0,
Canarias,CCAA,2019,Hombres,25_34,17068.87,0,0,INE_EES_28201,1,0,
Canarias,CCAA,2020,Hombres,25_34,17228.06,0,0,INE_EES_28201,1,0,
Canarias,CCAA,2021,Hombres,25_34,17150.47,0,0,INE_EES_28201,1,0,
Canarias,CCAA,2022,Hombres,25_34,19211.94,0,0,INE_EES_28201,1,0,
Canarias,CCAA,2023,Hombres,25_34,19016.14,0,0,INE_EES_28201,1,0,
Canarias,CCAA,2010,Hombres,35_44,21231.4,0,0,INE_EES_28201,1,0,
Canarias,CCAA,2011,Hombres,35_44,20973.45,0,0,INE_EES_28201,1,0,
Canarias,CCAA,2012,Hombres,35_44,20690.55,0,0,INE_EES_28201,1,0,
Canarias,CCAA,2013,Hombres,35_44,20175.55,0,0,INE_EES_28201,1,0,
Canarias,CCAA,2014,Hombres,35_44,19529.87,0,0,INE_EES_28201,1,0,
Canarias,CCAA,2015,Hombres,35_44,20864.5,0,0,INE_EES_28201,1,0,
Canarias,CCAA,2016,Hombres,35_44,20074.51,0,0,INE_EES_28201,1,0,
Canarias,CCAA,2017,Hombres,35_44,20237.94,0,0,INE_EES_28201,1,0,
Canarias,CCAA,2018,Hombres,35_44,21506.93,0,0,INE_EES_28201,1,0,
Canarias,CCAA,2019,Hombres,35_44,21922.01,0,0,INE_EES_28201,1,0,
Canarias,CCAA,2020,Hombres,35_44,22122.34,0,0,INE_EES_28201,1,0,
Canarias,CCAA,2021,Hombres,35_44,22634.82,0,0,INE_EES_28201,1,0,
Canarias,CCAA,2022,Hombres,35_44,22564.65,0,0,INE_EES_28201,1,0,
Canarias,CCAA,2023,Hombres,35_44,22774.77,0,0,INE_EES_28201,1,0,
Canarias,CCAA,2010,Hombres,45_54,23368.59,0,0,INE_EES_28201,1,0,
Canarias,CCAA,2011,Hombres,45_54,24424.04,0,0,INE_EES_28201,1,0,
Canarias,CCAA,2012,Hombres,45_54,24300.72,0,0,INE_EES_28201,1,0,
Canarias,CCAA,2013,Hombres,45_54,24092.67,0,0,INE_EES_28201,1,0,
Canarias,CCAA,2014,Hombres,45_54,24340.05,0,0,INE_EES_28201,1,0,
Canarias,CCAA,2015,Hombres,45_54,23840.23,0,0,INE_EES_28201,1,0,
Canarias,CCAA,2016,Hombres,45_54,23457.02,0,0,INE_EES_28201,1,0,
Canarias,CCAA,2017,Hombres,45_54,23466.48,0,0,INE_EES_28201,1,0,
Canarias,CCAA,2018,Hombres,45_54,25201.18,0,0,INE_EES_28201,1,0,
Canarias,CCAA,2019,Hombres,45_54,24843.94,0,0,INE_EES_28201,1,0,
Canarias,CCAA,2020,Hombres,45_54,25134.58,0,0,INE_EES_28201,1,0,
Canarias,CCAA,2021,Hombres,45_54,26022.08,0,0,INE_EES_28201,1,0,
Canarias,CCAA,2022,Hombres,45_54,25952.24,0,0,INE_EES_28201,1,0,
Canarias,CCAA,2023,Hombres,45_54,27410.44,0,0,INE_EES_28201,1,0,
Canarias,CCAA,2010,Hombres,55_plus,25190.94,0,0,INE_EES_28201,1,0,
Canarias,CCAA,2011,Hombres,55_plus,24669.47,0,0,INE_EES_28201,1,0,
Canarias,CCAA,2012,Hombres,55_plus,25473.46,0,0,INE_EES_28201,1,0,
Canarias,CCAA,2013,Hombres,55_plus,24201.48,0,0,INE_EES_28201,1,0,
Canarias,CCAA,2014,Hombres,55_plus,26337.05,0,0,INE_EES_28201,1,0,
Canarias,CCAA,2015,Hombres,55_plus,25475.37,0,0,INE_EES_28201,1,0,
Canarias,CCAA,2016,Hombres,55_plus,25640.59,0,0,INE_EES_28201,1,0,
Canarias,CCAA,2017,Hombres,55_plus,26455.16,0,0,INE_EES_28201,1,0,
Canarias,CCAA,2018,Hombres,55_plus,24488.86,0,0,INE_EES_28201,1,0,
Canarias,CCAA,2019,Hombres,55_plus,25544.19,0,0,INE_EES_28201,1,0,
Canarias,CCAA,2020,Hombres,55_plus,26823.13,0,0,INE_EES_28201,1,0,
Canarias,CCAA,2021,Hombres,55_plus,28541.1,0,0,INE_EES_28201,1,0,
Canarias,CCAA,2022,Hombres,55_plus,26954.98,0,0,INE_EES_28201,1,0,
Canarias,CCAA,2023,Hombres,55_plus,29721.71,0,0,INE_EES_28201,1,0,
Canarias,CCAA,2010,Hombres,all_ages,20986.94,0,0,INE_EES_28201,1,0,
Canarias,CCAA,2011,Hombres,all_ages,21090.86,0,0,INE_EES_28201,1,0,
Canarias,CCAA,2012,Hombres,all_ages,21089.85,0,0,INE_EES_28201,1,0,
Canarias,CCAA,2013,Hombres,all_ages,20678.43,0,0,INE_EES_28201,1,0,
Canarias,CCAA,2014,Hombres,all_ages,20641.49,0,0,INE_EES_28201,1,0,
Canarias,CCAA,2015,Hombres,all_ages,21336.72,0,0,INE_EES_28201,1,0,
Canarias,CCAA,2016,Hombres,all_ages,21149.44,0,0,INE_EES_28201,1,0,
Canarias,CCAA,2017,Hombres,all_ages,21291.66,0,0,INE_EES_28201,1,0,
Canarias,CCAA,2018,Hombres,all_ages,22333.63,0,0,INE_EES_28201,1,0,
Canarias,CCAA,2019,Hombres,all_ages,22082.69,0,0,INE_EES_28201,1,0,
Canarias,CCAA,2020,Hombres,all_ages,22697.51,0,0,INE_EES_28201,1,0,
Canarias,CCAA,2021,Hombres,all_ages,23619.76,0,0,INE_EES_28201,1,0,
Canarias,CCAA,2022,Hombres,all_ages,23588.7,0,0,INE_EES_28201,1,0,
Canarias,CCAA,2023,Hombres,all_ages,24604.44,0,0,INE_EES_28201,1,0,
Canarias,CCAA,2010,Hombres,lt_25,12163.4,0,1,INE_EES_28201,1,0,
Canarias,CCAA,2011,Hombres,lt_25,12132.28,0,1,INE_EES_28201,1,0,
Canarias,CCAA,2012,Hombres,lt_25,10575.88,0,1,INE_EES_28201,1,0,
Canarias,CCAA,2013,Hombres,lt_25,9852.41,0,1,INE_EES_28201,1,0,
Canarias,CCAA,2014,Hombres,lt_25,11585.5,0,1,INE_EES_28201,1,0,
Canarias,CCAA,2015,Hombres,lt_25,13512.66,0,1,INE_EES_28201,1,0,
Canarias,CCAA,2016,Hombres,lt_25,13431.45,1,0,INE_EES_28201,0,1,linear_interpolation
Canarias,CCAA,2017,Hombres,lt_25,13350.24,0,1,INE_EES_28201,1,0,
Canarias,CCAA,2018,Hombres,lt_25,14326.96,0,1,INE_EES_28201,1,0,
Canarias,CCAA,2019,Hombres,lt_25,12695.22,0,1,INE_EES_28201,1,0,
Canarias,CCAA,2020,Hombres,lt_25,12505.41,0,1,INE_EES_28201,1,0,
Canarias,CCAA,2021,Hombres,lt_25,12257.73,0,1,INE_EES_28201,1,0,
Canarias,CCAA,2022,Hombres,lt_25,14644.58,0,1,INE_EES_28201,1,0,
Canarias,CCAA,2023,Hombres,lt_25,15191.81,0,1,INE_EES_28201,1,0,
Canarias,CCAA,2010,Mujeres,25_34,15803.28,0,0,INE_EES_28201,1,0,
Canarias,CCAA,2011,Mujeres,25_34,14919.74,0,0,INE_EES_28201,1,0,
Canarias,CCAA,2012,Mujeres,25_34,13688.66,0,0,INE_EES_28201,1,0,
Canarias,CCAA,2013,Mujeres,25_34,13951.78,0,0,INE_EES_28201,1,0,
Canarias,CCAA,2014,Mujeres,25_34,15230.17,0,0,INE_EES_28201,1,0,
Canarias,CCAA,2015,Mujeres,25_34,14132.95,0,0,INE_EES_28201,1,0,
Canarias,CCAA,2016,Mujeres,25_34,14162.43,0,0,INE_EES_28201,1,0,
Canarias,CCAA,2017,Mujeres,25_34,14681.22,0,0,INE_EES_28201,1,0,
Canarias,CCAA,2018,Mujeres,25_34,15690.63,0,0,INE_EES_28201,1,0,
Canarias,CCAA,2019,Mujeres,25_34,15843.22,0,0,INE_EES_28201,1,0,
Canarias,CCAA,2020,Mujeres,25_34,15823.03,0,0,INE_EES_28201,1,0,
Canarias,CCAA,2021,Mujeres,25_34,15607.75,0,0,INE_EES_28201,1,0,
Canarias,CCAA,2022,Mujeres,25_34,18466.81,0,0,INE_EES_28201,1,0,
Canarias,CCAA,2023,Mujeres,25_34,18451.73,0,0,INE_EES_28201,1,0,
Canarias,CCAA,2010,Mujeres,35_44,18644.36,0,0,INE_EES_28201,1,0,
Canarias,CCAA,2011,Mujeres,35_44,19341.58,0,0,INE_EES_28201,1,0,
Canarias,CCAA,2012,Mujeres,35_44,18880.1,0,0,INE_EES_28201,1,0,
Canarias,CCAA,2013,Mujeres,35_44,18324.45,0,0,INE_EES_28201,1,0,
Canarias,CCAA,2014,Mujeres,35_44,18715.04,0,0,INE_EES_28201,1,0,
Canarias,CCAA,2015,Mujeres,35_44,19129.05,0,0,INE_EES_28201,1,0,
Canarias,CCAA,2016,Mujeres,35_44,18269.14,0,0,INE_EES_28201,1,0,
Canarias,CCAA,2017,Mujeres,35_44,19091.62,0,0,INE_EES_28201,1,0,
Canarias,CCAA,2018,Mujeres,35_44,20066.9,0,0,INE_EES_28201,1,0,
Canarias,CCAA,2019,Mujeres,35_44,19141.64,0,0,INE_EES_28201,1,0,
Canarias,CCAA,2020,Mujeres,35_44,19744.06,0,0,INE_EES_28201,1,0,
Canarias,CCAA,2021,Mujeres,35_44,20681.56,0,0,INE_EES_28201,1,0,
Canarias,CCAA,2022,Mujeres,35_44,22418.54,0,0,INE_EES_28201,1,0,
Canarias,CCAA,2023,Mujeres,35_44,23470.38,0,0,INE_EES_28201,1,0,
Canarias,CCAA,2010,Mujeres,45_54,18834.74,0,0,INE_EES_28201,1,0,
Canarias,CCAA,2011,Mujeres,45_54,19721.25,0,0,INE_EES_28201,1,0,
Canarias,CCAA,2012,Mujeres,45_54,20059.74,0,0,INE_EES_28201,1,0,
Canarias,CCAA,2013,Mujeres,45_54,20018.51,0,0,INE_EES_28201,1,0,
Canarias,CCAA,2014,Mujeres,45_54,20244.48,0,0,INE_EES_28201,1,0,
Canarias,CCAA,2015,Mujeres,45_54,20321.17,0,0,INE_EES_28201,1,0,
Canarias,CCAA,2016,Mujeres,45_54,20279.04,0,0,INE_EES_28201,1,0,
Canarias,CCAA,2017,Mujeres,45_54,21010.68,0,0,INE_EES_28201,1,0,
Canarias,CCAA,2018,Mujeres,45_54,20807.97,0,0,INE_EES_28201,1,0,
Canarias,CCAA,2019,Mujeres,45_54,22417.1,0,0,INE_EES_28201,1,0,
Canarias,CCAA,2020,Mujeres,45_54,22879.63,0,0,INE_EES_28201,1,0,
Canarias,CCAA,2021,Mujeres,45_54,23279.89,0,0,INE_EES_28201,1,0,
Canarias,CCAA,2022,Mujeres,45_54,25216.09,0,0,INE_EES_28201,1,0,
Canarias,CCAA,2023,Mujeres,45_54,25980.45,0,0,INE_EES_28201,1,0,
Canarias,CCAA,2010,Mujeres,55_plus,20547.26,0,1,INE_EES_28201,1,0,
Canarias,CCAA,2011,Mujeres,55_plus,19887.63,0,1,INE_EES_28201,1,0,
Canarias,CCAA,2012,Mujeres,55_plus,19002.23,0,1,INE_EES_28201,1,0,
Canarias,CCAA,2013,Mujeres,55_plus,19721.82,0,0,INE_EES_28201,1,0,
Canarias,CCAA,2014,Mujeres,55_plus,21184.46,0,1,INE_EES_28201,1,0,
Canarias,CCAA,2015,Mujeres,55_plus,20354.84,0,0,INE_EES_28201,1,0,
Canarias,CCAA,2016,Mujeres,55_plus,20425.09,0,0,INE_EES_28201,1,0,
Canarias,CCAA,2017,Mujeres,55_plus,20385.39,0,0,INE_EES_28201,1,0,
Canarias,CCAA,2018,Mujeres,55_plus,22215.28,0,0,INE_EES_28201,1,0,
Canarias,CCAA,2019,Mujeres,55_plus,22553.38,0,0,INE_EES_28201,1,0,
Canarias,CCAA,2020,Mujeres,55_plus,23370.72,0,0,INE_EES_28201,1,0,
Canarias,CCAA,2021,Mujeres,55_plus,23766.09,0,0,INE_EES_28201,1,0,
Canarias,CCAA,2022,Mujeres,55_plus,25504.19,0,0,INE_EES_28201,1,0,
Canarias,CCAA,2023,Mujeres,55_plus,25346.74,0,0,INE_EES_28201,1,0,
Canarias,CCAA,2010,Mujeres,all_ages,17601.79,0,0,INE_EES_28201,1,0,
Canarias,CCAA,2011,Mujeres,all_ages,17824.94,0,0,INE_EES_28201,1,0,
Canarias,CCAA,2012,Mujeres,all_ages,17498.71,0,0,INE_EES_28201,1,0,
Canarias,CCAA,2013,Mujeres,all_ages,17619.86,0,0,INE_EES_28201,1,0,
Canarias,CCAA,2014,Mujeres,all_ages,18201.48,0,0,INE_EES_28201,1,0,
Canarias,CCAA,2015,Mujeres,all_ages,18279.76,0,0,INE_EES_28201,1,0,
Canarias,CCAA,2016,Mujeres,all_ages,18211.44,0,0,INE_EES_28201,1,0,
Canarias,CCAA,2017,Mujeres,all_ages,18917.73,0,0,INE_EES_28201,1,0,
Canarias,CCAA,2018,Mujeres,all_ages,19051.01,0,0,INE_EES_28201,1,0,
Canarias,CCAA,2019,Mujeres,all_ages,19540.82,0,0,INE_EES_28201,1,0,
Canarias,CCAA,2020,Mujeres,all_ages,20461.63,0,0,INE_EES_28201,1,0,
Canarias,CCAA,2021,Mujeres,all_ages,21178.57,0,0,INE_EES_28201,1,0,
Canarias,CCAA,2022,Mujeres,all_ages,22574.98,0,0,INE_EES_28201,1,0,
Canarias,CCAA,2023,Mujeres,all_ages,23439.06,0,0,INE_EES_28201,1,0,
Canarias,CCAA,2010,Mujeres,lt_25,11037.94,0,1,INE_EES_28201,1,0,
Canarias,CCAA,2011,Mujeres,lt_25,9851.99,0,1,INE_EES_28201,1,0,
Canarias,CCAA,2012,Mujeres,lt_25,9298.81,0,1,INE_EES_28201,1,0,
Canarias,CCAA,2013,Mujeres,lt_25,10309.165,1,0,INE_EES_28201,0,1,linear_interpolation
Canarias,CCAA,2014,Mujeres,lt_25,11319.52,0,1,INE_EES_28201,1,0,
Canarias,CCAA,2015,Mujeres,lt_25,11168.905,1,0,INE_EES_28201,0,1,linear_interpolation
Canarias,CCAA,2016,Mujeres,lt_25,11018.29,0,1,INE_EES_28201,1,0,
Canarias,CCAA,2017,Mujeres,lt_25,10626.330000000002,1,0,INE_EES_28201,0,1,linear_interpolation
Canarias,CCAA,2018,Mujeres,lt_25,10234.37,0,1,INE_EES_28201,1,0,
Canarias,CCAA,2019,Mujeres,lt_25,9659.96,0,1,INE_EES_28201,1,0,
Canarias,CCAA,2020,Mujeres,lt_25,10602.91,1,0,INE_EES_28201,0,1,linear_interpolation
Canarias,CCAA,2021,Mujeres,lt_25,11545.859999999999,1,0,INE_EES_28201,0,1,linear_interpolation
Canarias,CCAA,2022,Mujeres,lt_25,12488.81,0,1,INE_EES_28201,1,0,
Canarias,CCAA,2023,Mujeres,lt_25,14494.68,0,1,INE_EES_28201,1,0,
Canarias,CCAA,2010,Total,25_34,16855.12,0,0,INE_EES_28201,1,0,
Canarias,CCAA,2011,Total,25_34,15914.18,0,0,INE_EES_28201,1,0,
Canarias,CCAA,2012,Total,25_34,14609.27,0,0,INE_EES_28201,1,0,
Canarias,CCAA,2013,Total,25_34,14587.94,0,0,INE_EES_28201,1,0,
Canarias,CCAA,2014,Total,25_34,15419.07,0,0,INE_EES_28201,1,0,
Canarias,CCAA,2015,Total,25_34,14968.51,0,0,INE_EES_28201,1,0,
Canarias,CCAA,2016,Total,25_34,15008.79,0,0,INE_EES_28201,1,0,
Canarias,CCAA,2017,Total,25_34,15294.99,0,0,INE_EES_28201,1,0,
Canarias,CCAA,2018,Total,25_34,16988.89,0,0,INE_EES_28201,1,0,
Canarias,CCAA,2019,Total,25_34,16467.9,0,0,INE_EES_28201,1,0,
Canarias,CCAA,2020,Total,25_34,16608.61,0,0,INE_EES_28201,1,0,
Canarias,CCAA,2021,Total,25_34,16477.75,0,0,INE_EES_28201,1,0,
Canarias,CCAA,2022,Total,25_34,18834.42,0,0,INE_EES_28201,1,0,
Canarias,CCAA,2023,Total,25_34,18742.5,0,0,INE_EES_28201,1,0,
Canarias,CCAA,2010,Total,35_44,19981.27,0,0,INE_EES_28201,1,0,
Canarias,CCAA,2011,Total,35_44,20180.39,0,0,INE_EES_28201,1,0,
Canarias,CCAA,2012,Total,35_44,19777.79,0,0,INE_EES_28201,1,0,
Canarias,CCAA,2013,Total,35_44,19249.08,0,0,INE_EES_28201,1,0,
Canarias,CCAA,2014,Total,35_44,19131.2,0,0,INE_EES_28201,1,0,
Canarias,CCAA,2015,Total,35_44,20029.07,0,0,INE_EES_28201,1,0,
Canarias,CCAA,2016,Total,35_44,19226.93,0,0,INE_EES_28201,1,0,
Canarias,CCAA,2017,Total,35_44,19698.42,0,0,INE_EES_28201,1,0,
Canarias,CCAA,2018,Total,35_44,20813.72,0,0,INE_EES_28201,1,0,
Canarias,CCAA,2019,Total,35_44,20495.01,0,0,INE_EES_28201,1,0,
Canarias,CCAA,2020,Total,35_44,20922.58,0,0,INE_EES_28201,1,0,
Canarias,CCAA,2021,Total,35_44,21674.09,0,0,INE_EES_28201,1,0,
Canarias,CCAA,2022,Total,35_44,22490.52,0,0,INE_EES_28201,1,0,
Canarias,CCAA,2023,Total,35_44,23124.02,0,0,INE_EES_28201,1,0,
Canarias,CCAA,2010,Total,45_54,21137.26,0,0,INE_EES_28201,1,0,
Canarias,CCAA,2011,Total,45_54,22284.33,0,0,INE_EES_28201,1,0,
Canarias,CCAA,2012,Total,45_54,22246.07,0,0,INE_EES_28201,1,0,
Canarias,CCAA,2013,Total,45_54,22127.62,0,0,INE_EES_28201,1,0,
Canarias,CCAA,2014,Total,45_54,22394.51,0,0,INE_EES_28201,1,0,
Canarias,CCAA,2015,Total,45_54,22148.07,0,0,INE_EES_28201,1,0,
Canarias,CCAA,2016,Total,45_54,21965.2,0,0,INE_EES_28201,1,0,
Canarias,CCAA,2017,Total,45_54,22336.38,0,0,INE_EES_28201,1,0,
Canarias,CCAA,2018,Total,45_54,23122.47,0,0,INE_EES_28201,1,0,
Canarias,CCAA,2019,Total,45_54,23736.61,0,0,INE_EES_28201,1,0,
Canarias,CCAA,2020,Total,45_54,24055.8,0,0,INE_EES_28201,1,0,
Canarias,CCAA,2021,Total,45_54,24722.21,0,0,INE_EES_28201,1,0,
Canarias,CCAA,2022,Total,45_54,25602.61,0,0,INE_EES_28201,1,0,
Canarias,CCAA,2023,Total,45_54,26719.15,0,0,INE_EES_28201,1,0,
Canarias,CCAA,2010,Total,55_plus,23305.04,0,0,INE_EES_28201,1,0,
Canarias,CCAA,2011,Total,55_plus,22707.78,0,0,INE_EES_28201,1,0,
Canarias,CCAA,2012,Total,55_plus,22665.03,0,0,INE_EES_28201,1,0,
Canarias,CCAA,2013,Total,55_plus,22307.08,0,0,INE_EES_28201,1,0,
Canarias,CCAA,2014,Total,55_plus,23981.38,0,0,INE_EES_28201,1,0,
Canarias,CCAA,2015,Total,55_plus,23185.89,0,0,INE_EES_28201,1,0,
Canarias,CCAA,2016,Total,55_plus,23238.05,0,0,INE_EES_28201,1,0,
Canarias,CCAA,2017,Total,55_plus,23573.26,0,0,INE_EES_28201,1,0,
Canarias,CCAA,2018,Total,55_plus,23592.7,0,0,INE_EES_28201,1,0,
Canarias,CCAA,2019,Total,55_plus,24158.45,0,0,INE_EES_28201,1,0,
Canarias,CCAA,2020,Total,55_plus,25189.73,0,0,INE_EES_28201,1,0,
Canarias,CCAA,2021,Total,55_plus,26224.51,0,0,INE_EES_28201,1,0,
Canarias,CCAA,2022,Total,55_plus,26303.96,0,0,INE_EES_28201,1,0,
Canarias,CCAA,2023,Total,55_plus,27512.67,0,0,INE_EES_28201,1,0,
Canarias,CCAA,2010,Total,all_ages,19315.56,0,0,INE_EES_28201,1,0,
Canarias,CCAA,2011,Total,all_ages,19516.96,0,0,INE_EES_28201,1,0,
Canarias,CCAA,2012,Total,all_ages,19277.62,0,0,INE_EES_28201,1,0,
Canarias,CCAA,2013,Total,all_ages,19167.93,0,0,INE_EES_28201,1,0,
Canarias,CCAA,2014,Total,all_ages,19436.48,0,0,INE_EES_28201,1,0,
Canarias,CCAA,2015,Total,all_ages,19856.61,0,0,INE_EES_28201,1,0,
Canarias,CCAA,2016,Total,all_ages,19749.03,0,0,INE_EES_28201,1,0,
Canarias,CCAA,2017,Total,all_ages,20185.33,0,0,INE_EES_28201,1,0,
Canarias,CCAA,2018,Total,all_ages,20763.48,0,0,INE_EES_28201,1,0,
Canarias,CCAA,2019,Total,all_ages,20861.14,0,0,INE_EES_28201,1,0,
Canarias,CCAA,2020,Total,all_ages,21631.17,0,0,INE_EES_28201,1,0,
Canarias,CCAA,2021,Total,all_ages,22466.23,0,0,INE_EES_28201,1,0,
Canarias,CCAA,2022,Total,all_ages,23096.92,0,0,INE_EES_28201,1,0,
Canarias,CCAA,2023,Total,all_ages,24033.57,0,0,INE_EES_28201,1,0,
Canarias,CCAA,2010,Total,lt_25,11562.6,0,1,INE_EES_28201,1,0,
Canarias,CCAA,2011,Total,lt_25,10953.24,0,1,INE_EES_28201,1,0,
Canarias,CCAA,2012,Total,lt_25,9913.79,0,1,INE_EES_28201,1,0,
Canarias,CCAA,2013,Total,lt_25,9149.41,0,1,INE_EES_28201,1,0,
Canarias,CCAA,2014,Total,lt_25,11431.23,0,1,INE_EES_28201,1,0,
Canarias,CCAA,2015,Total,lt_25,11977.74,0,1,INE_EES_28201,1,0,
Canarias,CCAA,2016,Total,lt_25,11432.4,0,1,INE_EES_28201,1,0,
Canarias,CCAA,2017,Total,lt_25,12609.45,0,1,INE_EES_28201,1,0,
Canarias,CCAA,2018,Total,lt_25,12182.4,0,1,INE_EES_28201,1,0,
Canarias,CCAA,2019,Total,lt_25,11318.63,0,1,INE_EES_28201,1,0,
Canarias,CCAA,2020,Total,lt_25,11499.29,0,1,INE_EES_28201,1,0,
Canarias,CCAA,2021,Total,lt_25,11614.77,0,1,INE_EES_28201,1,0,
Canarias,CCAA,2022,Total,lt_25,13576.08,0,1,INE_EES_28201,1,0,
Canarias,CCAA,2023,Total,lt_25,14903.24,0,1,INE_EES_28201,1,0,
Cantabria,CCAA,2010,Hombres,25_34,20269.91,0,0,INE_EES_28201,1,0,
Cantabria,CCAA,2011,Hombres,25_34,20185.82,0,0,INE_EES_28201,1,0,
Cantabria,CCAA,2012,Hombres,25_34,19522.44,0,0,INE_EES_28201,1,0,
Cantabria,CCAA,2013,Hombres,25_34,19501.71,0,0,INE_EES_28201,1,0,
Cantabria,CCAA,2014,Hombres,25_34,19620.69,0,0,INE_EES_28201,1,0,
Cantabria,CCAA,2015,Hombres,25_34,20056.26,0,0,INE_EES_28201,1,0,
Cantabria,CCAA,2016,Hombres,25_34,18994.26,0,1,INE_EES_28201,1,0,
Cantabria,CCAA,2017,Hombres,25_34,18243.02,0,0,INE_EES_28201,1,0,
Cantabria,CCAA,2018,Hombres,25_34,19307.37,0,1,INE_EES_28201,1,0,
Cantabria,CCAA,2019,Hombres,25_34,20070.59,0,0,INE_EES_28201,1,0,
Cantabria,CCAA,2020,Hombres,25_34,20508.93,0,1,INE_EES_28201,1,0,
Cantabria,CCAA,2021,Hombres,25_34,21214.14,0,0,INE_EES_28201,1,0,
Cantabria,CCAA,2022,Hombres,25_34,22314.39,0,0,INE_EES_28201,1,0,
Cantabria,CCAA,2023,Hombres,25_34,23808.04,0,1,INE_EES_28201,1,0,
Cantabria,CCAA,2010,Hombres,35_44,25153.6,0,0,INE_EES_28201,1,0,
Cantabria,CCAA,2011,Hombres,35_44,24306.58,0,0,INE_EES_28201,1,0,
Cantabria,CCAA,2012,Hombres,35_44,24115.84,0,0,INE_EES_28201,1,0,
Cantabria,CCAA,2013,Hombres,35_44,22797.89,0,0,INE_EES_28201,1,0,
Cantabria,CCAA,2014,Hombres,35_44,25240.86,0,0,INE_EES_28201,1,0,
Cantabria,CCAA,2015,Hombres,35_44,23905.35,0,0,INE_EES_28201,1,0,
Cantabria,CCAA,2016,Hombres,35_44,24112.18,0,0,INE_EES_28201,1,0,
Cantabria,CCAA,2017,Hombres,35_44,24993.97,0,0,INE_EES_28201,1,0,
Cantabria,CCAA,2018,Hombres,35_44,25199.55,0,0,INE_EES_28201,1,0,
Cantabria,CCAA,2019,Hombres,35_44,25998.19,0,0,INE_EES_28201,1,0,
Cantabria,CCAA,2020,Hombres,35_44,25709.51,0,0,INE_EES_28201,1,0,
Cantabria,CCAA,2021,Hombres,35_44,26282.33,0,0,INE_EES_28201,1,0,
Cantabria,CCAA,2022,Hombres,35_44,26789.73,0,0,INE_EES_28201,1,0,
Cantabria,CCAA,2023,Hombres,35_44,27706.06,0,0,INE_EES_28201,1,0,
Cantabria,CCAA,2010,Hombres,45_54,27679.9,0,0,INE_EES_28201,1,0,
Cantabria,CCAA,2011,Hombres,45_54,27028.28,0,0,INE_EES_28201,1,0,
Cantabria,CCAA,2012,Hombres,45_54,25422.49,0,0,INE_EES_28201,1,0,
Cantabria,CCAA,2013,Hombres,45_54,25629.57,0,0,INE_EES_28201,1,0,
Cantabria,CCAA,2014,Hombres,45_54,27903.36,0,0,INE_EES_28201,1,0,
Cantabria,CCAA,2015,Hombres,45_54,27929.05,0,0,INE_EES_28201,1,0,
Cantabria,CCAA,2016,Hombres,45_54,27922.0,0,0,INE_EES_28201,1,0,
Cantabria,CCAA,2017,Hombres,45_54,26891.24,0,0,INE_EES_28201,1,0,
Cantabria,CCAA,2018,Hombres,45_54,27679.56,0,0,INE_EES_28201,1,0,
Cantabria,CCAA,2019,Hombres,45_54,27343.48,0,0,INE_EES_28201,1,0,
Cantabria,CCAA,2020,Hombres,45_54,27872.16,0,0,INE_EES_28201,1,0,
Cantabria,CCAA,2021,Hombres,45_54,29501.29,0,0,INE_EES_28201,1,0,
Cantabria,CCAA,2022,Hombres,45_54,32109.52,0,0,INE_EES_28201,1,0,
Cantabria,CCAA,2023,Hombres,45_54,32618.61,0,0,INE_EES_28201,1,0,
Cantabria,CCAA,2010,Hombres,55_plus,24020.49,0,0,INE_EES_28201,1,0,
Cantabria,CCAA,2011,Hombres,55_plus,25653.63,0,0,INE_EES_28201,1,0,
Cantabria,CCAA,2012,Hombres,55_plus,24388.35,0,0,INE_EES_28201,1,0,
Cantabria,CCAA,2013,Hombres,55_plus,25644.41,0,0,INE_EES_28201,1,0,
Cantabria,CCAA,2014,Hombres,55_plus,24894.07,0,0,INE_EES_28201,1,0,
Cantabria,CCAA,2015,Hombres,55_plus,27789.94,0,0,INE_EES_28201,1,0,
Cantabria,CCAA,2016,Hombres,55_plus,28312.59,0,0,INE_EES_28201,1,0,
Cantabria,CCAA,2017,Hombres,55_plus,29111.32,0,0,INE_EES_28201,1,0,
Cantabria,CCAA,2018,Hombres,55_plus,28398.09,0,0,INE_EES_28201,1,0,
Cantabria,CCAA,2019,Hombres,55_plus,29137.11,0,0,INE_EES_28201,1,0,
Cantabria,CCAA,2020,Hombres,55_plus,27573.02,0,0,INE_EES_28201,1,0,
Cantabria,CCAA,2021,Hombres,55_plus,29673.91,0,0,INE_EES_28201,1,0,
Cantabria,CCAA,2022,Hombres,55_plus,29817.15,0,0,INE_EES_28201,1,0,
Cantabria,CCAA,2023,Hombres,55_plus,31495.75,0,0,INE_EES_28201,1,0,
Cantabria,CCAA,2010,Hombres,all_ages,23924.51,0,0,INE_EES_28201,1,0,
Cantabria,CCAA,2011,Hombres,all_ages,23793.64,0,0,INE_EES_28201,1,0,
Cantabria,CCAA,2012,Hombres,all_ages,23309.9,0,0,INE_EES_28201,1,0,
Cantabria,CCAA,2013,Hombres,all_ages,23224.6,0,0,INE_EES_28201,1,0,
Cantabria,CCAA,2014,Hombres,all_ages,24685.21,0,0,INE_EES_28201,1,0,
Cantabria,CCAA,2015,Hombres,all_ages,25259.83,0,0,INE_EES_28201,1,0,
Cantabria,CCAA,2016,Hombres,all_ages,25210.05,0,0,INE_EES_28201,1,0,
Cantabria,CCAA,2017,Hombres,all_ages,25249.94,0,0,INE_EES_28201,1,0,
Cantabria,CCAA,2018,Hombres,all_ages,25349.01,0,0,INE_EES_28201,1,0,
Cantabria,CCAA,2019,Hombres,all_ages,25795.43,0,0,INE_EES_28201,1,0,
Cantabria,CCAA,2020,Hombres,all_ages,25804.13,0,0,INE_EES_28201,1,0,
Cantabria,CCAA,2021,Hombres,all_ages,27233.75,0,0,INE_EES_28201,1,0,
Cantabria,CCAA,2022,Hombres,all_ages,27820.83,0,0,INE_EES_28201,1,0,
Cantabria,CCAA,2023,Hombres,all_ages,29145.64,0,0,INE_EES_28201,1,0,
Cantabria,CCAA,2010,Hombres,lt_25,16524.06,0,1,INE_EES_28201,1,0,
Cantabria,CCAA,2011,Hombres,lt_25,12926.62,0,1,INE_EES_28201,1,0,
Cantabria,CCAA,2012,Hombres,lt_25,11979.2613252325,1,0,INE_EES_28201,0,1,national_growth_forward
Cantabria,CCAA,2013,Hombres,lt_25,11473.207494444001,1,0,INE_EES_28201,0,1,national_growth_forward
Cantabria,CCAA,2014,Hombres,lt_25,12617.480248567697,1,0,INE_EES_28201,0,1,national_growth_forward
Cantabria,CCAA,2015,Hombres,lt_25,12257.251883284034,1,0,INE_EES_28201,0,1,national_growth_forward
Cantabria,CCAA,2016,Hombres,lt_25,12163.046487062647,1,0,INE_EES_28201,0,1,national_growth_forward
Cantabria,CCAA,2017,Hombres,lt_25,12586.144061608973,1,0,INE_EES_28201,0,1,national_growth_forward
Cantabria,CCAA,2018,Hombres,lt_25,13506.477243478028,1,0,INE_EES_28201,0,1,national_growth_forward
Cantabria,CCAA,2019,Hombres,lt_25,13018.13859375916,1,0,INE_EES_28201,0,1,national_growth_forward
Cantabria,CCAA,2020,Hombres,lt_25,13565.49832174168,1,0,INE_EES_28201,0,1,national_growth_forward
Cantabria,CCAA,2021,Hombres,lt_25,13833.716004903135,1,0,INE_EES_28201,0,1,national_growth_forward
Cantabria,CCAA,2022,Hombres,lt_25,15106.25,0,1,INE_EES_28201,1,0,
Cantabria,CCAA,2023,Hombres,lt_25,14663.0,0,1,INE_EES_28201,1,0,
Cantabria,CCAA,2010,Mujeres,25_34,16315.05,0,0,INE_EES_28201,1,0,
Cantabria,CCAA,2011,Mujeres,25_34,15199.75,0,0,INE_EES_28201,1,0,
Cantabria,CCAA,2012,Mujeres,25_34,14571.5,0,0,INE_EES_28201,1,0,
Cantabria,CCAA,2013,Mujeres,25_34,14081.74,0,0,INE_EES_28201,1,0,
Cantabria,CCAA,2014,Mujeres,25_34,15332.08,0,0,INE_EES_28201,1,0,
Cantabria,CCAA,2015,Mujeres,25_34,14111.95,0,0,INE_EES_28201,1,0,
Cantabria,CCAA,2016,Mujeres,25_34,14279.19,0,1,INE_EES_28201,1,0,
Cantabria,CCAA,2017,Mujeres,25_34,14845.9,0,1,INE_EES_28201,1,0,
Cantabria,CCAA,2018,Mujeres,25_34,17265.4,0,1,INE_EES_28201,1,0,
Cantabria,CCAA,2019,Mujeres,25_34,19268.66,0,1,INE_EES_28201,1,0,
Cantabria,CCAA,2020,Mujeres,25_34,18945.36,0,1,INE_EES_28201,1,0,
Cantabria,CCAA,2021,Mujeres,25_34,19791.41,0,1,INE_EES_28201,1,0,
Cantabria,CCAA,2022,Mujeres,25_34,19090.32,0,1,INE_EES_28201,1,0,
Cantabria,CCAA,2023,Mujeres,25_34,21569.45,0,1,INE_EES_28201,1,0,
Cantabria,CCAA,2010,Mujeres,35_44,18634.66,0,0,INE_EES_28201,1,0,
Cantabria,CCAA,2011,Mujeres,35_44,18161.22,0,0,INE_EES_28201,1,0,
Cantabria,CCAA,2012,Mujeres,35_44,16971.19,0,0,INE_EES_28201,1,0,
Cantabria,CCAA,2013,Mujeres,35_44,17121.2,0,0,INE_EES_28201,1,0,
Cantabria,CCAA,2014,Mujeres,35_44,17847.5,0,0,INE_EES_28201,1,0,
Cantabria,CCAA,2015,Mujeres,35_44,17371.34,0,0,INE_EES_28201,1,0,
Cantabria,CCAA,2016,Mujeres,35_44,17555.58,0,0,INE_EES_28201,1,0,
Cantabria,CCAA,2017,Mujeres,35_44,19286.16,0,0,INE_EES_28201,1,0,
Cantabria,CCAA,2018,Mujeres,35_44,19690.52,0,0,INE_EES_28201,1,0,
Cantabria,CCAA,2019,Mujeres,35_44,20139.15,0,0,INE_EES_28201,1,0,
Cantabria,CCAA,2020,Mujeres,35_44,21227.98,0,0,INE_EES_28201,1,0,
Cantabria,CCAA,2021,Mujeres,35_44,21496.57,0,0,INE_EES_28201,1,0,
Cantabria,CCAA,2022,Mujeres,35_44,21995.77,0,0,INE_EES_28201,1,0,
Cantabria,CCAA,2023,Mujeres,35_44,22952.16,0,0,INE_EES_28201,1,0,
Cantabria,CCAA,2010,Mujeres,45_54,19722.34,0,0,INE_EES_28201,1,0,
Cantabria,CCAA,2011,Mujeres,45_54,20204.89,0,0,INE_EES_28201,1,0,
Cantabria,CCAA,2012,Mujeres,45_54,18376.82,0,0,INE_EES_28201,1,0,
Cantabria,CCAA,2013,Mujeres,45_54,17937.68,0,0,INE_EES_28201,1,0,
Cantabria,CCAA,2014,Mujeres,45_54,19634.04,0,0,INE_EES_28201,1,0,
Cantabria,CCAA,2015,Mujeres,45_54,20576.62,0,0,INE_EES_28201,1,0,
Cantabria,CCAA,2016,Mujeres,45_54,19613.0,0,0,INE_EES_28201,1,0,
Cantabria,CCAA,2017,Mujeres,45_54,19864.05,0,0,INE_EES_28201,1,0,
Cantabria,CCAA,2018,Mujeres,45_54,20871.9,0,0,INE_EES_28201,1,0,
Cantabria,CCAA,2019,Mujeres,45_54,21127.99,0,0,INE_EES_28201,1,0,
Cantabria,CCAA,2020,Mujeres,45_54,21804.96,0,0,INE_EES_28201,1,0,
Cantabria,CCAA,2021,Mujeres,45_54,22875.39,0,0,INE_EES_28201,1,0,
Cantabria,CCAA,2022,Mujeres,45_54,23487.15,0,0,INE_EES_28201,1,0,
Cantabria,CCAA,2023,Mujeres,45_54,24485.15,0,0,INE_EES_28201,1,0,
Cantabria,CCAA,2010,Mujeres,55_plus,19520.32,0,1,INE_EES_28201,1,0,
Cantabria,CCAA,2011,Mujeres,55_plus,19772.55,0,1,INE_EES_28201,1,0,
Cantabria,CCAA,2012,Mujeres,55_plus,18958.19,0,1,INE_EES_28201,1,0,
Cantabria,CCAA,2013,Mujeres,55_plus,17378.38,0,1,INE_EES_28201,1,0,
Cantabria,CCAA,2014,Mujeres,55_plus,19076.05,0,1,INE_EES_28201,1,0,
Cantabria,CCAA,2015,Mujeres,55_plus,20228.87,0,1,INE_EES_28201,1,0,
Cantabria,CCAA,2016,Mujeres,55_plus,21811.03,0,1,INE_EES_28201,1,0,
Cantabria,CCAA,2017,Mujeres,55_plus,22147.01,0,1,INE_EES_28201,1,0,
Cantabria,CCAA,2018,Mujeres,55_plus,21335.97,0,1,INE_EES_28201,1,0,
Cantabria,CCAA,2019,Mujeres,55_plus,22740.86,0,1,INE_EES_28201,1,0,
Cantabria,CCAA,2020,Mujeres,55_plus,21905.01,0,0,INE_EES_28201,1,0,
Cantabria,CCAA,2021,Mujeres,55_plus,22414.75,0,0,INE_EES_28201,1,0,
Cantabria,CCAA,2022,Mujeres,55_plus,25528.33,0,0,INE_EES_28201,1,0,
Cantabria,CCAA,2023,Mujeres,55_plus,25845.41,0,0,INE_EES_28201,1,0,
Cantabria,CCAA,2010,Mujeres,all_ages,17887.59,0,0,INE_EES_28201,1,0,
Cantabria,CCAA,2011,Mujeres,all_ages,17606.84,0,0,INE_EES_28201,1,0,
Cantabria,CCAA,2012,Mujeres,all_ages,16771.99,0,0,INE_EES_28201,1,0,
Cantabria,CCAA,2013,Mujeres,all_ages,16542.34,0,0,INE_EES_28201,1,0,
Cantabria,CCAA,2014,Mujeres,all_ages,17668.55,0,0,INE_EES_28201,1,0,
Cantabria,CCAA,2015,Mujeres,all_ages,17955.79,0,0,INE_EES_28201,1,0,
Cantabria,CCAA,2016,Mujeres,all_ages,18216.84,0,0,INE_EES_28201,1,0,
Cantabria,CCAA,2017,Mujeres,all_ages,19012.2,0,0,INE_EES_28201,1,0,
Cantabria,CCAA,2018,Mujeres,all_ages,19630.01,0,0,INE_EES_28201,1,0,
Cantabria,CCAA,2019,Mujeres,all_ages,20600.16,0,0,INE_EES_28201,1,0,
Cantabria,CCAA,2020,Mujeres,all_ages,20996.83,0,0,INE_EES_28201,1,0,
Cantabria,CCAA,2021,Mujeres,all_ages,21532.96,0,0,INE_EES_28201,1,0,
Cantabria,CCAA,2022,Mujeres,all_ages,22564.11,0,0,INE_EES_28201,1,0,
Cantabria,CCAA,2023,Mujeres,all_ages,23727.01,0,0,INE_EES_28201,1,0,
Cantabria,CCAA,2010,Mujeres,lt_25,11615.77,0,1,INE_EES_28201,1,0,
Cantabria,CCAA,2011,Mujeres,lt_25,10631.448249068355,1,0,INE_EES_28201,0,1,national_growth_forward
Cantabria,CCAA,2012,Mujeres,lt_25,9835.662582098394,1,0,INE_EES_28201,0,1,national_growth_forward
Cantabria,CCAA,2013,Mujeres,lt_25,9193.345049522783,1,0,INE_EES_28201,0,1,national_growth_forward
Cantabria,CCAA,2014,Mujeres,lt_25,10228.756747901556,1,0,INE_EES_28201,0,1,national_growth_forward
Cantabria,CCAA,2015,Mujeres,lt_25,9453.246443347543,1,0,INE_EES_28201,0,1,national_growth_forward
Cantabria,CCAA,2016,Mujeres,lt_25,9407.22285785374,1,0,INE_EES_28201,0,1,national_growth_forward
Cantabria,CCAA,2017,Mujeres,lt_25,9848.402846501567,1,0,INE_EES_28201,0,1,national_growth_forward
Cantabria,CCAA,2018,Mujeres,lt_25,10644.148855060936,1,0,INE_EES_28201,0,1,national_growth_forward
Cantabria,CCAA,2019,Mujeres,lt_25,11008.31221033611,1,0,INE_EES_28201,0,1,national_growth_forward
Cantabria,CCAA,2020,Mujeres,lt_25,11236.35798585161,1,0,INE_EES_28201,0,1,national_growth_forward
Cantabria,CCAA,2021,Mujeres,lt_25,11400.662780940644,1,0,INE_EES_28201,0,1,national_growth_forward
Cantabria,CCAA,2022,Mujeres,lt_25,13099.262250469877,1,0,INE_EES_28201,0,1,national_growth_forward
Cantabria,CCAA,2023,Mujeres,lt_25,13294.579922643059,1,0,INE_EES_28201,0,1,national_growth_forward
Cantabria,CCAA,2010,Total,25_34,18286.41,0,0,INE_EES_28201,1,0,
Cantabria,CCAA,2011,Total,25_34,17599.31,0,0,INE_EES_28201,1,0,
Cantabria,CCAA,2012,Total,25_34,16886.13,0,0,INE_EES_28201,1,0,
Cantabria,CCAA,2013,Total,25_34,16717.97,0,0,INE_EES_28201,1,0,
Cantabria,CCAA,2014,Total,25_34,17171.14,0,0,INE_EES_28201,1,0,
Cantabria,CCAA,2015,Total,25_34,16777.96,0,0,INE_EES_28201,1,0,
Cantabria,CCAA,2016,Total,25_34,16471.4,0,0,INE_EES_28201,1,0,
Cantabria,CCAA,2017,Total,25_34,16587.16,0,0,INE_EES_28201,1,0,
Cantabria,CCAA,2018,Total,25_34,18289.24,0,0,INE_EES_28201,1,0,
Cantabria,CCAA,2019,Total,25_34,19686.42,0,0,INE_EES_28201,1,0,
Cantabria,CCAA,2020,Total,25_34,19736.18,0,0,INE_EES_28201,1,0,
Cantabria,CCAA,2021,Total,25_34,20501.9,0,0,INE_EES_28201,1,0,
Cantabria,CCAA,2022,Total,25_34,20716.62,0,0,INE_EES_28201,1,0,
Cantabria,CCAA,2023,Total,25_34,22731.62,0,0,INE_EES_28201,1,0,
Cantabria,CCAA,2010,Total,35_44,22112.43,0,0,INE_EES_28201,1,0,
Cantabria,CCAA,2011,Total,35_44,21402.67,0,0,INE_EES_28201,1,0,
Cantabria,CCAA,2012,Total,35_44,20564.54,0,0,INE_EES_28201,1,0,
Cantabria,CCAA,2013,Total,35_44,20036.62,0,0,INE_EES_28201,1,0,
Cantabria,CCAA,2014,Total,35_44,21580.58,0,0,INE_EES_28201,1,0,
Cantabria,CCAA,2015,Total,35_44,20930.28,0,0,INE_EES_28201,1,0,
Cantabria,CCAA,2016,Total,35_44,21259.52,0,0,INE_EES_28201,1,0,
Cantabria,CCAA,2017,Total,35_44,22287.34,0,0,INE_EES_28201,1,0,
Cantabria,CCAA,2018,Total,35_44,22549.69,0,0,INE_EES_28201,1,0,
Cantabria,CCAA,2019,Total,35_44,23087.71,0,0,INE_EES_28201,1,0,
Cantabria,CCAA,2020,Total,35_44,23422.37,0,0,INE_EES_28201,1,0,
Cantabria,CCAA,2021,Total,35_44,23885.02,0,0,INE_EES_28201,1,0,
Cantabria,CCAA,2022,Total,35_44,24402.08,0,0,INE_EES_28201,1,0,
Cantabria,CCAA,2023,Total,35_44,25359.21,0,0,INE_EES_28201,1,0,
Cantabria,CCAA,2010,Total,45_54,24156.16,0,0,INE_EES_28201,1,0,
Cantabria,CCAA,2011,Total,45_54,24024.56,0,0,INE_EES_28201,1,0,
Cantabria,CCAA,2012,Total,45_54,22232.21,0,0,INE_EES_28201,1,0,
Cantabria,CCAA,2013,Total,45_54,22031.23,0,0,INE_EES_28201,1,0,
Cantabria,CCAA,2014,Total,45_54,24173.13,0,0,INE_EES_28201,1,0,
Cantabria,CCAA,2015,Total,45_54,24611.36,0,0,INE_EES_28201,1,0,
Cantabria,CCAA,2016,Total,45_54,24137.19,0,0,INE_EES_28201,1,0,
Cantabria,CCAA,2017,Total,45_54,23631.37,0,0,INE_EES_28201,1,0,
Cantabria,CCAA,2018,Total,45_54,24350.83,0,0,INE_EES_28201,1,0,
Cantabria,CCAA,2019,Total,45_54,24647.25,0,0,INE_EES_28201,1,0,
Cantabria,CCAA,2020,Total,45_54,25068.96,0,0,INE_EES_28201,1,0,
Cantabria,CCAA,2021,Total,45_54,26383.28,0,0,INE_EES_28201,1,0,
Cantabria,CCAA,2022,Total,45_54,28104.43,0,0,INE_EES_28201,1,0,
Cantabria,CCAA,2023,Total,45_54,28823.84,0,0,INE_EES_28201,1,0,
Cantabria,CCAA,2010,Total,55_plus,22387.94,0,0,INE_EES_28201,1,0,
Cantabria,CCAA,2011,Total,55_plus,23447.79,0,0,INE_EES_28201,1,0,
Cantabria,CCAA,2012,Total,55_plus,22222.76,0,0,INE_EES_28201,1,0,
Cantabria,CCAA,2013,Total,55_plus,22083.62,0,0,INE_EES_28201,1,0,
Cantabria,CCAA,2014,Total,55_plus,22151.33,0,0,INE_EES_28201,1,0,
Cantabria,CCAA,2015,Total,55_plus,24616.98,0,0,INE_EES_28201,1,0,
Cantabria,CCAA,2016,Total,55_plus,25664.59,0,0,INE_EES_28201,1,0,
Cantabria,CCAA,2017,Total,55_plus,26314.35,0,0,INE_EES_28201,1,0,
Cantabria,CCAA,2018,Total,55_plus,25062.81,0,0,INE_EES_28201,1,0,
Cantabria,CCAA,2019,Total,55_plus,26046.54,0,0,INE_EES_28201,1,0,
Cantabria,CCAA,2020,Total,55_plus,24995.06,0,0,INE_EES_28201,1,0,
Cantabria,CCAA,2021,Total,55_plus,26317.15,0,0,INE_EES_28201,1,0,
Cantabria,CCAA,2022,Total,55_plus,27655.22,0,0,INE_EES_28201,1,0,
Cantabria,CCAA,2023,Total,55_plus,28777.38,0,0,INE_EES_28201,1,0,
Cantabria,CCAA,2010,Total,all_ages,21156.79,0,0,INE_EES_28201,1,0,
Cantabria,CCAA,2011,Total,all_ages,20931.68,0,0,INE_EES_28201,1,0,
Cantabria,CCAA,2012,Total,all_ages,20191.51,0,0,INE_EES_28201,1,0,
Cantabria,CCAA,2013,Total,all_ages,20052.12,0,0,INE_EES_28201,1,0,
Cantabria,CCAA,2014,Total,all_ages,21199.83,0,0,INE_EES_28201,1,0,
Cantabria,CCAA,2015,Total,all_ages,21856.81,0,0,INE_EES_28201,1,0,
Cantabria,CCAA,2016,Total,all_ages,22063.02,0,0,INE_EES_28201,1,0,
Cantabria,CCAA,2017,Total,all_ages,22390.4,0,0,INE_EES_28201,1,0,
Cantabria,CCAA,2018,Total,all_ages,22554.83,0,0,INE_EES_28201,1,0,
Cantabria,CCAA,2019,Total,all_ages,23347.52,0,0,INE_EES_28201,1,0,
Cantabria,CCAA,2020,Total,all_ages,23495.12,0,0,INE_EES_28201,1,0,
Cantabria,CCAA,2021,Total,all_ages,24470.7,0,0,INE_EES_28201,1,0,
Cantabria,CCAA,2022,Total,all_ages,25291.14,0,0,INE_EES_28201,1,0,
Cantabria,CCAA,2023,Total,all_ages,26568.7,0,0,INE_EES_28201,1,0,
Cantabria,CCAA,2010,Total,lt_25,14003.98,0,1,INE_EES_28201,1,0,
Cantabria,CCAA,2011,Total,lt_25,11362.84,0,1,INE_EES_28201,1,0,
Cantabria,CCAA,2012,Total,lt_25,11419.0,0,1,INE_EES_28201,1,0,
Cantabria,CCAA,2013,Total,lt_25,10289.23,0,1,INE_EES_28201,1,0,
Cantabria,CCAA,2014,Total,lt_25,11321.508266727838,1,0,INE_EES_28201,0,1,national_growth_forward
Cantabria,CCAA,2015,Total,lt_25,10811.60761820231,1,0,INE_EES_28201,0,1,national_growth_forward
Cantabria,CCAA,2016,Total,lt_25,10818.325986489805,1,0,INE_EES_28201,0,1,national_growth_forward
Cantabria,CCAA,2017,Total,lt_25,11235.942109690142,1,0,INE_EES_28201,0,1,national_growth_forward
Cantabria,CCAA,2018,Total,lt_25,12763.72,0,1,INE_EES_28201,1,0,
Cantabria,CCAA,2019,Total,lt_25,12531.83,0,1,INE_EES_28201,1,0,
Cantabria,CCAA,2020,Total,lt_25,12940.24,0,1,INE_EES_28201,1,0,
Cantabria,CCAA,2021,Total,lt_25,12155.55,0,1,INE_EES_28201,1,0,
Cantabria,CCAA,2022,Total,lt_25,14127.23,0,1,INE_EES_28201,1,0,
Cantabria,CCAA,2023,Total,lt_25,15077.02,0,1,INE_EES_28201,1,0,
Castilla y León,CCAA,2010,Hombres,25_34,20316.35,0,0,INE_EES_28201,1,0,
Castilla y León,CCAA,2011,Hombres,25_34,19733.1,0,0,INE_EES_28201,1,0,
Castilla y León,CCAA,2012,Hombres,25_34,19641.43,0,0,INE_EES_28201,1,0,
Castilla y León,CCAA,2013,Hombres,25_34,18927.25,0,0,INE_EES_28201,1,0,
Castilla y León,CCAA,2014,Hombres,25_34,18904.19,0,0,INE_EES_28201,1,0,
Castilla y León,CCAA,2015,Hombres,25_34,18994.76,0,0,INE_EES_28201,1,0,
Castilla y León,CCAA,2016,Hombres,25_34,19224.55,0,0,INE_EES_28201,1,0,
Castilla y León,CCAA,2017,Hombres,25_34,19463.33,0,0,INE_EES_28201,1,0,
Castilla y León,CCAA,2018,Hombres,25_34,20002.08,0,0,INE_EES_28201,1,0,
Castilla y León,CCAA,2019,Hombres,25_34,19779.06,0,0,INE_EES_28201,1,0,
Castilla y León,CCAA,2020,Hombres,25_34,21146.02,0,0,INE_EES_28201,1,0,
Castilla y León,CCAA,2021,Hombres,25_34,21634.36,0,0,INE_EES_28201,1,0,
Castilla y León,CCAA,2022,Hombres,25_34,21638.46,0,0,INE_EES_28201,1,0,
Castilla y León,CCAA,2023,Hombres,25_34,22709.28,0,0,INE_EES_28201,1,0,
Castilla y León,CCAA,2010,Hombres,35_44,24075.17,0,0,INE_EES_28201,1,0,
Castilla y León,CCAA,2011,Hombres,35_44,23741.41,0,0,INE_EES_28201,1,0,
Castilla y León,CCAA,2012,Hombres,35_44,24099.6,0,0,INE_EES_28201,1,0,
Castilla y León,CCAA,2013,Hombres,35_44,23685.25,0,0,INE_EES_28201,1,0,
Castilla y León,CCAA,2014,Hombres,35_44,23755.66,0,0,INE_EES_28201,1,0,
Castilla y León,CCAA,2015,Hombres,35_44,23761.61,0,0,INE_EES_28201,1,0,
Castilla y León,CCAA,2016,Hombres,35_44,24009.29,0,0,INE_EES_28201,1,0,
Castilla y León,CCAA,2017,Hombres,35_44,24500.92,0,0,INE_EES_28201,1,0,
Castilla y León,CCAA,2018,Hombres,35_44,25269.82,0,0,INE_EES_28201,1,0,
Castilla y León,CCAA,2019,Hombres,35_44,25085.68,0,0,INE_EES_28201,1,0,
Castilla y León,CCAA,2020,Hombres,35_44,25567.19,0,0,INE_EES_28201,1,0,
Castilla y León,CCAA,2021,Hombres,35_44,26057.62,0,0,INE_EES_28201,1,0,
Castilla y León,CCAA,2022,Hombres,35_44,26963.0,0,0,INE_EES_28201,1,0,
Castilla y León,CCAA,2023,Hombres,35_44,26516.35,0,0,INE_EES_28201,1,0,
Castilla y León,CCAA,2010,Hombres,45_54,26601.94,0,0,INE_EES_28201,1,0,
Castilla y León,CCAA,2011,Hombres,45_54,26014.6,0,0,INE_EES_28201,1,0,
Castilla y León,CCAA,2012,Hombres,45_54,25229.19,0,0,INE_EES_28201,1,0,
Castilla y León,CCAA,2013,Hombres,45_54,25811.55,0,0,INE_EES_28201,1,0,
Castilla y León,CCAA,2014,Hombres,45_54,24253.24,0,0,INE_EES_28201,1,0,
Castilla y León,CCAA,2015,Hombres,45_54,27002.09,0,0,INE_EES_28201,1,0,
Castilla y León,CCAA,2016,Hombres,45_54,25862.34,0,0,INE_EES_28201,1,0,
Castilla y León,CCAA,2017,Hombres,45_54,26424.87,0,0,INE_EES_28201,1,0,
Castilla y León,CCAA,2018,Hombres,45_54,26707.86,0,0,INE_EES_28201,1,0,
Castilla y León,CCAA,2019,Hombres,45_54,26354.09,0,0,INE_EES_28201,1,0,
Castilla y León,CCAA,2020,Hombres,45_54,27220.92,0,0,INE_EES_28201,1,0,
Castilla y León,CCAA,2021,Hombres,45_54,28278.78,0,0,INE_EES_28201,1,0,
Castilla y León,CCAA,2022,Hombres,45_54,28510.12,0,0,INE_EES_28201,1,0,
Castilla y León,CCAA,2023,Hombres,45_54,29453.62,0,0,INE_EES_28201,1,0,
Castilla y León,CCAA,2010,Hombres,55_plus,26418.02,0,0,INE_EES_28201,1,0,
Castilla y León,CCAA,2011,Hombres,55_plus,25804.56,0,0,INE_EES_28201,1,0,
Castilla y León,CCAA,2012,Hombres,55_plus,25484.45,0,0,INE_EES_28201,1,0,
Castilla y León,CCAA,2013,Hombres,55_plus,24694.93,0,0,INE_EES_28201,1,0,
Castilla y León,CCAA,2014,Hombres,55_plus,25051.14,0,0,INE_EES_28201,1,0,
Castilla y León,CCAA,2015,Hombres,55_plus,26220.46,0,0,INE_EES_28201,1,0,
Castilla y León,CCAA,2016,Hombres,55_plus,27692.06,0,0,INE_EES_28201,1,0,
Castilla y León,CCAA,2017,Hombres,55_plus,27723.61,0,0,INE_EES_28201,1,0,
Castilla y León,CCAA,2018,Hombres,55_plus,27348.91,0,0,INE_EES_28201,1,0,
Castilla y León,CCAA,2019,Hombres,55_plus,26642.98,0,0,INE_EES_28201,1,0,
Castilla y León,CCAA,2020,Hombres,55_plus,27532.47,0,0,INE_EES_28201,1,0,
Castilla y León,CCAA,2021,Hombres,55_plus,28299.11,0,0,INE_EES_28201,1,0,
Castilla y León,CCAA,2022,Hombres,55_plus,28851.17,0,0,INE_EES_28201,1,0,
Castilla y León,CCAA,2023,Hombres,55_plus,30236.89,0,0,INE_EES_28201,1,0,
Castilla y León,CCAA,2010,Hombres,all_ages,23640.67,0,0,INE_EES_28201,1,0,
Castilla y León,CCAA,2011,Hombres,all_ages,23482.58,0,0,INE_EES_28201,1,0,
Castilla y León,CCAA,2012,Hombres,all_ages,23473.82,0,0,INE_EES_28201,1,0,
Castilla y León,CCAA,2013,Hombres,all_ages,23379.0,0,0,INE_EES_28201,1,0,
Castilla y León,CCAA,2014,Hombres,all_ages,22904.8,0,0,INE_EES_28201,1,0,
Castilla y León,CCAA,2015,Hombres,all_ages,24135.64,0,0,INE_EES_28201,1,0,
Castilla y León,CCAA,2016,Hombres,all_ages,24445.65,0,0,INE_EES_28201,1,0,
Castilla y León,CCAA,2017,Hombres,all_ages,24782.8,0,0,INE_EES_28201,1,0,
Castilla y León,CCAA,2018,Hombres,all_ages,24714.04,0,0,INE_EES_28201,1,0,
Castilla y León,CCAA,2019,Hombres,all_ages,24665.79,0,0,INE_EES_28201,1,0,
Castilla y León,CCAA,2020,Hombres,all_ages,25549.98,0,0,INE_EES_28201,1,0,
Castilla y León,CCAA,2021,Hombres,all_ages,26263.49,0,0,INE_EES_28201,1,0,
Castilla y León,CCAA,2022,Hombres,all_ages,26548.08,0,0,INE_EES_28201,1,0,
Castilla y León,CCAA,2023,Hombres,all_ages,27360.49,0,0,INE_EES_28201,1,0,
Castilla y León,CCAA,2010,Hombres,lt_25,13597.88,0,1,INE_EES_28201,1,0,
Castilla y León,CCAA,2011,Hombres,lt_25,13796.69,0,1,INE_EES_28201,1,0,
Castilla y León,CCAA,2012,Hombres,lt_25,13074.5,0,1,INE_EES_28201,1,0,
Castilla y León,CCAA,2013,Hombres,lt_25,11019.78,0,1,INE_EES_28201,1,0,
Castilla y León,CCAA,2014,Hombres,lt_25,13120.84,0,1,INE_EES_28201,1,0,
Castilla y León,CCAA,2015,Hombres,lt_25,11193.18,0,1,INE_EES_28201,1,0,
Castilla y León,CCAA,2016,Hombres,lt_25,13225.95,0,1,INE_EES_28201,1,0,
Castilla y León,CCAA,2017,Hombres,lt_25,12645.35,0,1,INE_EES_28201,1,0,
Castilla y León,CCAA,2018,Hombres,lt_25,13014.9,0,1,INE_EES_28201,1,0,
Castilla y León,CCAA,2019,Hombres,lt_25,15116.86,0,1,INE_EES_28201,1,0,
Castilla y León,CCAA,2020,Hombres,lt_25,14356.14,0,1,INE_EES_28201,1,0,
Castilla y León,CCAA,2021,Hombres,lt_25,12864.37,0,1,INE_EES_28201,1,0,
Castilla y León,CCAA,2022,Hombres,lt_25,14145.88,0,1,INE_EES_28201,1,0,
Castilla y León,CCAA,2023,Hombres,lt_25,15380.6,0,1,INE_EES_28201,1,0,
Castilla y León,CCAA,2010,Mujeres,25_34,15920.61,0,0,INE_EES_28201,1,0,
Castilla y León,CCAA,2011,Mujeres,25_34,15620.18,0,0,INE_EES_28201,1,0,
Castilla y León,CCAA,2012,Mujeres,25_34,15309.21,0,0,INE_EES_28201,1,0,
Castilla y León,CCAA,2013,Mujeres,25_34,14635.91,0,0,INE_EES_28201,1,0,
Castilla y León,CCAA,2014,Mujeres,25_34,15183.4,0,0,INE_EES_28201,1,0,
Castilla y León,CCAA,2015,Mujeres,25_34,15555.92,0,0,INE_EES_28201,1,0,
Castilla y León,CCAA,2016,Mujeres,25_34,15320.92,0,0,INE_EES_28201,1,0,
Castilla y León,CCAA,2017,Mujeres,25_34,16546.73,0,0,INE_EES_28201,1,0,
Castilla y León,CCAA,2018,Mujeres,25_34,16459.97,0,0,INE_EES_28201,1,0,
Castilla y León,CCAA,2019,Mujeres,25_34,16516.46,0,0,INE_EES_28201,1,0,
Castilla y León,CCAA,2020,Mujeres,25_34,17108.12,0,0,INE_EES_28201,1,0,
Castilla y León,CCAA,2021,Mujeres,25_34,17505.75,0,0,INE_EES_28201,1,0,
Castilla y León,CCAA,2022,Mujeres,25_34,18174.25,0,0,INE_EES_28201,1,0,
Castilla y León,CCAA,2023,Mujeres,25_34,22413.62,0,0,INE_EES_28201,1,0,
Castilla y León,CCAA,2010,Mujeres,35_44,18733.39,0,0,INE_EES_28201,1,0,
Castilla y León,CCAA,2011,Mujeres,35_44,18583.31,0,0,INE_EES_28201,1,0,
Castilla y León,CCAA,2012,Mujeres,35_44,17796.95,0,0,INE_EES_28201,1,0,
Castilla y León,CCAA,2013,Mujeres,35_44,17028.05,0,0,INE_EES_28201,1,0,
Castilla y León,CCAA,2014,Mujeres,35_44,17653.14,0,0,INE_EES_28201,1,0,
Castilla y León,CCAA,2015,Mujeres,35_44,18468.04,0,0,INE_EES_28201,1,0,
Castilla y León,CCAA,2016,Mujeres,35_44,17858.6,0,0,INE_EES_28201,1,0,
Castilla y León,CCAA,2017,Mujeres,35_44,17817.5,0,0,INE_EES_28201,1,0,
Castilla y León,CCAA,2018,Mujeres,35_44,19076.92,0,0,INE_EES_28201,1,0,
Castilla y León,CCAA,2019,Mujeres,35_44,18406.76,0,0,INE_EES_28201,1,0,
Castilla y León,CCAA,2020,Mujeres,35_44,19831.41,0,0,INE_EES_28201,1,0,
Castilla y León,CCAA,2021,Mujeres,35_44,20930.74,0,0,INE_EES_28201,1,0,
Castilla y León,CCAA,2022,Mujeres,35_44,21684.07,0,0,INE_EES_28201,1,0,
Castilla y León,CCAA,2023,Mujeres,35_44,22342.65,0,0,INE_EES_28201,1,0,
Castilla y León,CCAA,2010,Mujeres,45_54,19493.57,0,0,INE_EES_28201,1,0,
Castilla y León,CCAA,2011,Mujeres,45_54,20098.92,0,0,INE_EES_28201,1,0,
Castilla y León,CCAA,2012,Mujeres,45_54,18823.75,0,0,INE_EES_28201,1,0,
Castilla y León,CCAA,2013,Mujeres,45_54,19068.35,0,0,INE_EES_28201,1,0,
Castilla y León,CCAA,2014,Mujeres,45_54,19432.94,0,0,INE_EES_28201,1,0,
Castilla y León,CCAA,2015,Mujeres,45_54,19323.14,0,0,INE_EES_28201,1,0,
Castilla y León,CCAA,2016,Mujeres,45_54,20051.06,0,0,INE_EES_28201,1,0,
Castilla y León,CCAA,2017,Mujeres,45_54,20113.01,0,0,INE_EES_28201,1,0,
Castilla y León,CCAA,2018,Mujeres,45_54,19836.38,0,0,INE_EES_28201,1,0,
Castilla y León,CCAA,2019,Mujeres,45_54,21141.6,0,0,INE_EES_28201,1,0,
Castilla y León,CCAA,2020,Mujeres,45_54,21079.41,0,0,INE_EES_28201,1,0,
Castilla y León,CCAA,2021,Mujeres,45_54,21277.08,0,0,INE_EES_28201,1,0,
Castilla y León,CCAA,2022,Mujeres,45_54,21754.81,0,0,INE_EES_28201,1,0,
Castilla y León,CCAA,2023,Mujeres,45_54,23253.27,0,0,INE_EES_28201,1,0,
Castilla y León,CCAA,2010,Mujeres,55_plus,18304.78,0,1,INE_EES_28201,1,0,
Castilla y León,CCAA,2011,Mujeres,55_plus,20947.26,0,0,INE_EES_28201,1,0,
Castilla y León,CCAA,2012,Mujeres,55_plus,19449.61,0,0,INE_EES_28201,1,0,
Castilla y León,CCAA,2013,Mujeres,55_plus,19739.07,0,0,INE_EES_28201,1,0,
Castilla y León,CCAA,2014,Mujeres,55_plus,19780.47,0,0,INE_EES_28201,1,0,
Castilla y León,CCAA,2015,Mujeres,55_plus,20805.16,0,0,INE_EES_28201,1,0,
Castilla y León,CCAA,2016,Mujeres,55_plus,21320.66,0,0,INE_EES_28201,1,0,
Castilla y León,CCAA,2017,Mujeres,55_plus,20599.38,0,0,INE_EES_28201,1,0,
Castilla y León,CCAA,2018,Mujeres,55_plus,21239.23,0,0,INE_EES_28201,1,0,
Castilla y León,CCAA,2019,Mujeres,55_plus,21343.32,0,0,INE_EES_28201,1,0,
Castilla y León,CCAA,2020,Mujeres,55_plus,22328.28,0,0,INE_EES_28201,1,0,
Castilla y León,CCAA,2021,Mujeres,55_plus,22520.13,0,0,INE_EES_28201,1,0,
Castilla y León,CCAA,2022,Mujeres,55_plus,24873.12,0,0,INE_EES_28201,1,0,
Castilla y León,CCAA,2023,Mujeres,55_plus,24684.78,0,0,INE_EES_28201,1,0,
Castilla y León,CCAA,2010,Mujeres,all_ages,17683.88,0,0,INE_EES_28201,1,0,
Castilla y León,CCAA,2011,Mujeres,all_ages,18193.91,0,0,INE_EES_28201,1,0,
Castilla y León,CCAA,2012,Mujeres,all_ages,17552.07,0,0,INE_EES_28201,1,0,
Castilla y León,CCAA,2013,Mujeres,all_ages,17429.41,0,0,INE_EES_28201,1,0,
Castilla y León,CCAA,2014,Mujeres,all_ages,17682.88,0,0,INE_EES_28201,1,0,
Castilla y León,CCAA,2015,Mujeres,all_ages,18523.74,0,0,INE_EES_28201,1,0,
Castilla y León,CCAA,2016,Mujeres,all_ages,18662.42,0,0,INE_EES_28201,1,0,
Castilla y León,CCAA,2017,Mujeres,all_ages,18796.93,0,0,INE_EES_28201,1,0,
Castilla y León,CCAA,2018,Mujeres,all_ages,19056.53,0,0,INE_EES_28201,1,0,
Castilla y León,CCAA,2019,Mujeres,all_ages,19414.11,0,0,INE_EES_28201,1,0,
Castilla y León,CCAA,2020,Mujeres,all_ages,20314.96,0,0,INE_EES_28201,1,0,
Castilla y León,CCAA,2021,Mujeres,all_ages,20795.39,0,0,INE_EES_28201,1,0,
Castilla y León,CCAA,2022,Mujeres,all_ages,21773.27,0,0,INE_EES_28201,1,0,
Castilla y León,CCAA,2023,Mujeres,all_ages,23104.3,0,0,INE_EES_28201,1,0,
Castilla y León,CCAA,2010,Mujeres,lt_25,10139.77,0,1,INE_EES_28201,1,0,
Castilla y León,CCAA,2011,Mujeres,lt_25,10357.93,0,1,INE_EES_28201,1,0,
Castilla y León,CCAA,2012,Mujeres,lt_25,9582.617733940624,1,0,INE_EES_28201,0,1,national_growth_forward
Castilla y León,CCAA,2013,Mujeres,lt_25,8956.825284565355,1,0,INE_EES_28201,0,1,national_growth_forward
Castilla y León,CCAA,2014,Mujeres,lt_25,9965.598655956996,1,0,INE_EES_28201,0,1,national_growth_forward
Castilla y León,CCAA,2015,Mujeres,lt_25,9210.040122381566,1,0,INE_EES_28201,0,1,national_growth_forward
Castilla y León,CCAA,2016,Mujeres,lt_25,9165.200598572043,1,0,INE_EES_28201,0,1,national_growth_forward
Castilla y León,CCAA,2017,Mujeres,lt_25,9595.030225990437,1,0,INE_EES_28201,0,1,national_growth_forward
Castilla y León,CCAA,2018,Mujeres,lt_25,10370.303853942265,1,0,INE_EES_28201,0,1,national_growth_forward
Castilla y León,CCAA,2019,Mujeres,lt_25,10725.098276502325,1,0,INE_EES_28201,0,1,national_growth_forward
Castilla y León,CCAA,2020,Mujeres,lt_25,10947.277054430559,1,0,INE_EES_28201,0,1,national_growth_forward
Castilla y León,CCAA,2021,Mujeres,lt_25,11107.354734002172,1,0,INE_EES_28201,0,1,national_growth_forward
Castilla y León,CCAA,2022,Mujeres,lt_25,12029.57,0,1,INE_EES_28201,1,0,
Castilla y León,CCAA,2023,Mujeres,lt_25,13059.78,0,1,INE_EES_28201,1,0,
Castilla y León,CCAA,2010,Total,25_34,18202.43,0,0,INE_EES_28201,1,0,
Castilla y León,CCAA,2011,Total,25_34,17636.76,0,0,INE_EES_28201,1,0,
Castilla y León,CCAA,2012,Total,25_34,17305.5,0,0,INE_EES_28201,1,0,
Castilla y León,CCAA,2013,Total,25_34,16726.35,0,0,INE_EES_28201,1,0,
Castilla y León,CCAA,2014,Total,25_34,17039.03,0,0,INE_EES_28201,1,0,
Castilla y León,CCAA,2015,Total,25_34,17231.94,0,0,INE_EES_28201,1,0,
Castilla y León,CCAA,2016,Total,25_34,17176.65,0,0,INE_EES_28201,1,0,
Castilla y León,CCAA,2017,Total,25_34,17959.91,0,0,INE_EES_28201,1,0,
Castilla y León,CCAA,2018,Total,25_34,18322.2,0,0,INE_EES_28201,1,0,
Castilla y León,CCAA,2019,Total,25_34,18217.73,0,0,INE_EES_28201,1,0,
Castilla y León,CCAA,2020,Total,25_34,19201.93,0,0,INE_EES_28201,1,0,
Castilla y León,CCAA,2021,Total,25_34,19526.97,0,0,INE_EES_28201,1,0,
Castilla y León,CCAA,2022,Total,25_34,19909.2,0,0,INE_EES_28201,1,0,
Castilla y León,CCAA,2023,Total,25_34,22569.81,0,0,INE_EES_28201,1,0,
Castilla y León,CCAA,2010,Total,35_44,21594.68,0,0,INE_EES_28201,1,0,
Castilla y León,CCAA,2011,Total,35_44,21377.15,0,0,INE_EES_28201,1,0,
Castilla y León,CCAA,2012,Total,35_44,20905.57,0,0,INE_EES_28201,1,0,
Castilla y León,CCAA,2013,Total,35_44,20338.73,0,0,INE_EES_28201,1,0,
Castilla y León,CCAA,2014,Total,35_44,20885.67,0,0,INE_EES_28201,1,0,
Castilla y León,CCAA,2015,Total,35_44,21055.82,0,0,INE_EES_28201,1,0,
Castilla y León,CCAA,2016,Total,35_44,20881.41,0,0,INE_EES_28201,1,0,
Castilla y León,CCAA,2017,Total,35_44,21203.23,0,0,INE_EES_28201,1,0,
Castilla y León,CCAA,2018,Total,35_44,22298.07,0,0,INE_EES_28201,1,0,
Castilla y León,CCAA,2019,Total,35_44,21746.27,0,0,INE_EES_28201,1,0,
Castilla y León,CCAA,2020,Total,35_44,22837.43,0,0,INE_EES_28201,1,0,
Castilla y León,CCAA,2021,Total,35_44,23631.49,0,0,INE_EES_28201,1,0,
Castilla y León,CCAA,2022,Total,35_44,24314.9,0,0,INE_EES_28201,1,0,
Castilla y León,CCAA,2023,Total,35_44,24467.7,0,0,INE_EES_28201,1,0,
Castilla y León,CCAA,2010,Total,45_54,23362.66,0,0,INE_EES_28201,1,0,
Castilla y León,CCAA,2011,Total,45_54,23246.29,0,0,INE_EES_28201,1,0,
Castilla y León,CCAA,2012,Total,45_54,22098.93,0,0,INE_EES_28201,1,0,
Castilla y León,CCAA,2013,Total,45_54,22421.86,0,0,INE_EES_28201,1,0,
Castilla y León,CCAA,2014,Total,45_54,22148.88,0,0,INE_EES_28201,1,0,
Castilla y León,CCAA,2015,Total,45_54,22897.1,0,0,INE_EES_28201,1,0,
Castilla y León,CCAA,2016,Total,45_54,22900.57,0,0,INE_EES_28201,1,0,
Castilla y León,CCAA,2017,Total,45_54,23314.86,0,0,INE_EES_28201,1,0,
Castilla y León,CCAA,2018,Total,45_54,23419.88,0,0,INE_EES_28201,1,0,
Castilla y León,CCAA,2019,Total,45_54,23757.36,0,0,INE_EES_28201,1,0,
Castilla y León,CCAA,2020,Total,45_54,24084.04,0,0,INE_EES_28201,1,0,
Castilla y León,CCAA,2021,Total,45_54,24802.74,0,0,INE_EES_28201,1,0,
Castilla y León,CCAA,2022,Total,45_54,25168.09,0,0,INE_EES_28201,1,0,
Castilla y León,CCAA,2023,Total,45_54,26296.43,0,0,INE_EES_28201,1,0,
Castilla y León,CCAA,2010,Total,55_plus,23576.91,0,0,INE_EES_28201,1,0,
Castilla y León,CCAA,2011,Total,55_plus,23928.79,0,0,INE_EES_28201,1,0,
Castilla y León,CCAA,2012,Total,55_plus,22986.22,0,0,INE_EES_28201,1,0,
Castilla y León,CCAA,2013,Total,55_plus,22498.86,0,0,INE_EES_28201,1,0,
Castilla y León,CCAA,2014,Total,55_plus,22921.47,0,0,INE_EES_28201,1,0,
Castilla y León,CCAA,2015,Total,55_plus,23741.06,0,0,INE_EES_28201,1,0,
Castilla y León,CCAA,2016,Total,55_plus,24739.0,0,0,INE_EES_28201,1,0,
Castilla y León,CCAA,2017,Total,55_plus,24354.52,0,0,INE_EES_28201,1,0,
Castilla y León,CCAA,2018,Total,55_plus,24461.27,0,0,INE_EES_28201,1,0,
Castilla y León,CCAA,2019,Total,55_plus,23979.77,0,0,INE_EES_28201,1,0,
Castilla y León,CCAA,2020,Total,55_plus,24825.78,0,0,INE_EES_28201,1,0,
Castilla y León,CCAA,2021,Total,55_plus,25316.47,0,0,INE_EES_28201,1,0,
Castilla y León,CCAA,2022,Total,55_plus,26847.19,0,0,INE_EES_28201,1,0,
Castilla y León,CCAA,2023,Total,55_plus,27274.1,0,0,INE_EES_28201,1,0,
Castilla y León,CCAA,2010,Total,all_ages,20960.87,0,0,INE_EES_28201,1,0,
Castilla y León,CCAA,2011,Total,all_ages,21029.37,0,0,INE_EES_28201,1,0,
Castilla y León,CCAA,2012,Total,all_ages,20569.14,0,0,INE_EES_28201,1,0,
Castilla y León,CCAA,2013,Total,all_ages,20440.56,0,0,INE_EES_28201,1,0,
Castilla y León,CCAA,2014,Total,all_ages,20524.83,0,0,INE_EES_28201,1,0,
Castilla y León,CCAA,2015,Total,all_ages,21296.1,0,0,INE_EES_28201,1,0,
Castilla y León,CCAA,2016,Total,all_ages,21551.57,0,0,INE_EES_28201,1,0,
Castilla y León,CCAA,2017,Total,all_ages,21846.88,0,0,INE_EES_28201,1,0,
Castilla y León,CCAA,2018,Total,all_ages,22034.53,0,0,INE_EES_28201,1,0,
Castilla y León,CCAA,2019,Total,all_ages,22061.44,0,0,INE_EES_28201,1,0,
Castilla y León,CCAA,2020,Total,all_ages,22948.76,0,0,INE_EES_28201,1,0,
Castilla y León,CCAA,2021,Total,all_ages,23564.33,0,0,INE_EES_28201,1,0,
Castilla y León,CCAA,2022,Total,all_ages,24186.89,0,0,INE_EES_28201,1,0,
Castilla y León,CCAA,2023,Total,all_ages,25227.03,0,0,INE_EES_28201,1,0,
Castilla y León,CCAA,2010,Total,lt_25,12071.62,0,1,INE_EES_28201,1,0,
Castilla y León,CCAA,2011,Total,lt_25,12121.56,0,1,INE_EES_28201,1,0,
Castilla y León,CCAA,2012,Total,lt_25,11703.65,0,1,INE_EES_28201,1,0,
Castilla y León,CCAA,2013,Total,lt_25,9698.58,0,1,INE_EES_28201,1,0,
Castilla y León,CCAA,2014,Total,lt_25,11595.95,0,1,INE_EES_28201,1,0,
Castilla y León,CCAA,2015,Total,lt_25,10685.78,0,1,INE_EES_28201,1,0,
Castilla y León,CCAA,2016,Total,lt_25,11519.7,0,1,INE_EES_28201,1,0,
Castilla y León,CCAA,2017,Total,lt_25,12156.36,0,1,INE_EES_28201,1,0,
Castilla y León,CCAA,2018,Total,lt_25,11937.22,0,1,INE_EES_28201,1,0,
Castilla y León,CCAA,2019,Total,lt_25,12565.81,0,1,INE_EES_28201,1,0,
Castilla y León,CCAA,2020,Total,lt_25,13082.91,0,1,INE_EES_28201,1,0,
Castilla y León,CCAA,2021,Total,lt_25,12382.43,0,1,INE_EES_28201,1,0,
Castilla y León,CCAA,2022,Total,lt_25,13366.77,0,1,INE_EES_28201,1,0,
Castilla y León,CCAA,2023,Total,lt_25,14550.54,0,1,INE_EES_28201,1,0,
Castilla-La Mancha,CCAA,2010,Hombres,25_34,19764.2,0,0,INE_EES_28201,1,0,
Castilla-La Mancha,CCAA,2011,Hombres,25_34,20494.68,0,0,INE_EES_28201,1,0,
Castilla-La Mancha,CCAA,2012,Hombres,25_34,19290.16,0,0,INE_EES_28201,1,0,
Castilla-La Mancha,CCAA,2013,Hombres,25_34,19145.16,0,0,INE_EES_28201,1,0,
Castilla-La Mancha,CCAA,2014,Hombres,25_34,18884.51,0,0,INE_EES_28201,1,0,
Castilla-La Mancha,CCAA,2015,Hombres,25_34,17960.52,0,0,INE_EES_28201,1,0,
Castilla-La Mancha,CCAA,2016,Hombres,25_34,17297.43,0,0,INE_EES_28201,1,0,
Castilla-La Mancha,CCAA,2017,Hombres,25_34,17738.23,0,0,INE_EES_28201,1,0,
Castilla-La Mancha,CCAA,2018,Hombres,25_34,19424.4,0,0,INE_EES_28201,1,0,
Castilla-La Mancha,CCAA,2019,Hombres,25_34,18521.35,0,0,INE_EES_28201,1,0,
Castilla-La Mancha,CCAA,2020,Hombres,25_34,18860.09,0,0,INE_EES_28201,1,0,
Castilla-La Mancha,CCAA,2021,Hombres,25_34,19119.23,0,0,INE_EES_28201,1,0,
Castilla-La Mancha,CCAA,2022,Hombres,25_34,22271.74,0,0,INE_EES_28201,1,0,
Castilla-La Mancha,CCAA,2023,Hombres,25_34,21131.23,0,0,INE_EES_28201,1,0,
Castilla-La Mancha,CCAA,2010,Hombres,35_44,22509.57,0,0,INE_EES_28201,1,0,
Castilla-La Mancha,CCAA,2011,Hombres,35_44,22767.52,0,0,INE_EES_28201,1,0,
Castilla-La Mancha,CCAA,2012,Hombres,35_44,23275.83,0,0,INE_EES_28201,1,0,
Castilla-La Mancha,CCAA,2013,Hombres,35_44,23196.8,0,0,INE_EES_28201,1,0,
Castilla-La Mancha,CCAA,2014,Hombres,35_44,22743.15,0,0,INE_EES_28201,1,0,
Castilla-La Mancha,CCAA,2015,Hombres,35_44,22197.14,0,0,INE_EES_28201,1,0,
Castilla-La Mancha,CCAA,2016,Hombres,35_44,22508.88,0,0,INE_EES_28201,1,0,
Castilla-La Mancha,CCAA,2017,Hombres,35_44,23007.32,0,0,INE_EES_28201,1,0,
Castilla-La Mancha,CCAA,2018,Hombres,35_44,23494.89,0,0,INE_EES_28201,1,0,
Castilla-La Mancha,CCAA,2019,Hombres,35_44,23380.42,0,0,INE_EES_28201,1,0,
Castilla-La Mancha,CCAA,2020,Hombres,35_44,24198.74,0,0,INE_EES_28201,1,0,
Castilla-La Mancha,CCAA,2021,Hombres,35_44,24833.48,0,0,INE_EES_28201,1,0,
Castilla-La Mancha,CCAA,2022,Hombres,35_44,26488.21,0,0,INE_EES_28201,1,0,
Castilla-La Mancha,CCAA,2023,Hombres,35_44,27132.93,0,0,INE_EES_28201,1,0,
Castilla-La Mancha,CCAA,2010,Hombres,45_54,24895.71,0,0,INE_EES_28201,1,0,
Castilla-La Mancha,CCAA,2011,Hombres,45_54,26029.32,0,0,INE_EES_28201,1,0,
Castilla-La Mancha,CCAA,2012,Hombres,45_54,25310.14,0,0,INE_EES_28201,1,0,
Castilla-La Mancha,CCAA,2013,Hombres,45_54,26016.21,0,0,INE_EES_28201,1,0,
Castilla-La Mancha,CCAA,2014,Hombres,45_54,25358.97,0,0,INE_EES_28201,1,0,
Castilla-La Mancha,CCAA,2015,Hombres,45_54,25225.42,0,0,INE_EES_28201,1,0,
Castilla-La Mancha,CCAA,2016,Hombres,45_54,24644.02,0,0,INE_EES_28201,1,0,
Castilla-La Mancha,CCAA,2017,Hombres,45_54,24825.34,0,0,INE_EES_28201,1,0,
Castilla-La Mancha,CCAA,2018,Hombres,45_54,25661.54,0,0,INE_EES_28201,1,0,
Castilla-La Mancha,CCAA,2019,Hombres,45_54,25070.15,0,0,INE_EES_28201,1,0,
Castilla-La Mancha,CCAA,2020,Hombres,45_54,25527.21,0,0,INE_EES_28201,1,0,
Castilla-La Mancha,CCAA,2021,Hombres,45_54,26342.49,0,0,INE_EES_28201,1,0,
Castilla-La Mancha,CCAA,2022,Hombres,45_54,27360.79,0,0,INE_EES_28201,1,0,
Castilla-La Mancha,CCAA,2023,Hombres,45_54,28957.14,0,0,INE_EES_28201,1,0,
Castilla-La Mancha,CCAA,2010,Hombres,55_plus,26139.61,0,0,INE_EES_28201,1,0,
Castilla-La Mancha,CCAA,2011,Hombres,55_plus,25395.05,0,0,INE_EES_28201,1,0,
Castilla-La Mancha,CCAA,2012,Hombres,55_plus,25535.81,0,0,INE_EES_28201,1,0,
Castilla-La Mancha,CCAA,2013,Hombres,55_plus,26418.22,0,0,INE_EES_28201,1,0,
Castilla-La Mancha,CCAA,2014,Hombres,55_plus,26101.17,0,0,INE_EES_28201,1,0,
Castilla-La Mancha,CCAA,2015,Hombres,55_plus,27568.43,0,0,INE_EES_28201,1,0,
Castilla-La Mancha,CCAA,2016,Hombres,55_plus,27969.39,0,0,INE_EES_28201,1,0,
Castilla-La Mancha,CCAA,2017,Hombres,55_plus,28145.24,0,0,INE_EES_28201,1,0,
Castilla-La Mancha,CCAA,2018,Hombres,55_plus,28413.09,0,0,INE_EES_28201,1,0,
Castilla-La Mancha,CCAA,2019,Hombres,55_plus,28302.75,0,0,INE_EES_28201,1,0,
Castilla-La Mancha,CCAA,2020,Hombres,55_plus,27156.99,0,0,INE_EES_28201,1,0,
Castilla-La Mancha,CCAA,2021,Hombres,55_plus,28765.97,0,0,INE_EES_28201,1,0,
Castilla-La Mancha,CCAA,2022,Hombres,55_plus,28223.33,0,0,INE_EES_28201,1,0,
Castilla-La Mancha,CCAA,2023,Hombres,55_plus,29442.97,0,0,INE_EES_28201,1,0,
Castilla-La Mancha,CCAA,2010,Hombres,all_ages,22292.84,0,0,INE_EES_28201,1,0,
Castilla-La Mancha,CCAA,2011,Hombres,all_ages,22771.53,0,0,INE_EES_28201,1,0,
Castilla-La Mancha,CCAA,2012,Hombres,all_ages,22810.39,0,0,INE_EES_28201,1,0,
Castilla-La Mancha,CCAA,2013,Hombres,all_ages,23316.59,0,0,INE_EES_28201,1,0,
Castilla-La Mancha,CCAA,2014,Hombres,all_ages,22719.35,0,0,INE_EES_28201,1,0,
Castilla-La Mancha,CCAA,2015,Hombres,all_ages,22765.56,0,0,INE_EES_28201,1,0,
Castilla-La Mancha,CCAA,2016,Hombres,all_ages,22871.41,0,0,INE_EES_28201,1,0,
Castilla-La Mancha,CCAA,2017,Hombres,all_ages,23160.99,0,0,INE_EES_28201,1,0,
Castilla-La Mancha,CCAA,2018,Hombres,all_ages,23960.1,0,0,INE_EES_28201,1,0,
Castilla-La Mancha,CCAA,2019,Hombres,all_ages,23494.17,0,0,INE_EES_28201,1,0,
Castilla-La Mancha,CCAA,2020,Hombres,all_ages,24029.31,0,0,INE_EES_28201,1,0,
Castilla-La Mancha,CCAA,2021,Hombres,all_ages,24897.33,0,0,INE_EES_28201,1,0,
Castilla-La Mancha,CCAA,2022,Hombres,all_ages,25813.23,0,0,INE_EES_28201,1,0,
Castilla-La Mancha,CCAA,2023,Hombres,all_ages,26766.25,0,0,INE_EES_28201,1,0,
Castilla-La Mancha,CCAA,2010,Hombres,lt_25,15231.81,0,1,INE_EES_28201,1,0,
Castilla-La Mancha,CCAA,2011,Hombres,lt_25,13261.04,0,1,INE_EES_28201,1,0,
Castilla-La Mancha,CCAA,2012,Hombres,lt_25,13230.65,0,1,INE_EES_28201,1,0,
Castilla-La Mancha,CCAA,2013,Hombres,lt_25,12748.51,0,1,INE_EES_28201,1,0,
Castilla-La Mancha,CCAA,2014,Hombres,lt_25,13932.5,0,1,INE_EES_28201,1,0,
Castilla-La Mancha,CCAA,2015,Hombres,lt_25,11141.77,0,1,INE_EES_28201,1,0,
Castilla-La Mancha,CCAA,2016,Hombres,lt_25,12374.27,0,1,INE_EES_28201,1,0,
Castilla-La Mancha,CCAA,2017,Hombres,lt_25,12052.86,0,1,INE_EES_28201,1,0,
Castilla-La Mancha,CCAA,2018,Hombres,lt_25,14647.99,0,1,INE_EES_28201,1,0,
Castilla-La Mancha,CCAA,2019,Hombres,lt_25,14063.78,0,1,INE_EES_28201,1,0,
Castilla-La Mancha,CCAA,2020,Hombres,lt_25,14463.35,0,1,INE_EES_28201,1,0,
Castilla-La Mancha,CCAA,2021,Hombres,lt_25,14466.72,0,1,INE_EES_28201,1,0,
Castilla-La Mancha,CCAA,2022,Hombres,lt_25,14531.22,0,1,INE_EES_28201,1,0,
Castilla-La Mancha,CCAA,2023,Hombres,lt_25,16127.82,0,1,INE_EES_28201,1,0,
Castilla-La Mancha,CCAA,2010,Mujeres,25_34,17779.61,0,0,INE_EES_28201,1,0,
Castilla-La Mancha,CCAA,2011,Mujeres,25_34,16714.21,0,0,INE_EES_28201,1,0,
Castilla-La Mancha,CCAA,2012,Mujeres,25_34,15233.04,0,0,INE_EES_28201,1,0,
Castilla-La Mancha,CCAA,2013,Mujeres,25_34,14284.6,0,0,INE_EES_28201,1,0,
Castilla-La Mancha,CCAA,2014,Mujeres,25_34,15954.21,0,0,INE_EES_28201,1,0,
Castilla-La Mancha,CCAA,2015,Mujeres,25_34,14492.14,0,0,INE_EES_28201,1,0,
Castilla-La Mancha,CCAA,2016,Mujeres,25_34,14460.68,0,0,INE_EES_28201,1,0,
Castilla-La Mancha,CCAA,2017,Mujeres,25_34,14572.3,0,0,INE_EES_28201,1,0,
Castilla-La Mancha,CCAA,2018,Mujeres,25_34,15639.03,0,0,INE_EES_28201,1,0,
Castilla-La Mancha,CCAA,2019,Mujeres,25_34,16538.09,0,0,INE_EES_28201,1,0,
Castilla-La Mancha,CCAA,2020,Mujeres,25_34,16886.69,0,0,INE_EES_28201,1,0,
Castilla-La Mancha,CCAA,2021,Mujeres,25_34,17214.67,0,0,INE_EES_28201,1,0,
Castilla-La Mancha,CCAA,2022,Mujeres,25_34,19251.49,0,0,INE_EES_28201,1,0,
Castilla-La Mancha,CCAA,2023,Mujeres,25_34,19453.81,0,0,INE_EES_28201,1,0,
Castilla-La Mancha,CCAA,2010,Mujeres,35_44,19166.34,0,0,INE_EES_28201,1,0,
Castilla-La Mancha,CCAA,2011,Mujeres,35_44,19111.99,0,0,INE_EES_28201,1,0,
Castilla-La Mancha,CCAA,2012,Mujeres,35_44,18600.93,0,0,INE_EES_28201,1,0,
Castilla-La Mancha,CCAA,2013,Mujeres,35_44,17916.29,0,0,INE_EES_28201,1,0,
Castilla-La Mancha,CCAA,2014,Mujeres,35_44,19421.89,0,0,INE_EES_28201,1,0,
Castilla-La Mancha,CCAA,2015,Mujeres,35_44,18278.3,0,0,INE_EES_28201,1,0,
Castilla-La Mancha,CCAA,2016,Mujeres,35_44,18307.69,0,0,INE_EES_28201,1,0,
Castilla-La Mancha,CCAA,2017,Mujeres,35_44,18555.42,0,0,INE_EES_28201,1,0,
Castilla-La Mancha,CCAA,2018,Mujeres,35_44,19353.93,0,0,INE_EES_28201,1,0,
Castilla-La Mancha,CCAA,2019,Mujeres,35_44,20217.81,0,0,INE_EES_28201,1,0,
Castilla-La Mancha,CCAA,2020,Mujeres,35_44,20881.44,0,0,INE_EES_28201,1,0,
Castilla-La Mancha,CCAA,2021,Mujeres,35_44,21324.5,0,0,INE_EES_28201,1,0,
Castilla-La Mancha,CCAA,2022,Mujeres,35_44,20185.48,0,0,INE_EES_28201,1,0,
Castilla-La Mancha,CCAA,2023,Mujeres,35_44,22043.81,0,0,INE_EES_28201,1,0,
Castilla-La Mancha,CCAA,2010,Mujeres,45_54,19782.01,0,0,INE_EES_28201,1,0,
Castilla-La Mancha,CCAA,2011,Mujeres,45_54,19137.33,0,0,INE_EES_28201,1,0,
Castilla-La Mancha,CCAA,2012,Mujeres,45_54,18227.71,0,0,INE_EES_28201,1,0,
Castilla-La Mancha,CCAA,2013,Mujeres,45_54,18737.55,0,0,INE_EES_28201,1,0,
Castilla-La Mancha,CCAA,2014,Mujeres,45_54,19027.57,0,0,INE_EES_28201,1,0,
Castilla-La Mancha,CCAA,2015,Mujeres,45_54,19409.57,0,0,INE_EES_28201,1,0,
Castilla-La Mancha,CCAA,2016,Mujeres,45_54,19737.25,0,0,INE_EES_28201,1,0,
Castilla-La Mancha,CCAA,2017,Mujeres,45_54,19412.84,0,0,INE_EES_28201,1,0,
Castilla-La Mancha,CCAA,2018,Mujeres,45_54,20332.55,0,0,INE_EES_28201,1,0,
Castilla-La Mancha,CCAA,2019,Mujeres,45_54,20479.4,0,0,INE_EES_28201,1,0,
Castilla-La Mancha,CCAA,2020,Mujeres,45_54,21424.22,0,0,INE_EES_28201,1,0,
Castilla-La Mancha,CCAA,2021,Mujeres,45_54,22479.35,0,0,INE_EES_28201,1,0,
Castilla-La Mancha,CCAA,2022,Mujeres,45_54,22924.46,0,0,INE_EES_28201,1,0,
Castilla-La Mancha,CCAA,2023,Mujeres,45_54,24057.98,0,0,INE_EES_28201,1,0,
Castilla-La Mancha,CCAA,2010,Mujeres,55_plus,17467.79,0,1,INE_EES_28201,1,0,
Castilla-La Mancha,CCAA,2011,Mujeres,55_plus,20543.17,0,1,INE_EES_28201,1,0,
Castilla-La Mancha,CCAA,2012,Mujeres,55_plus,20689.8,0,1,INE_EES_28201,1,0,
Castilla-La Mancha,CCAA,2013,Mujeres,55_plus,20947.85,0,1,INE_EES_28201,1,0,
Castilla-La Mancha,CCAA,2014,Mujeres,55_plus,20202.07,0,1,INE_EES_28201,1,0,
Castilla-La Mancha,CCAA,2015,Mujeres,55_plus,22164.43,0,0,INE_EES_28201,1,0,
Castilla-La Mancha,CCAA,2016,Mujeres,55_plus,21670.25,0,0,INE_EES_28201,1,0,
Castilla-La Mancha,CCAA,2017,Mujeres,55_plus,21747.79,0,0,INE_EES_28201,1,0,
Castilla-La Mancha,CCAA,2018,Mujeres,55_plus,22017.19,0,0,INE_EES_28201,1,0,
Castilla-La Mancha,CCAA,2019,Mujeres,55_plus,23045.64,0,0,INE_EES_28201,1,0,
Castilla-La Mancha,CCAA,2020,Mujeres,55_plus,23479.78,0,0,INE_EES_28201,1,0,
Castilla-La Mancha,CCAA,2021,Mujeres,55_plus,23074.2,0,0,INE_EES_28201,1,0,
Castilla-La Mancha,CCAA,2022,Mujeres,55_plus,24343.12,0,0,INE_EES_28201,1,0,
Castilla-La Mancha,CCAA,2023,Mujeres,55_plus,25302.78,0,0,INE_EES_28201,1,0,
Castilla-La Mancha,CCAA,2010,Mujeres,all_ages,17913.0,0,0,INE_EES_28201,1,0,
Castilla-La Mancha,CCAA,2011,Mujeres,all_ages,18001.99,0,0,INE_EES_28201,1,0,
Castilla-La Mancha,CCAA,2012,Mujeres,all_ages,17527.3,0,0,INE_EES_28201,1,0,
Castilla-La Mancha,CCAA,2013,Mujeres,all_ages,17481.02,0,0,INE_EES_28201,1,0,
Castilla-La Mancha,CCAA,2014,Mujeres,all_ages,18157.02,0,0,INE_EES_28201,1,0,
Castilla-La Mancha,CCAA,2015,Mujeres,all_ages,18097.55,0,0,INE_EES_28201,1,0,
Castilla-La Mancha,CCAA,2016,Mujeres,all_ages,18213.71,0,0,INE_EES_28201,1,0,
Castilla-La Mancha,CCAA,2017,Mujeres,all_ages,18327.35,0,0,INE_EES_28201,1,0,
Castilla-La Mancha,CCAA,2018,Mujeres,all_ages,19088.87,0,0,INE_EES_28201,1,0,
Castilla-La Mancha,CCAA,2019,Mujeres,all_ages,19939.58,0,0,INE_EES_28201,1,0,
Castilla-La Mancha,CCAA,2020,Mujeres,all_ages,20761.55,0,0,INE_EES_28201,1,0,
Castilla-La Mancha,CCAA,2021,Mujeres,all_ages,21154.58,0,0,INE_EES_28201,1,0,
Castilla-La Mancha,CCAA,2022,Mujeres,all_ages,21312.65,0,0,INE_EES_28201,1,0,
Castilla-La Mancha,CCAA,2023,Mujeres,all_ages,22608.19,0,0,INE_EES_28201,1,0,
Castilla-La Mancha,CCAA,2010,Mujeres,lt_25,10752.22,0,1,INE_EES_28201,1,0,
Castilla-La Mancha,CCAA,2011,Mujeres,lt_25,10893.4,0,1,INE_EES_28201,1,0,
Castilla-La Mancha,CCAA,2012,Mujeres,lt_25,10818.51,0,1,INE_EES_28201,1,0,
Castilla-La Mancha,CCAA,2013,Mujeres,lt_25,10112.007658003022,1,0,INE_EES_28201,0,1,national_growth_forward
Castilla-La Mancha,CCAA,2014,Mujeres,lt_25,11250.884853060066,1,0,INE_EES_28201,0,1,national_growth_forward
Castilla-La Mancha,CCAA,2015,Mujeres,lt_25,10397.880196292886,1,0,INE_EES_28201,0,1,national_growth_forward
Castilla-La Mancha,CCAA,2016,Mujeres,lt_25,10347.2576158877,1,0,INE_EES_28201,0,1,national_growth_forward
Castilla-La Mancha,CCAA,2017,Mujeres,lt_25,10832.523359720093,1,0,INE_EES_28201,0,1,national_growth_forward
Castilla-La Mancha,CCAA,2018,Mujeres,lt_25,11707.785811964868,1,0,INE_EES_28201,0,1,national_growth_forward
Castilla-La Mancha,CCAA,2019,Mujeres,lt_25,11793.58,0,1,INE_EES_28201,1,0,
Castilla-La Mancha,CCAA,2020,Mujeres,lt_25,12466.37,1,0,INE_EES_28201,0,1,linear_interpolation
Castilla-La Mancha,CCAA,2021,Mujeres,lt_25,13139.16,1,0,INE_EES_28201,0,1,linear_interpolation
Castilla-La Mancha,CCAA,2022,Mujeres,lt_25,13811.95,0,1,INE_EES_28201,1,0,
Castilla-La Mancha,CCAA,2023,Mujeres,lt_25,13831.34,0,1,INE_EES_28201,1,0,
Castilla-La Mancha,CCAA,2010,Total,25_34,18843.98,0,0,INE_EES_28201,1,0,
Castilla-La Mancha,CCAA,2011,Total,25_34,18683.9,0,0,INE_EES_28201,1,0,
Castilla-La Mancha,CCAA,2012,Total,25_34,17391.82,0,0,INE_EES_28201,1,0,
Castilla-La Mancha,CCAA,2013,Total,25_34,16818.13,0,0,INE_EES_28201,1,0,
Castilla-La Mancha,CCAA,2014,Total,25_34,17401.55,0,0,INE_EES_28201,1,0,
Castilla-La Mancha,CCAA,2015,Total,25_34,16359.72,0,0,INE_EES_28201,1,0,
Castilla-La Mancha,CCAA,2016,Total,25_34,15990.05,0,0,INE_EES_28201,1,0,
Castilla-La Mancha,CCAA,2017,Total,25_34,16275.18,0,0,INE_EES_28201,1,0,
Castilla-La Mancha,CCAA,2018,Total,25_34,17629.8,0,0,INE_EES_28201,1,0,
Castilla-La Mancha,CCAA,2019,Total,25_34,17631.22,0,0,INE_EES_28201,1,0,
Castilla-La Mancha,CCAA,2020,Total,25_34,18014.77,0,0,INE_EES_28201,1,0,
Castilla-La Mancha,CCAA,2021,Total,25_34,18290.03,0,0,INE_EES_28201,1,0,
Castilla-La Mancha,CCAA,2022,Total,25_34,20830.17,0,0,INE_EES_28201,1,0,
Castilla-La Mancha,CCAA,2023,Total,25_34,20330.25,0,0,INE_EES_28201,1,0,
Castilla-La Mancha,CCAA,2010,Total,35_44,21107.52,0,0,INE_EES_28201,1,0,
Castilla-La Mancha,CCAA,2011,Total,35_44,21103.65,0,0,INE_EES_28201,1,0,
Castilla-La Mancha,CCAA,2012,Total,35_44,21208.26,0,0,INE_EES_28201,1,0,
Castilla-La Mancha,CCAA,2013,Total,35_44,20745.12,0,0,INE_EES_28201,1,0,
Castilla-La Mancha,CCAA,2014,Total,35_44,21220.33,0,0,INE_EES_28201,1,0,
Castilla-La Mancha,CCAA,2015,Total,35_44,20436.22,0,0,INE_EES_28201,1,0,
Castilla-La Mancha,CCAA,2016,Total,35_44,20657.58,0,0,INE_EES_28201,1,0,
Castilla-La Mancha,CCAA,2017,Total,35_44,21089.84,0,0,INE_EES_28201,1,0,
Castilla-La Mancha,CCAA,2018,Total,35_44,21537.66,0,0,INE_EES_28201,1,0,
Castilla-La Mancha,CCAA,2019,Total,35_44,21974.99,0,0,INE_EES_28201,1,0,
Castilla-La Mancha,CCAA,2020,Total,35_44,22658.89,0,0,INE_EES_28201,1,0,
Castilla-La Mancha,CCAA,2021,Total,35_44,23225.02,0,0,INE_EES_28201,1,0,
Castilla-La Mancha,CCAA,2022,Total,35_44,23263.82,0,0,INE_EES_28201,1,0,
Castilla-La Mancha,CCAA,2023,Total,35_44,24686.03,0,0,INE_EES_28201,1,0,
Castilla-La Mancha,CCAA,2010,Total,45_54,22699.08,0,0,INE_EES_28201,1,0,
Castilla-La Mancha,CCAA,2011,Total,45_54,23128.42,0,0,INE_EES_28201,1,0,
Castilla-La Mancha,CCAA,2012,Total,45_54,22418.79,0,0,INE_EES_28201,1,0,
Castilla-La Mancha,CCAA,2013,Total,45_54,22699.83,0,0,INE_EES_28201,1,0,
Castilla-La Mancha,CCAA,2014,Total,45_54,22582.4,0,0,INE_EES_28201,1,0,
Castilla-La Mancha,CCAA,2015,Total,45_54,22559.52,0,0,INE_EES_28201,1,0,
Castilla-La Mancha,CCAA,2016,Total,45_54,22462.38,0,0,INE_EES_28201,1,0,
Castilla-La Mancha,CCAA,2017,Total,45_54,22400.18,0,0,INE_EES_28201,1,0,
Castilla-La Mancha,CCAA,2018,Total,45_54,23304.99,0,0,INE_EES_28201,1,0,
Castilla-La Mancha,CCAA,2019,Total,45_54,22969.02,0,0,INE_EES_28201,1,0,
Castilla-La Mancha,CCAA,2020,Total,45_54,23639.24,0,0,INE_EES_28201,1,0,
Castilla-La Mancha,CCAA,2021,Total,45_54,24591.66,0,0,INE_EES_28201,1,0,
Castilla-La Mancha,CCAA,2022,Total,45_54,25430.32,0,0,INE_EES_28201,1,0,
Castilla-La Mancha,CCAA,2023,Total,45_54,26753.3,0,0,INE_EES_28201,1,0,
Castilla-La Mancha,CCAA,2010,Total,55_plus,23025.04,0,0,INE_EES_28201,1,0,
Castilla-La Mancha,CCAA,2011,Total,55_plus,23716.32,0,0,INE_EES_28201,1,0,
Castilla-La Mancha,CCAA,2012,Total,55_plus,23696.0,0,0,INE_EES_28201,1,0,
Castilla-La Mancha,CCAA,2013,Total,55_plus,24075.05,0,0,INE_EES_28201,1,0,
Castilla-La Mancha,CCAA,2014,Total,55_plus,23878.35,0,0,INE_EES_28201,1,0,
Castilla-La Mancha,CCAA,2015,Total,55_plus,25316.1,0,0,INE_EES_28201,1,0,
Castilla-La Mancha,CCAA,2016,Total,55_plus,25392.56,0,0,INE_EES_28201,1,0,
Castilla-La Mancha,CCAA,2017,Total,55_plus,25416.37,0,0,INE_EES_28201,1,0,
Castilla-La Mancha,CCAA,2018,Total,55_plus,25677.61,0,0,INE_EES_28201,1,0,
Castilla-La Mancha,CCAA,2019,Total,55_plus,25937.19,0,0,INE_EES_28201,1,0,
Castilla-La Mancha,CCAA,2020,Total,55_plus,25612.12,0,0,INE_EES_28201,1,0,
Castilla-La Mancha,CCAA,2021,Total,55_plus,26310.95,0,0,INE_EES_28201,1,0,
Castilla-La Mancha,CCAA,2022,Total,55_plus,26597.89,0,0,INE_EES_28201,1,0,
Castilla-La Mancha,CCAA,2023,Total,55_plus,27701.38,0,0,INE_EES_28201,1,0,
Castilla-La Mancha,CCAA,2010,Total,all_ages,20363.01,0,0,INE_EES_28201,1,0,
Castilla-La Mancha,CCAA,2011,Total,all_ages,20664.9,0,0,INE_EES_28201,1,0,
Castilla-La Mancha,CCAA,2012,Total,all_ages,20536.42,0,0,INE_EES_28201,1,0,
Castilla-La Mancha,CCAA,2013,Total,all_ages,20630.07,0,0,INE_EES_28201,1,0,
Castilla-La Mancha,CCAA,2014,Total,all_ages,20644.88,0,0,INE_EES_28201,1,0,
Castilla-La Mancha,CCAA,2015,Total,all_ages,20670.55,0,0,INE_EES_28201,1,0,
Castilla-La Mancha,CCAA,2016,Total,all_ages,20825.87,0,0,INE_EES_28201,1,0,
Castilla-La Mancha,CCAA,2017,Total,all_ages,21033.32,0,0,INE_EES_28201,1,0,
Castilla-La Mancha,CCAA,2018,Total,all_ages,21756.38,0,0,INE_EES_28201,1,0,
Castilla-La Mancha,CCAA,2019,Total,all_ages,21908.92,0,0,INE_EES_28201,1,0,
Castilla-La Mancha,CCAA,2020,Total,all_ages,22575.01,0,0,INE_EES_28201,1,0,
Castilla-La Mancha,CCAA,2021,Total,all_ages,23234.55,0,0,INE_EES_28201,1,0,
Castilla-La Mancha,CCAA,2022,Total,all_ages,23751.71,0,0,INE_EES_28201,1,0,
Castilla-La Mancha,CCAA,2023,Total,all_ages,24885.63,0,0,INE_EES_28201,1,0,
Castilla-La Mancha,CCAA,2010,Total,lt_25,12657.23,0,0,INE_EES_28201,1,0,
Castilla-La Mancha,CCAA,2011,Total,lt_25,12186.83,0,1,INE_EES_28201,1,0,
Castilla-La Mancha,CCAA,2012,Total,lt_25,12245.62,0,1,INE_EES_28201,1,0,
Castilla-La Mancha,CCAA,2013,Total,lt_25,11737.77,0,1,INE_EES_28201,1,0,
Castilla-La Mancha,CCAA,2014,Total,lt_25,13064.49,0,1,INE_EES_28201,1,0,
Castilla-La Mancha,CCAA,2015,Total,lt_25,9948.37,0,1,INE_EES_28201,1,0,
Castilla-La Mancha,CCAA,2016,Total,lt_25,10380.8,0,1,INE_EES_28201,1,0,
Castilla-La Mancha,CCAA,2017,Total,lt_25,11127.55,0,1,INE_EES_28201,1,0,
Castilla-La Mancha,CCAA,2018,Total,lt_25,12975.34,0,1,INE_EES_28201,1,0,
Castilla-La Mancha,CCAA,2019,Total,lt_25,13330.37,0,1,INE_EES_28201,1,0,
Castilla-La Mancha,CCAA,2020,Total,lt_25,13980.29,0,1,INE_EES_28201,1,0,
Castilla-La Mancha,CCAA,2021,Total,lt_25,12992.53,0,1,INE_EES_28201,1,0,
Castilla-La Mancha,CCAA,2022,Total,lt_25,14242.31,0,1,INE_EES_28201,1,0,
Castilla-La Mancha,CCAA,2023,Total,lt_25,15275.19,0,1,INE_EES_28201,1,0,
Cataluña,CCAA,2010,Hombres,25_34,22819.09,0,0,INE_EES_28201,1,0,
Cataluña,CCAA,2011,Hombres,25_34,22759.05,0,0,INE_EES_28201,1,0,
Cataluña,CCAA,2012,Hombres,25_34,21887.21,0,0,INE_EES_28201,1,0,
Cataluña,CCAA,2013,Hombres,25_34,20806.13,0,0,INE_EES_28201,1,0,
Cataluña,CCAA,2014,Hombres,25_34,21725.29,0,0,INE_EES_28201,1,0,
Cataluña,CCAA,2015,Hombres,25_34,21485.76,0,0,INE_EES_28201,1,0,
Cataluña,CCAA,2016,Hombres,25_34,20899.28,0,0,INE_EES_28201,1,0,
Cataluña,CCAA,2017,Hombres,25_34,21557.72,0,0,INE_EES_28201,1,0,
Cataluña,CCAA,2018,Hombres,25_34,23522.09,0,0,INE_EES_28201,1,0,
Cataluña,CCAA,2019,Hombres,25_34,23034.61,0,0,INE_EES_28201,1,0,
Cataluña,CCAA,2020,Hombres,25_34,23880.08,0,0,INE_EES_28201,1,0,
Cataluña,CCAA,2021,Hombres,25_34,24709.93,0,0,INE_EES_28201,1,0,
Cataluña,CCAA,2022,Hombres,25_34,26215.7,0,0,INE_EES_28201,1,0,
Cataluña,CCAA,2023,Hombres,25_34,27052.18,0,0,INE_EES_28201,1,0,
Cataluña,CCAA,2010,Hombres,35_44,29019.02,0,0,INE_EES_28201,1,0,
Cataluña,CCAA,2011,Hombres,35_44,29096.18,0,0,INE_EES_28201,1,0,
Cataluña,CCAA,2012,Hombres,35_44,28810.99,0,0,INE_EES_28201,1,0,
Cataluña,CCAA,2013,Hombres,35_44,28300.77,0,0,INE_EES_28201,1,0,
Cataluña,CCAA,2014,Hombres,35_44,28007.67,0,0,INE_EES_28201,1,0,
Cataluña,CCAA,2015,Hombres,35_44,27582.98,0,0,INE_EES_28201,1,0,
Cataluña,CCAA,2016,Hombres,35_44,27675.98,0,0,INE_EES_28201,1,0,
Cataluña,CCAA,2017,Hombres,35_44,28808.23,0,0,INE_EES_28201,1,0,
Cataluña,CCAA,2018,Hombres,35_44,29581.56,0,0,INE_EES_28201,1,0,
Cataluña,CCAA,2019,Hombres,35_44,29834.9,0,0,INE_EES_28201,1,0,
Cataluña,CCAA,2020,Hombres,35_44,30098.22,0,0,INE_EES_28201,1,0,
Cataluña,CCAA,2021,Hombres,35_44,31341.52,0,0,INE_EES_28201,1,0,
Cataluña,CCAA,2022,Hombres,35_44,32595.02,0,0,INE_EES_28201,1,0,
Cataluña,CCAA,2023,Hombres,35_44,33105.03,0,0,INE_EES_28201,1,0,
Cataluña,CCAA,2010,Hombres,45_54,32197.37,0,0,INE_EES_28201,1,0,
Cataluña,CCAA,2011,Hombres,45_54,32101.86,0,0,INE_EES_28201,1,0,
Cataluña,CCAA,2012,Hombres,45_54,31471.83,0,0,INE_EES_28201,1,0,
Cataluña,CCAA,2013,Hombres,45_54,31540.38,0,0,INE_EES_28201,1,0,
Cataluña,CCAA,2014,Hombres,45_54,31719.94,0,0,INE_EES_28201,1,0,
Cataluña,CCAA,2015,Hombres,45_54,30658.18,0,0,INE_EES_28201,1,0,
Cataluña,CCAA,2016,Hombres,45_54,30958.13,0,0,INE_EES_28201,1,0,
Cataluña,CCAA,2017,Hombres,45_54,31364.36,0,0,INE_EES_28201,1,0,
Cataluña,CCAA,2018,Hombres,45_54,31368.54,0,0,INE_EES_28201,1,0,
Cataluña,CCAA,2019,Hombres,45_54,32742.58,0,0,INE_EES_28201,1,0,
Cataluña,CCAA,2020,Hombres,45_54,33662.8,0,0,INE_EES_28201,1,0,
Cataluña,CCAA,2021,Hombres,45_54,35112.17,0,0,INE_EES_28201,1,0,
Cataluña,CCAA,2022,Hombres,45_54,35402.42,0,0,INE_EES_28201,1,0,
Cataluña,CCAA,2023,Hombres,45_54,35484.81,0,0,INE_EES_28201,1,0,
Cataluña,CCAA,2010,Hombres,55_plus,32195.45,0,0,INE_EES_28201,1,0,
Cataluña,CCAA,2011,Hombres,55_plus,32139.31,0,0,INE_EES_28201,1,0,
Cataluña,CCAA,2012,Hombres,55_plus,31490.89,0,0,INE_EES_28201,1,0,
Cataluña,CCAA,2013,Hombres,55_plus,31263.19,0,0,INE_EES_28201,1,0,
Cataluña,CCAA,2014,Hombres,55_plus,31628.21,0,0,INE_EES_28201,1,0,
Cataluña,CCAA,2015,Hombres,55_plus,32144.78,0,0,INE_EES_28201,1,0,
Cataluña,CCAA,2016,Hombres,55_plus,31856.89,0,0,INE_EES_28201,1,0,
Cataluña,CCAA,2017,Hombres,55_plus,32077.64,0,0,INE_EES_28201,1,0,
Cataluña,CCAA,2018,Hombres,55_plus,32313.01,0,0,INE_EES_28201,1,0,
Cataluña,CCAA,2019,Hombres,55_plus,32252.65,0,0,INE_EES_28201,1,0,
Cataluña,CCAA,2020,Hombres,55_plus,33405.83,0,0,INE_EES_28201,1,0,
Cataluña,CCAA,2021,Hombres,55_plus,34484.99,0,0,INE_EES_28201,1,0,
Cataluña,CCAA,2022,Hombres,55_plus,35127.75,0,0,INE_EES_28201,1,0,
Cataluña,CCAA,2023,Hombres,55_plus,37531.88,0,0,INE_EES_28201,1,0,
Cataluña,CCAA,2010,Hombres,all_ages,27601.02,0,0,INE_EES_28201,1,0,
Cataluña,CCAA,2011,Hombres,all_ages,28025.61,0,0,INE_EES_28201,1,0,
Cataluña,CCAA,2012,Hombres,all_ages,27836.4,0,0,INE_EES_28201,1,0,
Cataluña,CCAA,2013,Hombres,all_ages,27684.3,0,0,INE_EES_28201,1,0,
Cataluña,CCAA,2014,Hombres,all_ages,27447.71,0,0,INE_EES_28201,1,0,
Cataluña,CCAA,2015,Hombres,all_ages,27514.06,0,0,INE_EES_28201,1,0,
Cataluña,CCAA,2016,Hombres,all_ages,27572.76,0,0,INE_EES_28201,1,0,
Cataluña,CCAA,2017,Hombres,all_ages,28323.31,0,0,INE_EES_28201,1,0,
Cataluña,CCAA,2018,Hombres,all_ages,28640.23,0,0,INE_EES_28201,1,0,
Cataluña,CCAA,2019,Hombres,all_ages,28965.38,0,0,INE_EES_28201,1,0,
Cataluña,CCAA,2020,Hombres,all_ages,30003.62,0,0,INE_EES_28201,1,0,
Cataluña,CCAA,2021,Hombres,all_ages,31212.67,0,0,INE_EES_28201,1,0,
Cataluña,CCAA,2022,Hombres,all_ages,31878.42,0,0,INE_EES_28201,1,0,
Cataluña,CCAA,2023,Hombres,all_ages,32721.58,0,0,INE_EES_28201,1,0,
Cataluña,CCAA,2010,Hombres,lt_25,15347.46,0,0,INE_EES_28201,1,0,
Cataluña,CCAA,2011,Hombres,lt_25,13343.87,0,0,INE_EES_28201,1,0,
Cataluña,CCAA,2012,Hombres,lt_25,12357.17,0,0,INE_EES_28201,1,0,
Cataluña,CCAA,2013,Hombres,lt_25,12016.2,0,1,INE_EES_28201,1,0,
Cataluña,CCAA,2014,Hombres,lt_25,13589.54,0,0,INE_EES_28201,1,0,
Cataluña,CCAA,2015,Hombres,lt_25,12545.16,0,1,INE_EES_28201,1,0,
Cataluña,CCAA,2016,Hombres,lt_25,11880.16,0,0,INE_EES_28201,1,0,
Cataluña,CCAA,2017,Hombres,lt_25,12939.2,0,0,INE_EES_28201,1,0,
Cataluña,CCAA,2018,Hombres,lt_25,14180.34,0,0,INE_EES_28201,1,0,
Cataluña,CCAA,2019,Hombres,lt_25,13928.57,0,0,INE_EES_28201,1,0,
Cataluña,CCAA,2020,Hombres,lt_25,14484.75,0,0,INE_EES_28201,1,0,
Cataluña,CCAA,2021,Hombres,lt_25,14196.07,0,0,INE_EES_28201,1,0,
Cataluña,CCAA,2022,Hombres,lt_25,16333.58,0,0,INE_EES_28201,1,0,
Cataluña,CCAA,2023,Hombres,lt_25,17364.51,0,0,INE_EES_28201,1,0,
Cataluña,CCAA,2010,Mujeres,25_34,19804.0,0,0,INE_EES_28201,1,0,
Cataluña,CCAA,2011,Mujeres,25_34,19283.64,0,0,INE_EES_28201,1,0,
Cataluña,CCAA,2012,Mujeres,25_34,18672.28,0,0,INE_EES_28201,1,0,
Cataluña,CCAA,2013,Mujeres,25_34,17760.41,0,0,INE_EES_28201,1,0,
Cataluña,CCAA,2014,Mujeres,25_34,18374.8,0,0,INE_EES_28201,1,0,
Cataluña,CCAA,2015,Mujeres,25_34,18155.18,0,0,INE_EES_28201,1,0,
Cataluña,CCAA,2016,Mujeres,25_34,18013.37,0,0,INE_EES_28201,1,0,
Cataluña,CCAA,2017,Mujeres,25_34,18908.99,0,0,INE_EES_28201,1,0,
Cataluña,CCAA,2018,Mujeres,25_34,19689.55,0,0,INE_EES_28201,1,0,
Cataluña,CCAA,2019,Mujeres,25_34,20275.4,0,0,INE_EES_28201,1,0,
Cataluña,CCAA,2020,Mujeres,25_34,20780.86,0,0,INE_EES_28201,1,0,
Cataluña,CCAA,2021,Mujeres,25_34,21262.22,0,0,INE_EES_28201,1,0,
Cataluña,CCAA,2022,Mujeres,25_34,23499.53,0,0,INE_EES_28201,1,0,
Cataluña,CCAA,2023,Mujeres,25_34,24630.9,0,0,INE_EES_28201,1,0,
Cataluña,CCAA,2010,Mujeres,35_44,22322.87,0,0,INE_EES_28201,1,0,
Cataluña,CCAA,2011,Mujeres,35_44,22105.48,0,0,INE_EES_28201,1,0,
Cataluña,CCAA,2012,Mujeres,35_44,22290.3,0,0,INE_EES_28201,1,0,
Cataluña,CCAA,2013,Mujeres,35_44,22014.18,0,0,INE_EES_28201,1,0,
Cataluña,CCAA,2014,Mujeres,35_44,21603.82,0,0,INE_EES_28201,1,0,
Cataluña,CCAA,2015,Mujeres,35_44,21876.45,0,0,INE_EES_28201,1,0,
Cataluña,CCAA,2016,Mujeres,35_44,22600.09,0,0,INE_EES_28201,1,0,
Cataluña,CCAA,2017,Mujeres,35_44,23128.96,0,0,INE_EES_28201,1,0,
Cataluña,CCAA,2018,Mujeres,35_44,23847.27,0,0,INE_EES_28201,1,0,
Cataluña,CCAA,2019,Mujeres,35_44,23604.22,0,0,INE_EES_28201,1,0,
Cataluña,CCAA,2020,Mujeres,35_44,24428.58,0,0,INE_EES_28201,1,0,
Cataluña,CCAA,2021,Mujeres,35_44,25059.95,0,0,INE_EES_28201,1,0,
Cataluña,CCAA,2022,Mujeres,35_44,26441.73,0,0,INE_EES_28201,1,0,
Cataluña,CCAA,2023,Mujeres,35_44,28060.87,0,0,INE_EES_28201,1,0,
Cataluña,CCAA,2010,Mujeres,45_54,22204.92,0,0,INE_EES_28201,1,0,
Cataluña,CCAA,2011,Mujeres,45_54,22208.09,0,0,INE_EES_28201,1,0,
Cataluña,CCAA,2012,Mujeres,45_54,22075.58,0,0,INE_EES_28201,1,0,
Cataluña,CCAA,2013,Mujeres,45_54,22097.78,0,0,INE_EES_28201,1,0,
Cataluña,CCAA,2014,Mujeres,45_54,21556.39,0,0,INE_EES_28201,1,0,
Cataluña,CCAA,2015,Mujeres,45_54,22720.94,0,0,INE_EES_28201,1,0,
Cataluña,CCAA,2016,Mujeres,45_54,22210.96,0,0,INE_EES_28201,1,0,
Cataluña,CCAA,2017,Mujeres,45_54,23110.7,0,0,INE_EES_28201,1,0,
Cataluña,CCAA,2018,Mujeres,45_54,23502.36,0,0,INE_EES_28201,1,0,
Cataluña,CCAA,2019,Mujeres,45_54,24428.85,0,0,INE_EES_28201,1,0,
Cataluña,CCAA,2020,Mujeres,45_54,25985.3,0,0,INE_EES_28201,1,0,
Cataluña,CCAA,2021,Mujeres,45_54,26847.7,0,0,INE_EES_28201,1,0,
Cataluña,CCAA,2022,Mujeres,45_54,27725.1,0,0,INE_EES_28201,1,0,
Cataluña,CCAA,2023,Mujeres,45_54,29369.72,0,0,INE_EES_28201,1,0,
Cataluña,CCAA,2010,Mujeres,55_plus,23359.65,0,0,INE_EES_28201,1,0,
Cataluña,CCAA,2011,Mujeres,55_plus,21904.9,0,0,INE_EES_28201,1,0,
Cataluña,CCAA,2012,Mujeres,55_plus,22070.96,0,0,INE_EES_28201,1,0,
Cataluña,CCAA,2013,Mujeres,55_plus,22171.56,0,0,INE_EES_28201,1,0,
Cataluña,CCAA,2014,Mujeres,55_plus,21514.58,0,0,INE_EES_28201,1,0,
Cataluña,CCAA,2015,Mujeres,55_plus,21728.03,0,0,INE_EES_28201,1,0,
Cataluña,CCAA,2016,Mujeres,55_plus,21898.34,0,0,INE_EES_28201,1,0,
Cataluña,CCAA,2017,Mujeres,55_plus,22709.05,0,0,INE_EES_28201,1,0,
Cataluña,CCAA,2018,Mujeres,55_plus,23312.49,0,0,INE_EES_28201,1,0,
Cataluña,CCAA,2019,Mujeres,55_plus,25365.0,0,0,INE_EES_28201,1,0,
Cataluña,CCAA,2020,Mujeres,55_plus,26019.05,0,0,INE_EES_28201,1,0,
Cataluña,CCAA,2021,Mujeres,55_plus,27448.84,0,0,INE_EES_28201,1,0,
Cataluña,CCAA,2022,Mujeres,55_plus,27002.72,0,0,INE_EES_28201,1,0,
Cataluña,CCAA,2023,Mujeres,55_plus,28993.18,0,0,INE_EES_28201,1,0,
Cataluña,CCAA,2010,Mujeres,all_ages,21042.14,0,0,INE_EES_28201,1,0,
Cataluña,CCAA,2011,Mujeres,all_ages,20799.94,0,0,INE_EES_28201,1,0,
Cataluña,CCAA,2012,Mujeres,all_ages,20931.07,0,0,INE_EES_28201,1,0,
Cataluña,CCAA,2013,Mujeres,all_ages,20740.55,0,0,INE_EES_28201,1,0,
Cataluña,CCAA,2014,Mujeres,all_ages,20324.88,0,0,INE_EES_28201,1,0,
Cataluña,CCAA,2015,Mujeres,all_ages,20946.56,0,0,INE_EES_28201,1,0,
Cataluña,CCAA,2016,Mujeres,all_ages,21110.34,0,0,INE_EES_28201,1,0,
Cataluña,CCAA,2017,Mujeres,all_ages,21801.47,0,0,INE_EES_28201,1,0,
Cataluña,CCAA,2018,Mujeres,all_ages,22289.9,0,0,INE_EES_28201,1,0,
Cataluña,CCAA,2019,Mujeres,all_ages,22988.22,0,0,INE_EES_28201,1,0,
Cataluña,CCAA,2020,Mujeres,all_ages,24096.69,0,0,INE_EES_28201,1,0,
Cataluña,CCAA,2021,Mujeres,all_ages,25015.94,0,0,INE_EES_28201,1,0,
Cataluña,CCAA,2022,Mujeres,all_ages,25659.03,0,0,INE_EES_28201,1,0,
Cataluña,CCAA,2023,Mujeres,all_ages,27240.93,0,0,INE_EES_28201,1,0,
Cataluña,CCAA,2010,Mujeres,lt_25,12944.37,0,0,INE_EES_28201,1,0,
Cataluña,CCAA,2011,Mujeres,lt_25,11275.31,0,0,INE_EES_28201,1,0,
Cataluña,CCAA,2012,Mujeres,lt_25,10220.34,0,1,INE_EES_28201,1,0,
Cataluña,CCAA,2013,Mujeres,lt_25,8948.92,0,1,INE_EES_28201,1,0,
Cataluña,CCAA,2014,Mujeres,lt_25,10257.65,0,0,INE_EES_28201,1,0,
Cataluña,CCAA,2015,Mujeres,lt_25,9656.64,0,1,INE_EES_28201,1,0,
Cataluña,CCAA,2016,Mujeres,lt_25,9587.48,0,1,INE_EES_28201,1,0,
Cataluña,CCAA,2017,Mujeres,lt_25,9438.05,0,1,INE_EES_28201,1,0,
Cataluña,CCAA,2018,Mujeres,lt_25,11632.66,0,0,INE_EES_28201,1,0,
Cataluña,CCAA,2019,Mujeres,lt_25,12122.68,0,0,INE_EES_28201,1,0,
Cataluña,CCAA,2020,Mujeres,lt_25,12023.73,0,0,INE_EES_28201,1,0,
Cataluña,CCAA,2021,Mujeres,lt_25,11936.28,0,0,INE_EES_28201,1,0,
Cataluña,CCAA,2022,Mujeres,lt_25,13751.87,0,0,INE_EES_28201,1,0,
Cataluña,CCAA,2023,Mujeres,lt_25,13982.1,0,0,INE_EES_28201,1,0,
Cataluña,CCAA,2010,Total,25_34,21346.22,0,0,INE_EES_28201,1,0,
Cataluña,CCAA,2011,Total,25_34,20975.62,0,0,INE_EES_28201,1,0,
Cataluña,CCAA,2012,Total,25_34,20235.8,0,0,INE_EES_28201,1,0,
Cataluña,CCAA,2013,Total,25_34,19250.22,0,0,INE_EES_28201,1,0,
Cataluña,CCAA,2014,Total,25_34,20051.79,0,0,INE_EES_28201,1,0,
Cataluña,CCAA,2015,Total,25_34,19901.3,0,0,INE_EES_28201,1,0,
Cataluña,CCAA,2016,Total,25_34,19522.21,0,0,INE_EES_28201,1,0,
Cataluña,CCAA,2017,Total,25_34,20295.36,0,0,INE_EES_28201,1,0,
Cataluña,CCAA,2018,Total,25_34,21621.47,0,0,INE_EES_28201,1,0,
Cataluña,CCAA,2019,Total,25_34,21656.58,0,0,INE_EES_28201,1,0,
Cataluña,CCAA,2020,Total,25_34,22338.55,0,0,INE_EES_28201,1,0,
Cataluña,CCAA,2021,Total,25_34,23026.1,0,0,INE_EES_28201,1,0,
Cataluña,CCAA,2022,Total,25_34,24888.04,0,0,INE_EES_28201,1,0,
Cataluña,CCAA,2023,Total,25_34,25879.12,0,0,INE_EES_28201,1,0,
Cataluña,CCAA,2010,Total,35_44,25791.58,0,0,INE_EES_28201,1,0,
Cataluña,CCAA,2011,Total,35_44,25756.86,0,0,INE_EES_28201,1,0,
Cataluña,CCAA,2012,Total,35_44,25676.02,0,0,INE_EES_28201,1,0,
Cataluña,CCAA,2013,Total,35_44,25273.28,0,0,INE_EES_28201,1,0,
Cataluña,CCAA,2014,Total,35_44,24819.4,0,0,INE_EES_28201,1,0,
Cataluña,CCAA,2015,Total,35_44,24779.02,0,0,INE_EES_28201,1,0,
Cataluña,CCAA,2016,Total,35_44,25255.98,0,0,INE_EES_28201,1,0,
Cataluña,CCAA,2017,Total,35_44,26048.05,0,0,INE_EES_28201,1,0,
Cataluña,CCAA,2018,Total,35_44,26803.12,0,0,INE_EES_28201,1,0,
Cataluña,CCAA,2019,Total,35_44,26755.81,0,0,INE_EES_28201,1,0,
Cataluña,CCAA,2020,Total,35_44,27340.77,0,0,INE_EES_28201,1,0,
Cataluña,CCAA,2021,Total,35_44,28220.68,0,0,INE_EES_28201,1,0,
Cataluña,CCAA,2022,Total,35_44,29555.84,0,0,INE_EES_28201,1,0,
Cataluña,CCAA,2023,Total,35_44,30572.04,0,0,INE_EES_28201,1,0,
Cataluña,CCAA,2010,Total,45_54,27296.2,0,0,INE_EES_28201,1,0,
Cataluña,CCAA,2011,Total,45_54,27257.05,0,0,INE_EES_28201,1,0,
Cataluña,CCAA,2012,Total,45_54,26838.01,0,0,INE_EES_28201,1,0,
Cataluña,CCAA,2013,Total,45_54,26907.69,0,0,INE_EES_28201,1,0,
Cataluña,CCAA,2014,Total,45_54,26715.54,0,0,INE_EES_28201,1,0,
Cataluña,CCAA,2015,Total,45_54,26887.21,0,0,INE_EES_28201,1,0,
Cataluña,CCAA,2016,Total,45_54,26701.36,0,0,INE_EES_28201,1,0,
Cataluña,CCAA,2017,Total,45_54,27398.9,0,0,INE_EES_28201,1,0,
Cataluña,CCAA,2018,Total,45_54,27552.72,0,0,INE_EES_28201,1,0,
Cataluña,CCAA,2019,Total,45_54,28446.07,0,0,INE_EES_28201,1,0,
Cataluña,CCAA,2020,Total,45_54,29854.86,0,0,INE_EES_28201,1,0,
Cataluña,CCAA,2021,Total,45_54,30941.02,0,0,INE_EES_28201,1,0,
Cataluña,CCAA,2022,Total,45_54,31513.6,0,0,INE_EES_28201,1,0,
Cataluña,CCAA,2023,Total,45_54,32359.07,0,0,INE_EES_28201,1,0,
Cataluña,CCAA,2010,Total,55_plus,28474.62,0,0,INE_EES_28201,1,0,
Cataluña,CCAA,2011,Total,55_plus,27508.98,0,0,INE_EES_28201,1,0,
Cataluña,CCAA,2012,Total,55_plus,26893.49,0,0,INE_EES_28201,1,0,
Cataluña,CCAA,2013,Total,55_plus,26709.89,0,0,INE_EES_28201,1,0,
Cataluña,CCAA,2014,Total,55_plus,26870.15,0,0,INE_EES_28201,1,0,
Cataluña,CCAA,2015,Total,55_plus,26939.09,0,0,INE_EES_28201,1,0,
Cataluña,CCAA,2016,Total,55_plus,26933.5,0,0,INE_EES_28201,1,0,
Cataluña,CCAA,2017,Total,55_plus,27591.41,0,0,INE_EES_28201,1,0,
Cataluña,CCAA,2018,Total,55_plus,27918.39,0,0,INE_EES_28201,1,0,
Cataluña,CCAA,2019,Total,55_plus,28824.02,0,0,INE_EES_28201,1,0,
Cataluña,CCAA,2020,Total,55_plus,29732.31,0,0,INE_EES_28201,1,0,
Cataluña,CCAA,2021,Total,55_plus,30995.02,0,0,INE_EES_28201,1,0,
Cataluña,CCAA,2022,Total,55_plus,31080.63,0,0,INE_EES_28201,1,0,
Cataluña,CCAA,2023,Total,55_plus,33304.09,0,0,INE_EES_28201,1,0,
Cataluña,CCAA,2010,Total,all_ages,24449.19,0,0,INE_EES_28201,1,0,
Cataluña,CCAA,2011,Total,all_ages,24499.32,0,0,INE_EES_28201,1,0,
Cataluña,CCAA,2012,Total,all_ages,24436.39,0,0,INE_EES_28201,1,0,
Cataluña,CCAA,2013,Total,all_ages,24253.73,0,0,INE_EES_28201,1,0,
Cataluña,CCAA,2014,Total,all_ages,23927.17,0,0,INE_EES_28201,1,0,
Cataluña,CCAA,2015,Total,all_ages,24321.57,0,0,INE_EES_28201,1,0,
Cataluña,CCAA,2016,Total,all_ages,24454.64,0,0,INE_EES_28201,1,0,
Cataluña,CCAA,2017,Total,all_ages,25180.45,0,0,INE_EES_28201,1,0,
Cataluña,CCAA,2018,Total,all_ages,25552.84,0,0,INE_EES_28201,1,0,
Cataluña,CCAA,2019,Total,all_ages,25968.2,0,0,INE_EES_28201,1,0,
Cataluña,CCAA,2020,Total,all_ages,27100.11,0,0,INE_EES_28201,1,0,
Cataluña,CCAA,2021,Total,all_ages,28145.02,0,0,INE_EES_28201,1,0,
Cataluña,CCAA,2022,Total,all_ages,28774.55,0,0,INE_EES_28201,1,0,
Cataluña,CCAA,2023,Total,all_ages,29978.69,0,0,INE_EES_28201,1,0,
Cataluña,CCAA,2010,Total,lt_25,14118.39,0,0,INE_EES_28201,1,0,
Cataluña,CCAA,2011,Total,lt_25,12278.77,0,0,INE_EES_28201,1,0,
Cataluña,CCAA,2012,Total,lt_25,11339.79,0,0,INE_EES_28201,1,0,
Cataluña,CCAA,2013,Total,lt_25,10471.48,0,0,INE_EES_28201,1,0,
Cataluña,CCAA,2014,Total,lt_25,11835.17,0,0,INE_EES_28201,1,0,
Cataluña,CCAA,2015,Total,lt_25,11051.99,0,0,INE_EES_28201,1,0,
Cataluña,CCAA,2016,Total,lt_25,10809.83,0,0,INE_EES_28201,1,0,
Cataluña,CCAA,2017,Total,lt_25,11183.93,0,0,INE_EES_28201,1,0,
Cataluña,CCAA,2018,Total,lt_25,13020.99,0,0,INE_EES_28201,1,0,
Cataluña,CCAA,2019,Total,lt_25,13070.69,0,0,INE_EES_28201,1,0,
Cataluña,CCAA,2020,Total,lt_25,13393.5,0,0,INE_EES_28201,1,0,
Cataluña,CCAA,2021,Total,lt_25,13218.66,0,0,INE_EES_28201,1,0,
Cataluña,CCAA,2022,Total,lt_25,15001.74,0,0,INE_EES_28201,1,0,
Cataluña,CCAA,2023,Total,lt_25,15639.0,0,0,INE_EES_28201,1,0,
Comunidad Valenciana,CCAA,2010,Hombres,25_34,19779.48,0,0,INE_EES_28201,1,0,
Comunidad Valenciana,CCAA,2011,Hombres,25_34,19825.67,0,0,INE_EES_28201,1,0,
Comunidad Valenciana,CCAA,2012,Hombres,25_34,19467.52,0,0,INE_EES_28201,1,0,
Comunidad Valenciana,CCAA,2013,Hombres,25_34,18652.06,0,0,INE_EES_28201,1,0,
Comunidad Valenciana,CCAA,2014,Hombres,25_34,18026.18,0,0,INE_EES_28201,1,0,
Comunidad Valenciana,CCAA,2015,Hombres,25_34,18255.46,0,0,INE_EES_28201,1,0,
Comunidad Valenciana,CCAA,2016,Hombres,25_34,17559.16,0,0,INE_EES_28201,1,0,
Comunidad Valenciana,CCAA,2017,Hombres,25_34,18004.1,0,0,INE_EES_28201,1,0,
Comunidad Valenciana,CCAA,2018,Hombres,25_34,18378.79,0,0,INE_EES_28201,1,0,
Comunidad Valenciana,CCAA,2019,Hombres,25_34,19114.5,0,0,INE_EES_28201,1,0,
Comunidad Valenciana,CCAA,2020,Hombres,25_34,19665.03,0,0,INE_EES_28201,1,0,
Comunidad Valenciana,CCAA,2021,Hombres,25_34,20270.1,0,0,INE_EES_28201,1,0,
Comunidad Valenciana,CCAA,2022,Hombres,25_34,21371.95,0,0,INE_EES_28201,1,0,
Comunidad Valenciana,CCAA,2023,Hombres,25_34,22327.04,0,0,INE_EES_28201,1,0,
Comunidad Valenciana,CCAA,2010,Hombres,35_44,23315.97,0,0,INE_EES_28201,1,0,
Comunidad Valenciana,CCAA,2011,Hombres,35_44,24596.88,0,0,INE_EES_28201,1,0,
Comunidad Valenciana,CCAA,2012,Hombres,35_44,24377.01,0,0,INE_EES_28201,1,0,
Comunidad Valenciana,CCAA,2013,Hombres,35_44,23232.86,0,0,INE_EES_28201,1,0,
Comunidad Valenciana,CCAA,2014,Hombres,35_44,23071.93,0,0,INE_EES_28201,1,0,
Comunidad Valenciana,CCAA,2015,Hombres,35_44,23730.03,0,0,INE_EES_28201,1,0,
Comunidad Valenciana,CCAA,2016,Hombres,35_44,23674.45,0,0,INE_EES_28201,1,0,
Comunidad Valenciana,CCAA,2017,Hombres,35_44,23510.98,0,0,INE_EES_28201,1,0,
Comunidad Valenciana,CCAA,2018,Hombres,35_44,25098.87,0,0,INE_EES_28201,1,0,
Comunidad Valenciana,CCAA,2019,Hombres,35_44,24631.99,0,0,INE_EES_28201,1,0,
Comunidad Valenciana,CCAA,2020,Hombres,35_44,24794.27,0,0,INE_EES_28201,1,0,
Comunidad Valenciana,CCAA,2021,Hombres,35_44,25282.85,0,0,INE_EES_28201,1,0,
Comunidad Valenciana,CCAA,2022,Hombres,35_44,27053.26,0,0,INE_EES_28201,1,0,
Comunidad Valenciana,CCAA,2023,Hombres,35_44,27615.25,0,0,INE_EES_28201,1,0,
Comunidad Valenciana,CCAA,2010,Hombres,45_54,27108.82,0,0,INE_EES_28201,1,0,
Comunidad Valenciana,CCAA,2011,Hombres,45_54,27380.39,0,0,INE_EES_28201,1,0,
Comunidad Valenciana,CCAA,2012,Hombres,45_54,27557.49,0,0,INE_EES_28201,1,0,
Comunidad Valenciana,CCAA,2013,Hombres,45_54,26882.41,0,0,INE_EES_28201,1,0,
Comunidad Valenciana,CCAA,2014,Hombres,45_54,26130.7,0,0,INE_EES_28201,1,0,
Comunidad Valenciana,CCAA,2015,Hombres,45_54,26393.69,0,0,INE_EES_28201,1,0,
Comunidad Valenciana,CCAA,2016,Hombres,45_54,25901.43,0,0,INE_EES_28201,1,0,
Comunidad Valenciana,CCAA,2017,Hombres,45_54,26398.55,0,0,INE_EES_28201,1,0,
Comunidad Valenciana,CCAA,2018,Hombres,45_54,26562.41,0,0,INE_EES_28201,1,0,
Comunidad Valenciana,CCAA,2019,Hombres,45_54,27234.43,0,0,INE_EES_28201,1,0,
Comunidad Valenciana,CCAA,2020,Hombres,45_54,27796.03,0,0,INE_EES_28201,1,0,
Comunidad Valenciana,CCAA,2021,Hombres,45_54,28500.12,0,0,INE_EES_28201,1,0,
Comunidad Valenciana,CCAA,2022,Hombres,45_54,28821.45,0,0,INE_EES_28201,1,0,
Comunidad Valenciana,CCAA,2023,Hombres,45_54,31107.99,0,0,INE_EES_28201,1,0,
Comunidad Valenciana,CCAA,2010,Hombres,55_plus,27339.76,0,0,INE_EES_28201,1,0,
Comunidad Valenciana,CCAA,2011,Hombres,55_plus,28311.75,0,0,INE_EES_28201,1,0,
Comunidad Valenciana,CCAA,2012,Hombres,55_plus,26861.38,0,0,INE_EES_28201,1,0,
Comunidad Valenciana,CCAA,2013,Hombres,55_plus,27052.26,0,0,INE_EES_28201,1,0,
Comunidad Valenciana,CCAA,2014,Hombres,55_plus,28825.93,0,0,INE_EES_28201,1,0,
Comunidad Valenciana,CCAA,2015,Hombres,55_plus,27831.66,0,0,INE_EES_28201,1,0,
Comunidad Valenciana,CCAA,2016,Hombres,55_plus,27576.94,0,0,INE_EES_28201,1,0,
Comunidad Valenciana,CCAA,2017,Hombres,55_plus,28159.48,0,0,INE_EES_28201,1,0,
Comunidad Valenciana,CCAA,2018,Hombres,55_plus,29564.33,0,0,INE_EES_28201,1,0,
Comunidad Valenciana,CCAA,2019,Hombres,55_plus,28563.21,0,0,INE_EES_28201,1,0,
Comunidad Valenciana,CCAA,2020,Hombres,55_plus,29428.51,0,0,INE_EES_28201,1,0,
Comunidad Valenciana,CCAA,2021,Hombres,55_plus,29704.63,0,0,INE_EES_28201,1,0,
Comunidad Valenciana,CCAA,2022,Hombres,55_plus,29818.28,0,0,INE_EES_28201,1,0,
Comunidad Valenciana,CCAA,2023,Hombres,55_plus,32093.95,0,0,INE_EES_28201,1,0,
Comunidad Valenciana,CCAA,2010,Hombres,all_ages,23331.71,0,0,INE_EES_28201,1,0,
Comunidad Valenciana,CCAA,2011,Hombres,all_ages,24171.87,0,0,INE_EES_28201,1,0,
Comunidad Valenciana,CCAA,2012,Hombres,all_ages,24289.23,0,0,INE_EES_28201,1,0,
Comunidad Valenciana,CCAA,2013,Hombres,all_ages,23651.4,0,0,INE_EES_28201,1,0,
Comunidad Valenciana,CCAA,2014,Hombres,all_ages,23479.71,0,0,INE_EES_28201,1,0,
Comunidad Valenciana,CCAA,2015,Hombres,all_ages,23919.14,0,0,INE_EES_28201,1,0,
Comunidad Valenciana,CCAA,2016,Hombres,all_ages,23672.18,0,0,INE_EES_28201,1,0,
Comunidad Valenciana,CCAA,2017,Hombres,all_ages,23867.74,0,0,INE_EES_28201,1,0,
Comunidad Valenciana,CCAA,2018,Hombres,all_ages,24537.07,0,0,INE_EES_28201,1,0,
Comunidad Valenciana,CCAA,2019,Hombres,all_ages,24499.53,0,0,INE_EES_28201,1,0,
Comunidad Valenciana,CCAA,2020,Hombres,all_ages,25239.04,0,0,INE_EES_28201,1,0,
Comunidad Valenciana,CCAA,2021,Hombres,all_ages,25914.86,0,0,INE_EES_28201,1,0,
Comunidad Valenciana,CCAA,2022,Hombres,all_ages,26683.85,0,0,INE_EES_28201,1,0,
Comunidad Valenciana,CCAA,2023,Hombres,all_ages,27933.36,0,0,INE_EES_28201,1,0,
Comunidad Valenciana,CCAA,2010,Hombres,lt_25,13602.09,0,1,INE_EES_28201,1,0,
Comunidad Valenciana,CCAA,2011,Hombres,lt_25,11649.63,0,1,INE_EES_28201,1,0,
Comunidad Valenciana,CCAA,2012,Hombres,lt_25,11485.54,0,1,INE_EES_28201,1,0,
Comunidad Valenciana,CCAA,2013,Hombres,lt_25,10401.7,0,1,INE_EES_28201,1,0,
Comunidad Valenciana,CCAA,2014,Hombres,lt_25,11186.34,0,1,INE_EES_28201,1,0,
Comunidad Valenciana,CCAA,2015,Hombres,lt_25,10109.59,0,1,INE_EES_28201,1,0,
Comunidad Valenciana,CCAA,2016,Hombres,lt_25,11031.64,0,1,INE_EES_28201,1,0,
Comunidad Valenciana,CCAA,2017,Hombres,lt_25,10630.57,0,1,INE_EES_28201,1,0,
Comunidad Valenciana,CCAA,2018,Hombres,lt_25,13138.89,0,1,INE_EES_28201,1,0,
Comunidad Valenciana,CCAA,2019,Hombres,lt_25,12375.21,0,1,INE_EES_28201,1,0,
Comunidad Valenciana,CCAA,2020,Hombres,lt_25,12555.21,0,1,INE_EES_28201,1,0,
Comunidad Valenciana,CCAA,2021,Hombres,lt_25,14134.5,0,1,INE_EES_28201,1,0,
Comunidad Valenciana,CCAA,2022,Hombres,lt_25,15495.61,0,1,INE_EES_28201,1,0,
Comunidad Valenciana,CCAA,2023,Hombres,lt_25,14933.84,0,0,INE_EES_28201,1,0,
Comunidad Valenciana,CCAA,2010,Mujeres,25_34,16423.54,0,0,INE_EES_28201,1,0,
Comunidad Valenciana,CCAA,2011,Mujeres,25_34,15889.94,0,0,INE_EES_28201,1,0,
Comunidad Valenciana,CCAA,2012,Mujeres,25_34,15840.87,0,0,INE_EES_28201,1,0,
Comunidad Valenciana,CCAA,2013,Mujeres,25_34,14288.04,0,0,INE_EES_28201,1,0,
Comunidad Valenciana,CCAA,2014,Mujeres,25_34,15588.25,0,0,INE_EES_28201,1,0,
Comunidad Valenciana,CCAA,2015,Mujeres,25_34,14669.9,0,0,INE_EES_28201,1,0,
Comunidad Valenciana,CCAA,2016,Mujeres,25_34,15830.77,0,0,INE_EES_28201,1,0,
Comunidad Valenciana,CCAA,2017,Mujeres,25_34,15319.64,0,0,INE_EES_28201,1,0,
Comunidad Valenciana,CCAA,2018,Mujeres,25_34,15539.07,0,0,INE_EES_28201,1,0,
Comunidad Valenciana,CCAA,2019,Mujeres,25_34,16184.9,0,0,INE_EES_28201,1,0,
Comunidad Valenciana,CCAA,2020,Mujeres,25_34,17059.3,0,0,INE_EES_28201,1,0,
Comunidad Valenciana,CCAA,2021,Mujeres,25_34,17135.5,0,0,INE_EES_28201,1,0,
Comunidad Valenciana,CCAA,2022,Mujeres,25_34,18765.48,0,0,INE_EES_28201,1,0,
Comunidad Valenciana,CCAA,2023,Mujeres,25_34,20507.41,0,0,INE_EES_28201,1,0,
Comunidad Valenciana,CCAA,2010,Mujeres,35_44,18160.3,0,0,INE_EES_28201,1,0,
Comunidad Valenciana,CCAA,2011,Mujeres,35_44,18959.95,0,0,INE_EES_28201,1,0,
Comunidad Valenciana,CCAA,2012,Mujeres,35_44,18719.97,0,0,INE_EES_28201,1,0,
Comunidad Valenciana,CCAA,2013,Mujeres,35_44,18361.08,0,0,INE_EES_28201,1,0,
Comunidad Valenciana,CCAA,2014,Mujeres,35_44,17562.22,0,0,INE_EES_28201,1,0,
Comunidad Valenciana,CCAA,2015,Mujeres,35_44,18270.94,0,0,INE_EES_28201,1,0,
Comunidad Valenciana,CCAA,2016,Mujeres,35_44,17760.25,0,0,INE_EES_28201,1,0,
Comunidad Valenciana,CCAA,2017,Mujeres,35_44,18608.14,0,0,INE_EES_28201,1,0,
Comunidad Valenciana,CCAA,2018,Mujeres,35_44,19750.9,0,0,INE_EES_28201,1,0,
Comunidad Valenciana,CCAA,2019,Mujeres,35_44,19321.11,0,0,INE_EES_28201,1,0,
Comunidad Valenciana,CCAA,2020,Mujeres,35_44,20152.27,0,0,INE_EES_28201,1,0,
Comunidad Valenciana,CCAA,2021,Mujeres,35_44,20766.88,0,0,INE_EES_28201,1,0,
Comunidad Valenciana,CCAA,2022,Mujeres,35_44,21046.76,0,0,INE_EES_28201,1,0,
Comunidad Valenciana,CCAA,2023,Mujeres,35_44,23211.15,0,0,INE_EES_28201,1,0,
Comunidad Valenciana,CCAA,2010,Mujeres,45_54,19715.52,0,0,INE_EES_28201,1,0,
Comunidad Valenciana,CCAA,2011,Mujeres,45_54,19652.33,0,0,INE_EES_28201,1,0,
Comunidad Valenciana,CCAA,2012,Mujeres,45_54,19083.62,0,0,INE_EES_28201,1,0,
Comunidad Valenciana,CCAA,2013,Mujeres,45_54,19732.62,0,0,INE_EES_28201,1,0,
Comunidad Valenciana,CCAA,2014,Mujeres,45_54,18471.05,0,0,INE_EES_28201,1,0,
Comunidad Valenciana,CCAA,2015,Mujeres,45_54,18920.03,0,0,INE_EES_28201,1,0,
Comunidad Valenciana,CCAA,2016,Mujeres,45_54,19946.93,0,0,INE_EES_28201,1,0,
Comunidad Valenciana,CCAA,2017,Mujeres,45_54,19461.23,0,0,INE_EES_28201,1,0,
Comunidad Valenciana,CCAA,2018,Mujeres,45_54,20192.58,0,0,INE_EES_28201,1,0,
Comunidad Valenciana,CCAA,2019,Mujeres,45_54,20319.4,0,0,INE_EES_28201,1,0,
Comunidad Valenciana,CCAA,2020,Mujeres,45_54,21377.68,0,0,INE_EES_28201,1,0,
Comunidad Valenciana,CCAA,2021,Mujeres,45_54,21839.71,0,0,INE_EES_28201,1,0,
Comunidad Valenciana,CCAA,2022,Mujeres,45_54,23776.28,0,0,INE_EES_28201,1,0,
Comunidad Valenciana,CCAA,2023,Mujeres,45_54,24832.87,0,0,INE_EES_28201,1,0,
Comunidad Valenciana,CCAA,2010,Mujeres,55_plus,19658.71,0,0,INE_EES_28201,1,0,
Comunidad Valenciana,CCAA,2011,Mujeres,55_plus,20831.89,0,0,INE_EES_28201,1,0,
Comunidad Valenciana,CCAA,2012,Mujeres,55_plus,19902.79,0,0,INE_EES_28201,1,0,
Comunidad Valenciana,CCAA,2013,Mujeres,55_plus,20585.16,0,0,INE_EES_28201,1,0,
Comunidad Valenciana,CCAA,2014,Mujeres,55_plus,20613.3,0,0,INE_EES_28201,1,0,
Comunidad Valenciana,CCAA,2015,Mujeres,55_plus,20338.13,0,0,INE_EES_28201,1,0,
Comunidad Valenciana,CCAA,2016,Mujeres,55_plus,21129.26,0,0,INE_EES_28201,1,0,
Comunidad Valenciana,CCAA,2017,Mujeres,55_plus,21558.36,0,0,INE_EES_28201,1,0,
Comunidad Valenciana,CCAA,2018,Mujeres,55_plus,22776.1,0,0,INE_EES_28201,1,0,
Comunidad Valenciana,CCAA,2019,Mujeres,55_plus,22801.13,0,0,INE_EES_28201,1,0,
Comunidad Valenciana,CCAA,2020,Mujeres,55_plus,23004.16,0,0,INE_EES_28201,1,0,
Comunidad Valenciana,CCAA,2021,Mujeres,55_plus,23884.55,0,0,INE_EES_28201,1,0,
Comunidad Valenciana,CCAA,2022,Mujeres,55_plus,26211.96,0,0,INE_EES_28201,1,0,
Comunidad Valenciana,CCAA,2023,Mujeres,55_plus,25696.9,0,0,INE_EES_28201,1,0,
Comunidad Valenciana,CCAA,2010,Mujeres,all_ages,17776.59,0,0,INE_EES_28201,1,0,
Comunidad Valenciana,CCAA,2011,Mujeres,all_ages,18052.49,0,0,INE_EES_28201,1,0,
Comunidad Valenciana,CCAA,2012,Mujeres,all_ages,17870.88,0,0,INE_EES_28201,1,0,
Comunidad Valenciana,CCAA,2013,Mujeres,all_ages,17918.36,0,0,INE_EES_28201,1,0,
Comunidad Valenciana,CCAA,2014,Mujeres,all_ages,17511.66,0,0,INE_EES_28201,1,0,
Comunidad Valenciana,CCAA,2015,Mujeres,all_ages,17811.38,0,0,INE_EES_28201,1,0,
Comunidad Valenciana,CCAA,2016,Mujeres,all_ages,18349.52,0,0,INE_EES_28201,1,0,
Comunidad Valenciana,CCAA,2017,Mujeres,all_ages,18523.81,0,0,INE_EES_28201,1,0,
Comunidad Valenciana,CCAA,2018,Mujeres,all_ages,19235.72,0,0,INE_EES_28201,1,0,
Comunidad Valenciana,CCAA,2019,Mujeres,all_ages,19314.58,0,0,INE_EES_28201,1,0,
Comunidad Valenciana,CCAA,2020,Mujeres,all_ages,20165.73,0,0,INE_EES_28201,1,0,
Comunidad Valenciana,CCAA,2021,Mujeres,all_ages,20670.5,0,0,INE_EES_28201,1,0,
Comunidad Valenciana,CCAA,2022,Mujeres,all_ages,22135.35,0,0,INE_EES_28201,1,0,
Comunidad Valenciana,CCAA,2023,Mujeres,all_ages,23205.68,0,0,INE_EES_28201,1,0,
Comunidad Valenciana,CCAA,2010,Mujeres,lt_25,9761.41,0,1,INE_EES_28201,1,0,
Comunidad Valenciana,CCAA,2011,Mujeres,lt_25,10312.79,0,1,INE_EES_28201,1,0,
Comunidad Valenciana,CCAA,2012,Mujeres,lt_25,8699.56,0,1,INE_EES_28201,1,0,
Comunidad Valenciana,CCAA,2013,Mujeres,lt_25,8901.27,0,1,INE_EES_28201,1,0,
Comunidad Valenciana,CCAA,2014,Mujeres,lt_25,7816.32,0,1,INE_EES_28201,1,0,
Comunidad Valenciana,CCAA,2015,Mujeres,lt_25,8376.9,0,1,INE_EES_28201,1,0,
Comunidad Valenciana,CCAA,2016,Mujeres,lt_25,8562.29,0,1,INE_EES_28201,1,0,
Comunidad Valenciana,CCAA,2017,Mujeres,lt_25,8745.32,0,1,INE_EES_28201,1,0,
Comunidad Valenciana,CCAA,2018,Mujeres,lt_25,9238.54,0,1,INE_EES_28201,1,0,
Comunidad Valenciana,CCAA,2019,Mujeres,lt_25,9939.88,0,1,INE_EES_28201,1,0,
Comunidad Valenciana,CCAA,2020,Mujeres,lt_25,9568.6,0,1,INE_EES_28201,1,0,
Comunidad Valenciana,CCAA,2021,Mujeres,lt_25,9594.56,0,1,INE_EES_28201,1,0,
Comunidad Valenciana,CCAA,2022,Mujeres,lt_25,11456.17,0,1,INE_EES_28201,1,0,
Comunidad Valenciana,CCAA,2023,Mujeres,lt_25,11309.66,0,1,INE_EES_28201,1,0,
Comunidad Valenciana,CCAA,2010,Total,25_34,18090.75,0,0,INE_EES_28201,1,0,
Comunidad Valenciana,CCAA,2011,Total,25_34,17745.84,0,0,INE_EES_28201,1,0,
Comunidad Valenciana,CCAA,2012,Total,25_34,17508.6,0,0,INE_EES_28201,1,0,
Comunidad Valenciana,CCAA,2013,Total,25_34,16360.17,0,0,INE_EES_28201,1,0,
Comunidad Valenciana,CCAA,2014,Total,25_34,16851.29,0,0,INE_EES_28201,1,0,
Comunidad Valenciana,CCAA,2015,Total,25_34,16366.38,0,0,INE_EES_28201,1,0,
Comunidad Valenciana,CCAA,2016,Total,25_34,16710.63,0,0,INE_EES_28201,1,0,
Comunidad Valenciana,CCAA,2017,Total,25_34,16701.88,0,0,INE_EES_28201,1,0,
Comunidad Valenciana,CCAA,2018,Total,25_34,17057.95,0,0,INE_EES_28201,1,0,
Comunidad Valenciana,CCAA,2019,Total,25_34,17726.16,0,0,INE_EES_28201,1,0,
Comunidad Valenciana,CCAA,2020,Total,25_34,18430.18,0,0,INE_EES_28201,1,0,
Comunidad Valenciana,CCAA,2021,Total,25_34,18833.21,0,0,INE_EES_28201,1,0,
Comunidad Valenciana,CCAA,2022,Total,25_34,20133.96,0,0,INE_EES_28201,1,0,
Comunidad Valenciana,CCAA,2023,Total,25_34,21476.77,0,0,INE_EES_28201,1,0,
Comunidad Valenciana,CCAA,2010,Total,35_44,20873.8,0,0,INE_EES_28201,1,0,
Comunidad Valenciana,CCAA,2011,Total,35_44,22077.14,0,0,INE_EES_28201,1,0,
Comunidad Valenciana,CCAA,2012,Total,35_44,21761.94,0,0,INE_EES_28201,1,0,
Comunidad Valenciana,CCAA,2013,Total,35_44,20895.3,0,0,INE_EES_28201,1,0,
Comunidad Valenciana,CCAA,2014,Total,35_44,20390.62,0,0,INE_EES_28201,1,0,
Comunidad Valenciana,CCAA,2015,Total,35_44,21105.2,0,0,INE_EES_28201,1,0,
Comunidad Valenciana,CCAA,2016,Total,35_44,20801.37,0,0,INE_EES_28201,1,0,
Comunidad Valenciana,CCAA,2017,Total,35_44,21203.17,0,0,INE_EES_28201,1,0,
Comunidad Valenciana,CCAA,2018,Total,35_44,22587.57,0,0,INE_EES_28201,1,0,
Comunidad Valenciana,CCAA,2019,Total,35_44,22063.87,0,0,INE_EES_28201,1,0,
Comunidad Valenciana,CCAA,2020,Total,35_44,22600.54,0,0,INE_EES_28201,1,0,
Comunidad Valenciana,CCAA,2021,Total,35_44,23220.98,0,0,INE_EES_28201,1,0,
Comunidad Valenciana,CCAA,2022,Total,35_44,24039.9,0,0,INE_EES_28201,1,0,
Comunidad Valenciana,CCAA,2023,Total,35_44,25443.23,0,0,INE_EES_28201,1,0,
Comunidad Valenciana,CCAA,2010,Total,45_54,23681.29,0,0,INE_EES_28201,1,0,
Comunidad Valenciana,CCAA,2011,Total,45_54,23839.47,0,0,INE_EES_28201,1,0,
Comunidad Valenciana,CCAA,2012,Total,45_54,23560.18,0,0,INE_EES_28201,1,0,
Comunidad Valenciana,CCAA,2013,Total,45_54,23389.01,0,0,INE_EES_28201,1,0,
Comunidad Valenciana,CCAA,2014,Total,45_54,22518.54,0,0,INE_EES_28201,1,0,
Comunidad Valenciana,CCAA,2015,Total,45_54,22776.91,0,0,INE_EES_28201,1,0,
Comunidad Valenciana,CCAA,2016,Total,45_54,23213.35,0,0,INE_EES_28201,1,0,
Comunidad Valenciana,CCAA,2017,Total,45_54,23114.6,0,0,INE_EES_28201,1,0,
Comunidad Valenciana,CCAA,2018,Total,45_54,23749.94,0,0,INE_EES_28201,1,0,
Comunidad Valenciana,CCAA,2019,Total,45_54,23998.83,0,0,INE_EES_28201,1,0,
Comunidad Valenciana,CCAA,2020,Total,45_54,24842.28,0,0,INE_EES_28201,1,0,
Comunidad Valenciana,CCAA,2021,Total,45_54,25294.75,0,0,INE_EES_28201,1,0,
Comunidad Valenciana,CCAA,2022,Total,45_54,26394.83,0,0,INE_EES_28201,1,0,
Comunidad Valenciana,CCAA,2023,Total,45_54,28012.14,0,0,INE_EES_28201,1,0,
Comunidad Valenciana,CCAA,2010,Total,55_plus,24091.35,0,0,INE_EES_28201,1,0,
Comunidad Valenciana,CCAA,2011,Total,55_plus,25284.77,0,0,INE_EES_28201,1,0,
Comunidad Valenciana,CCAA,2012,Total,55_plus,23985.82,0,0,INE_EES_28201,1,0,
Comunidad Valenciana,CCAA,2013,Total,55_plus,24212.45,0,0,INE_EES_28201,1,0,
Comunidad Valenciana,CCAA,2014,Total,55_plus,25238.16,0,0,INE_EES_28201,1,0,
Comunidad Valenciana,CCAA,2015,Total,55_plus,24328.09,0,0,INE_EES_28201,1,0,
Comunidad Valenciana,CCAA,2016,Total,55_plus,24654.93,0,0,INE_EES_28201,1,0,
Comunidad Valenciana,CCAA,2017,Total,55_plus,25177.22,0,0,INE_EES_28201,1,0,
Comunidad Valenciana,CCAA,2018,Total,55_plus,26453.46,0,0,INE_EES_28201,1,0,
Comunidad Valenciana,CCAA,2019,Total,55_plus,25819.04,0,0,INE_EES_28201,1,0,
Comunidad Valenciana,CCAA,2020,Total,55_plus,26354.85,0,0,INE_EES_28201,1,0,
Comunidad Valenciana,CCAA,2021,Total,55_plus,26958.73,0,0,INE_EES_28201,1,0,
Comunidad Valenciana,CCAA,2022,Total,55_plus,28183.26,0,0,INE_EES_28201,1,0,
Comunidad Valenciana,CCAA,2023,Total,55_plus,28933.37,0,0,INE_EES_28201,1,0,
Comunidad Valenciana,CCAA,2010,Total,all_ages,20707.24,0,0,INE_EES_28201,1,0,
Comunidad Valenciana,CCAA,2011,Total,all_ages,21316.34,0,0,INE_EES_28201,1,0,
Comunidad Valenciana,CCAA,2012,Total,all_ages,21223.72,0,0,INE_EES_28201,1,0,
Comunidad Valenciana,CCAA,2013,Total,all_ages,20878.02,0,0,INE_EES_28201,1,0,
Comunidad Valenciana,CCAA,2014,Total,all_ages,20639.58,0,0,INE_EES_28201,1,0,
Comunidad Valenciana,CCAA,2015,Total,all_ages,20935.41,0,0,INE_EES_28201,1,0,
Comunidad Valenciana,CCAA,2016,Total,all_ages,21168.81,0,0,INE_EES_28201,1,0,
Comunidad Valenciana,CCAA,2017,Total,all_ages,21362.39,0,0,INE_EES_28201,1,0,
Comunidad Valenciana,CCAA,2018,Total,all_ages,22121.05,0,0,INE_EES_28201,1,0,
Comunidad Valenciana,CCAA,2019,Total,all_ages,22045.66,0,0,INE_EES_28201,1,0,
Comunidad Valenciana,CCAA,2020,Total,all_ages,22856.7,0,0,INE_EES_28201,1,0,
Comunidad Valenciana,CCAA,2021,Total,all_ages,23448.29,0,0,INE_EES_28201,1,0,
Comunidad Valenciana,CCAA,2022,Total,all_ages,24510.34,0,0,INE_EES_28201,1,0,
Comunidad Valenciana,CCAA,2023,Total,all_ages,25632.37,0,0,INE_EES_28201,1,0,
Comunidad Valenciana,CCAA,2010,Total,lt_25,11863.25,0,0,INE_EES_28201,1,0,
Comunidad Valenciana,CCAA,2011,Total,lt_25,11028.71,0,0,INE_EES_28201,1,0,
Comunidad Valenciana,CCAA,2012,Total,lt_25,10002.26,0,1,INE_EES_28201,1,0,
Comunidad Valenciana,CCAA,2013,Total,lt_25,9774.03,0,1,INE_EES_28201,1,0,
Comunidad Valenciana,CCAA,2014,Total,lt_25,9333.44,0,1,INE_EES_28201,1,0,
Comunidad Valenciana,CCAA,2015,Total,lt_25,9267.67,0,1,INE_EES_28201,1,0,
Comunidad Valenciana,CCAA,2016,Total,lt_25,9904.46,0,1,INE_EES_28201,1,0,
Comunidad Valenciana,CCAA,2017,Total,lt_25,9842.61,0,1,INE_EES_28201,1,0,
Comunidad Valenciana,CCAA,2018,Total,lt_25,11595.94,0,0,INE_EES_28201,1,0,
Comunidad Valenciana,CCAA,2019,Total,lt_25,11351.86,0,0,INE_EES_28201,1,0,
Comunidad Valenciana,CCAA,2020,Total,lt_25,11211.98,0,0,INE_EES_28201,1,0,
Comunidad Valenciana,CCAA,2021,Total,lt_25,11756.4,0,0,INE_EES_28201,1,0,
Comunidad Valenciana,CCAA,2022,Total,lt_25,13700.72,0,0,INE_EES_28201,1,0,
Comunidad Valenciana,CCAA,2023,Total,lt_25,13295.8,0,0,INE_EES_28201,1,0,
España,España,2010,Hombres,25_34,21542.06,0,0,INE_EES_28201,1,0,
España,España,2011,Hombres,25_34,21189.68,0,0,INE_EES_28201,1,0,
España,España,2012,Hombres,25_34,20708.77,0,0,INE_EES_28201,1,0,
España,España,2013,Hombres,25_34,19766.54,0,0,INE_EES_28201,1,0,
España,España,2014,Hombres,25_34,20278.69,0,0,INE_EES_28201,1,0,
España,España,2015,Hombres,25_34,19910.23,0,0,INE_EES_28201,1,0,
España,España,2016,Hombres,25_34,19501.28,0,0,INE_EES_28201,1,0,
España,España,2017,Hombres,25_34,20057.08,0,0,INE_EES_28201,1,0,
España,España,2018,Hombres,25_34,21101.42,0,0,INE_EES_28201,1,0,
España,España,2019,Hombres,25_34,21026.9,0,0,INE_EES_28201,1,0,
España,España,2020,Hombres,25_34,21627.57,0,0,INE_EES_28201,1,0,
España,España,2021,Hombres,25_34,22431.07,0,0,INE_EES_28201,1,0,
España,España,2022,Hombres,25_34,23787.43,0,0,INE_EES_28201,1,0,
España,España,2023,Hombres,25_34,24523.07,0,0,INE_EES_28201,1,0,
España,España,2010,Hombres,35_44,26278.0,0,0,INE_EES_28201,1,0,
España,España,2011,Hombres,35_44,26483.36,0,0,INE_EES_28201,1,0,
España,España,2012,Hombres,35_44,26309.61,0,0,INE_EES_28201,1,0,
España,España,2013,Hombres,35_44,26079.85,0,0,INE_EES_28201,1,0,
España,España,2014,Hombres,35_44,26205.34,0,0,INE_EES_28201,1,0,
España,España,2015,Hombres,35_44,25930.81,0,0,INE_EES_28201,1,0,
España,España,2016,Hombres,35_44,25808.9,0,0,INE_EES_28201,1,0,
España,España,2017,Hombres,35_44,26224.32,0,0,INE_EES_28201,1,0,
España,España,2018,Hombres,35_44,27001.31,0,0,INE_EES_28201,1,0,
España,España,2019,Hombres,35_44,27263.73,0,0,INE_EES_28201,1,0,
España,España,2020,Hombres,35_44,27496.33,0,0,INE_EES_28201,1,0,
España,España,2021,Hombres,35_44,27956.4,0,0,INE_EES_28201,1,0,
España,España,2022,Hombres,35_44,29519.78,0,0,INE_EES_28201,1,0,
España,España,2023,Hombres,35_44,30183.61,0,0,INE_EES_28201,1,0,
España,España,2010,Hombres,45_54,29352.84,0,0,INE_EES_28201,1,0,
España,España,2011,Hombres,45_54,29217.8,0,0,INE_EES_28201,1,0,
España,España,2012,Hombres,45_54,28863.01,0,0,INE_EES_28201,1,0,
España,España,2013,Hombres,45_54,28930.53,0,0,INE_EES_28201,1,0,
España,España,2014,Hombres,45_54,29029.78,0,0,INE_EES_28201,1,0,
España,España,2015,Hombres,45_54,28959.09,0,0,INE_EES_28201,1,0,
España,España,2016,Hombres,45_54,28824.47,0,0,INE_EES_28201,1,0,
España,España,2017,Hombres,45_54,29293.68,0,0,INE_EES_28201,1,0,
España,España,2018,Hombres,45_54,29618.95,0,0,INE_EES_28201,1,0,
España,España,2019,Hombres,45_54,30029.17,0,0,INE_EES_28201,1,0,
España,España,2020,Hombres,45_54,30434.65,0,0,INE_EES_28201,1,0,
España,España,2021,Hombres,45_54,31273.39,0,0,INE_EES_28201,1,0,
España,España,2022,Hombres,45_54,32253.72,0,0,INE_EES_28201,1,0,
España,España,2023,Hombres,45_54,33617.6,0,0,INE_EES_28201,1,0,
España,España,2010,Hombres,55_plus,29018.26,0,0,INE_EES_28201,1,0,
España,España,2011,Hombres,55_plus,28958.9,0,0,INE_EES_28201,1,0,
España,España,2012,Hombres,55_plus,28436.4,0,0,INE_EES_28201,1,0,
España,España,2013,Hombres,55_plus,28852.18,0,0,INE_EES_28201,1,0,
España,España,2014,Hombres,55_plus,29720.71,0,0,INE_EES_28201,1,0,
España,España,2015,Hombres,55_plus,30145.96,0,0,INE_EES_28201,1,0,
España,España,2016,Hombres,55_plus,29941.58,0,0,INE_EES_28201,1,0,
España,España,2017,Hombres,55_plus,30111.81,0,0,INE_EES_28201,1,0,
España,España,2018,Hombres,55_plus,30620.49,0,0,INE_EES_28201,1,0,
España,España,2019,Hombres,55_plus,30587.07,0,0,INE_EES_28201,1,0,
España,España,2020,Hombres,55_plus,31156.11,0,0,INE_EES_28201,1,0,
España,España,2021,Hombres,55_plus,31767.8,0,0,INE_EES_28201,1,0,
España,España,2022,Hombres,55_plus,32923.29,0,0,INE_EES_28201,1,0,
España,España,2023,Hombres,55_plus,34179.41,0,0,INE_EES_28201,1,0,
España,España,2010,Hombres,all_ages,25479.74,0,0,INE_EES_28201,1,0,
España,España,2011,Hombres,all_ages,25667.89,0,0,INE_EES_28201,1,0,
España,España,2012,Hombres,all_ages,25682.05,0,0,INE_EES_28201,1,0,
España,España,2013,Hombres,all_ages,25675.17,0,0,INE_EES_28201,1,0,
España,España,2014,Hombres,all_ages,25727.24,0,0,INE_EES_28201,1,0,
España,España,2015,Hombres,all_ages,25992.76,0,0,INE_EES_28201,1,0,
España,España,2016,Hombres,all_ages,25924.43,0,0,INE_EES_28201,1,0,
España,España,2017,Hombres,all_ages,26391.84,0,0,INE_EES_28201,1,0,
España,España,2018,Hombres,all_ages,26738.19,0,0,INE_EES_28201,1,0,
España,España,2019,Hombres,all_ages,26934.38,0,0,INE_EES_28201,1,0,
España,España,2020,Hombres,all_ages,27642.52,0,0,INE_EES_28201,1,0,
España,España,2021,Hombres,all_ages,28388.69,0,0,INE_EES_28201,1,0,
España,España,2022,Hombres,all_ages,29381.84,0,0,INE_EES_28201,1,0,
España,España,2023,Hombres,all_ages,30372.49,0,0,INE_EES_28201,1,0,
España,España,2010,Hombres,lt_25,14596.44,0,0,INE_EES_28201,1,0,
España,España,2011,Hombres,lt_25,13134.45,0,0,INE_EES_28201,1,0,
España,España,2012,Hombres,lt_25,12171.86,0,0,INE_EES_28201,1,0,
España,España,2013,Hombres,lt_25,11657.67,0,0,INE_EES_28201,1,0,
España,España,2014,Hombres,lt_25,12820.34,0,0,INE_EES_28201,1,0,
España,España,2015,Hombres,lt_25,12454.32,0,0,INE_EES_28201,1,0,
España,España,2016,Hombres,lt_25,12358.6,0,0,INE_EES_28201,1,0,
España,España,2017,Hombres,lt_25,12788.5,0,0,INE_EES_28201,1,0,
España,España,2018,Hombres,lt_25,13723.63,0,0,INE_EES_28201,1,0,
España,España,2019,Hombres,lt_25,13227.44,0,0,INE_EES_28201,1,0,
España,España,2020,Hombres,lt_25,13783.6,0,0,INE_EES_28201,1,0,
España,España,2021,Hombres,lt_25,14056.13,0,0,INE_EES_28201,1,0,
España,España,2022,Hombres,lt_25,15970.98,0,0,INE_EES_28201,1,0,
España,España,2023,Hombres,lt_25,16191.49,0,0,INE_EES_28201,1,0,
España,España,2010,Mujeres,25_34,17975.69,0,0,INE_EES_28201,1,0,
España,España,2011,Mujeres,25_34,17399.38,0,0,INE_EES_28201,1,0,
España,España,2012,Mujeres,25_34,16836.97,0,0,INE_EES_28201,1,0,
España,España,2013,Mujeres,25_34,16263.92,0,0,INE_EES_28201,1,0,
España,España,2014,Mujeres,25_34,17071.04,0,0,INE_EES_28201,1,0,
España,España,2015,Mujeres,25_34,16591.95,0,0,INE_EES_28201,1,0,
España,España,2016,Mujeres,25_34,16372.85,0,0,INE_EES_28201,1,0,
España,España,2017,Mujeres,25_34,16810.12,0,0,INE_EES_28201,1,0,
España,España,2018,Mujeres,25_34,17549.39,0,0,INE_EES_28201,1,0,
España,España,2019,Mujeres,25_34,17997.58,0,0,INE_EES_28201,1,0,
España,España,2020,Mujeres,25_34,18402.04,0,0,INE_EES_28201,1,0,
España,España,2021,Mujeres,25_34,19066.9,0,0,INE_EES_28201,1,0,
España,España,2022,Mujeres,25_34,21020.74,0,0,INE_EES_28201,1,0,
España,España,2023,Mujeres,25_34,22123.74,0,0,INE_EES_28201,1,0,
España,España,2010,Mujeres,35_44,20828.12,0,0,INE_EES_28201,1,0,
España,España,2011,Mujeres,35_44,20796.81,0,0,INE_EES_28201,1,0,
España,España,2012,Mujeres,35_44,20462.51,0,0,INE_EES_28201,1,0,
España,España,2013,Mujeres,35_44,20171.73,0,0,INE_EES_28201,1,0,
España,España,2014,Mujeres,35_44,20625.07,0,0,INE_EES_28201,1,0,
España,España,2015,Mujeres,35_44,20593.48,0,0,INE_EES_28201,1,0,
España,España,2016,Mujeres,35_44,20577.07,0,0,INE_EES_28201,1,0,
España,España,2017,Mujeres,35_44,20934.3,0,0,INE_EES_28201,1,0,
España,España,2018,Mujeres,35_44,21537.52,0,0,INE_EES_28201,1,0,
España,España,2019,Mujeres,35_44,21860.02,0,0,INE_EES_28201,1,0,
España,España,2020,Mujeres,35_44,22384.42,0,0,INE_EES_28201,1,0,
España,España,2021,Mujeres,35_44,23035.0,0,0,INE_EES_28201,1,0,
España,España,2022,Mujeres,35_44,24080.08,0,0,INE_EES_28201,1,0,
España,España,2023,Mujeres,35_44,25446.0,0,0,INE_EES_28201,1,0,
España,España,2010,Mujeres,45_54,21675.05,0,0,INE_EES_28201,1,0,
España,España,2011,Mujeres,45_54,21829.47,0,0,INE_EES_28201,1,0,
España,España,2012,Mujeres,45_54,21237.43,0,0,INE_EES_28201,1,0,
España,España,2013,Mujeres,45_54,21213.96,0,0,INE_EES_28201,1,0,
España,España,2014,Mujeres,45_54,21410.42,0,0,INE_EES_28201,1,0,
España,España,2015,Mujeres,45_54,21771.55,0,0,INE_EES_28201,1,0,
España,España,2016,Mujeres,45_54,21828.42,0,0,INE_EES_28201,1,0,
España,España,2017,Mujeres,45_54,22255.39,0,0,INE_EES_28201,1,0,
España,España,2018,Mujeres,45_54,22829.59,0,0,INE_EES_28201,1,0,
España,España,2019,Mujeres,45_54,23533.17,0,0,INE_EES_28201,1,0,
España,España,2020,Mujeres,45_54,24280.1,0,0,INE_EES_28201,1,0,
España,España,2021,Mujeres,45_54,24952.13,0,0,INE_EES_28201,1,0,
España,España,2022,Mujeres,45_54,26240.75,0,0,INE_EES_28201,1,0,
España,España,2023,Mujeres,45_54,27672.88,0,0,INE_EES_28201,1,0,
España,España,2010,Mujeres,55_plus,21912.33,0,0,INE_EES_28201,1,0,
España,España,2011,Mujeres,55_plus,22089.51,0,0,INE_EES_28201,1,0,
España,España,2012,Mujeres,55_plus,21450.9,0,0,INE_EES_28201,1,0,
España,España,2013,Mujeres,55_plus,21754.61,0,0,INE_EES_28201,1,0,
España,España,2014,Mujeres,55_plus,21621.14,0,0,INE_EES_28201,1,0,
España,España,2015,Mujeres,55_plus,22024.79,0,0,INE_EES_28201,1,0,
España,España,2016,Mujeres,55_plus,22027.07,0,0,INE_EES_28201,1,0,
España,España,2017,Mujeres,55_plus,22662.69,0,0,INE_EES_28201,1,0,
España,España,2018,Mujeres,55_plus,23232.38,0,0,INE_EES_28201,1,0,
España,España,2019,Mujeres,55_plus,24282.38,0,0,INE_EES_28201,1,0,
España,España,2020,Mujeres,55_plus,24911.13,0,0,INE_EES_28201,1,0,
España,España,2021,Mujeres,55_plus,25416.49,0,0,INE_EES_28201,1,0,
España,España,2022,Mujeres,55_plus,26960.76,0,0,INE_EES_28201,1,0,
España,España,2023,Mujeres,55_plus,27936.57,0,0,INE_EES_28201,1,0,
España,España,2010,Mujeres,all_ages,19735.22,0,0,INE_EES_28201,1,0,
España,España,2011,Mujeres,all_ages,19767.59,0,0,INE_EES_28201,1,0,
España,España,2012,Mujeres,all_ages,19537.33,0,0,INE_EES_28201,1,0,
España,España,2013,Mujeres,all_ages,19514.58,0,0,INE_EES_28201,1,0,
España,España,2014,Mujeres,all_ages,19744.82,0,0,INE_EES_28201,1,0,
España,España,2015,Mujeres,all_ages,20051.58,0,0,INE_EES_28201,1,0,
España,España,2016,Mujeres,all_ages,20131.41,0,0,INE_EES_28201,1,0,
España,España,2017,Mujeres,all_ages,20607.85,0,0,INE_EES_28201,1,0,
España,España,2018,Mujeres,all_ages,21011.89,0,0,INE_EES_28201,1,0,
España,España,2019,Mujeres,all_ages,21682.02,0,0,INE_EES_28201,1,0,
España,España,2020,Mujeres,all_ages,22467.48,0,0,INE_EES_28201,1,0,
España,España,2021,Mujeres,all_ages,23175.95,0,0,INE_EES_28201,1,0,
España,España,2022,Mujeres,all_ages,24359.82,0,0,INE_EES_28201,1,0,
España,España,2023,Mujeres,all_ages,25591.31,0,0,INE_EES_28201,1,0,
España,España,2010,Mujeres,lt_25,11715.82,0,0,INE_EES_28201,1,0,
España,España,2011,Mujeres,lt_25,10723.02,0,0,INE_EES_28201,1,0,
España,España,2012,Mujeres,lt_25,9920.38,0,0,INE_EES_28201,1,0,
España,España,2013,Mujeres,lt_25,9272.53,0,0,INE_EES_28201,1,0,
España,España,2014,Mujeres,lt_25,10316.86,0,0,INE_EES_28201,1,0,
España,España,2015,Mujeres,lt_25,9534.67,0,0,INE_EES_28201,1,0,
España,España,2016,Mujeres,lt_25,9488.25,0,0,INE_EES_28201,1,0,
España,España,2017,Mujeres,lt_25,9933.23,0,0,INE_EES_28201,1,0,
España,España,2018,Mujeres,lt_25,10735.83,0,0,INE_EES_28201,1,0,
España,España,2019,Mujeres,lt_25,11103.13,0,0,INE_EES_28201,1,0,
España,España,2020,Mujeres,lt_25,11333.14,0,0,INE_EES_28201,1,0,
España,España,2021,Mujeres,lt_25,11498.86,0,0,INE_EES_28201,1,0,
España,España,2022,Mujeres,lt_25,13212.09,0,0,INE_EES_28201,1,0,
España,España,2023,Mujeres,lt_25,13409.09,0,0,INE_EES_28201,1,0,
España,España,2010,Total,25_34,19772.21,0,0,INE_EES_28201,1,0,
España,España,2011,Total,25_34,19269.23,0,0,INE_EES_28201,1,0,
España,España,2012,Total,25_34,18689.58,0,0,INE_EES_28201,1,0,
España,España,2013,Total,25_34,17973.39,0,0,INE_EES_28201,1,0,
España,España,2014,Total,25_34,18680.42,0,0,INE_EES_28201,1,0,
España,España,2015,Total,25_34,18251.51,0,0,INE_EES_28201,1,0,
España,España,2016,Total,25_34,17978.45,0,0,INE_EES_28201,1,0,
España,España,2017,Total,25_34,18505.53,0,0,INE_EES_28201,1,0,
España,España,2018,Total,25_34,19350.14,0,0,INE_EES_28201,1,0,
España,España,2019,Total,25_34,19563.03,0,0,INE_EES_28201,1,0,
España,España,2020,Total,25_34,20090.9,0,0,INE_EES_28201,1,0,
España,España,2021,Total,25_34,20848.08,0,0,INE_EES_28201,1,0,
España,España,2022,Total,25_34,22484.94,0,0,INE_EES_28201,1,0,
España,España,2023,Total,25_34,23376.19,0,0,INE_EES_28201,1,0,
España,España,2010,Total,35_44,23732.38,0,0,INE_EES_28201,1,0,
España,España,2011,Total,35_44,23830.08,0,0,INE_EES_28201,1,0,
España,España,2012,Total,35_44,23519.76,0,0,INE_EES_28201,1,0,
España,España,2013,Total,35_44,23232.4,0,0,INE_EES_28201,1,0,
España,España,2014,Total,35_44,23503.84,0,0,INE_EES_28201,1,0,
España,España,2015,Total,35_44,23335.61,0,0,INE_EES_28201,1,0,
España,España,2016,Total,35_44,23299.99,0,0,INE_EES_28201,1,0,
España,España,2017,Total,35_44,23690.34,0,0,INE_EES_28201,1,0,
España,España,2018,Total,35_44,24380.69,0,0,INE_EES_28201,1,0,
España,España,2019,Total,35_44,24631.46,0,0,INE_EES_28201,1,0,
España,España,2020,Total,35_44,25039.08,0,0,INE_EES_28201,1,0,
España,España,2021,Total,35_44,25615.45,0,0,INE_EES_28201,1,0,
España,España,2022,Total,35_44,26840.57,0,0,INE_EES_28201,1,0,
España,España,2023,Total,35_44,27880.75,0,0,INE_EES_28201,1,0,
España,España,2010,Total,45_54,25818.68,0,0,INE_EES_28201,1,0,
España,España,2011,Total,45_54,25834.68,0,0,INE_EES_28201,1,0,
España,España,2012,Total,45_54,25258.59,0,0,INE_EES_28201,1,0,
España,España,2013,Total,45_54,25229.32,0,0,INE_EES_28201,1,0,
España,España,2014,Total,45_54,25420.53,0,0,INE_EES_28201,1,0,
España,España,2015,Total,45_54,25474.81,0,0,INE_EES_28201,1,0,
España,España,2016,Total,45_54,25499.02,0,0,INE_EES_28201,1,0,
España,España,2017,Total,45_54,25949.73,0,0,INE_EES_28201,1,0,
España,España,2018,Total,45_54,26416.99,0,0,INE_EES_28201,1,0,
España,España,2019,Total,45_54,26885.8,0,0,INE_EES_28201,1,0,
España,España,2020,Total,45_54,27499.9,0,0,INE_EES_28201,1,0,
España,España,2021,Total,45_54,28219.62,0,0,INE_EES_28201,1,0,
España,España,2022,Total,45_54,29334.6,0,0,INE_EES_28201,1,0,
España,España,2023,Total,45_54,30692.82,0,0,INE_EES_28201,1,0,
España,España,2010,Total,55_plus,26162.43,0,0,INE_EES_28201,1,0,
España,España,2011,Total,55_plus,26124.09,0,0,INE_EES_28201,1,0,
España,España,2012,Total,55_plus,25372.97,0,0,INE_EES_28201,1,0,
España,España,2013,Total,55_plus,25631.6,0,0,INE_EES_28201,1,0,
España,España,2014,Total,55_plus,26137.13,0,0,INE_EES_28201,1,0,
España,España,2015,Total,55_plus,26327.0,0,0,INE_EES_28201,1,0,
España,España,2016,Total,55_plus,26202.6,0,0,INE_EES_28201,1,0,
España,España,2017,Total,55_plus,26646.32,0,0,INE_EES_28201,1,0,
España,España,2018,Total,55_plus,27150.93,0,0,INE_EES_28201,1,0,
España,España,2019,Total,55_plus,27539.73,0,0,INE_EES_28201,1,0,
España,España,2020,Total,55_plus,28124.29,0,0,INE_EES_28201,1,0,
España,España,2021,Total,55_plus,28687.17,0,0,INE_EES_28201,1,0,
España,España,2022,Total,55_plus,30003.94,0,0,INE_EES_28201,1,0,
España,España,2023,Total,55_plus,31114.19,0,0,INE_EES_28201,1,0,
España,España,2010,Total,all_ages,22790.2,0,0,INE_EES_28201,1,0,
España,España,2011,Total,all_ages,22899.35,0,0,INE_EES_28201,1,0,
España,España,2012,Total,all_ages,22726.44,0,0,INE_EES_28201,1,0,
España,España,2013,Total,all_ages,22697.86,0,0,INE_EES_28201,1,0,
España,España,2014,Total,all_ages,22858.17,0,0,INE_EES_28201,1,0,
España,España,2015,Total,all_ages,23106.3,0,0,INE_EES_28201,1,0,
España,España,2016,Total,all_ages,23156.34,0,0,INE_EES_28201,1,0,
España,España,2017,Total,all_ages,23646.5,0,0,INE_EES_28201,1,0,
España,España,2018,Total,all_ages,24009.12,0,0,INE_EES_28201,1,0,
España,España,2019,Total,all_ages,24395.98,0,0,INE_EES_28201,1,0,
España,España,2020,Total,all_ages,25165.51,0,0,INE_EES_28201,1,0,
España,España,2021,Total,all_ages,25896.82,0,0,INE_EES_28201,1,0,
España,España,2022,Total,all_ages,26948.87,0,0,INE_EES_28201,1,0,
España,España,2023,Total,all_ages,28049.94,0,0,INE_EES_28201,1,0,
España,España,2010,Total,lt_25,13154.92,0,0,INE_EES_28201,1,0,
España,España,2011,Total,lt_25,11954.86,0,0,INE_EES_28201,1,0,
España,España,2012,Total,lt_25,11077.39,0,0,INE_EES_28201,1,0,
España,España,2013,Total,lt_25,10506.14,0,0,INE_EES_28201,1,0,
España,España,2014,Total,lt_25,11560.18,0,0,INE_EES_28201,1,0,
España,España,2015,Total,lt_25,11039.53,0,0,INE_EES_28201,1,0,
España,España,2016,Total,lt_25,11046.39,0,0,INE_EES_28201,1,0,
España,España,2017,Total,lt_25,11472.81,0,0,INE_EES_28201,1,0,
España,España,2018,Total,lt_25,12417.98,0,0,INE_EES_28201,1,0,
España,España,2019,Total,lt_25,12270.4,0,0,INE_EES_28201,1,0,
España,España,2020,Total,lt_25,12693.72,0,0,INE_EES_28201,1,0,
España,España,2021,Total,lt_25,12930.13,0,0,INE_EES_28201,1,0,
España,España,2022,Total,lt_25,14700.9,0,0,INE_EES_28201,1,0,
España,España,2023,Total,lt_25,14944.35,0,0,INE_EES_28201,1,0,
Extremadura,CCAA,2010,Hombres,25_34,17795.05,0,0,INE_EES_28201,1,0,
Extremadura,CCAA,2011,Hombres,25_34,17370.7,0,0,INE_EES_28201,1,0,
Extremadura,CCAA,2012,Hombres,25_34,17707.23,0,0,INE_EES_28201,1,0,
Extremadura,CCAA,2013,Hombres,25_34,16153.72,0,0,INE_EES_28201,1,0,
Extremadura,CCAA,2014,Hombres,25_34,17523.87,0,0,INE_EES_28201,1,0,
Extremadura,CCAA,2015,Hombres,25_34,15864.64,0,0,INE_EES_28201,1,0,
Extremadura,CCAA,2016,Hombres,25_34,15855.77,0,0,INE_EES_28201,1,0,
Extremadura,CCAA,2017,Hombres,25_34,16807.09,0,0,INE_EES_28201,1,0,
Extremadura,CCAA,2018,Hombres,25_34,16857.13,0,0,INE_EES_28201,1,0,
Extremadura,CCAA,2019,Hombres,25_34,17114.02,0,0,INE_EES_28201,1,0,
Extremadura,CCAA,2020,Hombres,25_34,17246.3,0,0,INE_EES_28201,1,0,
Extremadura,CCAA,2021,Hombres,25_34,18581.14,0,0,INE_EES_28201,1,0,
Extremadura,CCAA,2022,Hombres,25_34,18184.72,0,0,INE_EES_28201,1,0,
Extremadura,CCAA,2023,Hombres,25_34,20150.86,0,0,INE_EES_28201,1,0,
Extremadura,CCAA,2010,Hombres,35_44,21066.14,0,0,INE_EES_28201,1,0,
Extremadura,CCAA,2011,Hombres,35_44,21578.06,0,0,INE_EES_28201,1,0,
Extremadura,CCAA,2012,Hombres,35_44,21531.63,0,0,INE_EES_28201,1,0,
Extremadura,CCAA,2013,Hombres,35_44,21184.52,0,0,INE_EES_28201,1,0,
Extremadura,CCAA,2014,Hombres,35_44,20432.58,0,0,INE_EES_28201,1,0,
Extremadura,CCAA,2015,Hombres,35_44,21691.22,0,0,INE_EES_28201,1,0,
Extremadura,CCAA,2016,Hombres,35_44,20967.24,0,0,INE_EES_28201,1,0,
Extremadura,CCAA,2017,Hombres,35_44,20839.76,0,0,INE_EES_28201,1,0,
Extremadura,CCAA,2018,Hombres,35_44,21291.16,0,0,INE_EES_28201,1,0,
Extremadura,CCAA,2019,Hombres,35_44,21788.6,0,0,INE_EES_28201,1,0,
Extremadura,CCAA,2020,Hombres,35_44,21396.54,0,0,INE_EES_28201,1,0,
Extremadura,CCAA,2021,Hombres,35_44,21496.26,0,0,INE_EES_28201,1,0,
Extremadura,CCAA,2022,Hombres,35_44,23190.36,0,0,INE_EES_28201,1,0,
Extremadura,CCAA,2023,Hombres,35_44,23220.01,0,0,INE_EES_28201,1,0,
Extremadura,CCAA,2010,Hombres,45_54,23035.98,0,0,INE_EES_28201,1,0,
Extremadura,CCAA,2011,Hombres,45_54,24315.11,0,0,INE_EES_28201,1,0,
Extremadura,CCAA,2012,Hombres,45_54,24427.73,0,0,INE_EES_28201,1,0,
Extremadura,CCAA,2013,Hombres,45_54,25181.34,0,0,INE_EES_28201,1,0,
Extremadura,CCAA,2014,Hombres,45_54,22330.7,0,0,INE_EES_28201,1,0,
Extremadura,CCAA,2015,Hombres,45_54,23797.81,0,0,INE_EES_28201,1,0,
Extremadura,CCAA,2016,Hombres,45_54,23498.65,0,0,INE_EES_28201,1,0,
Extremadura,CCAA,2017,Hombres,45_54,23195.49,0,0,INE_EES_28201,1,0,
Extremadura,CCAA,2018,Hombres,45_54,23527.63,0,0,INE_EES_28201,1,0,
Extremadura,CCAA,2019,Hombres,45_54,23050.61,0,0,INE_EES_28201,1,0,
Extremadura,CCAA,2020,Hombres,45_54,23254.42,0,0,INE_EES_28201,1,0,
Extremadura,CCAA,2021,Hombres,45_54,24653.63,0,0,INE_EES_28201,1,0,
Extremadura,CCAA,2022,Hombres,45_54,24782.89,0,0,INE_EES_28201,1,0,
Extremadura,CCAA,2023,Hombres,45_54,27109.69,0,0,INE_EES_28201,1,0,
Extremadura,CCAA,2010,Hombres,55_plus,25725.48,0,1,INE_EES_28201,1,0,
Extremadura,CCAA,2011,Hombres,55_plus,24290.51,0,1,INE_EES_28201,1,0,
Extremadura,CCAA,2012,Hombres,55_plus,25261.25,0,1,INE_EES_28201,1,0,
Extremadura,CCAA,2013,Hombres,55_plus,25900.8,0,0,INE_EES_28201,1,0,
Extremadura,CCAA,2014,Hombres,55_plus,26744.88,0,1,INE_EES_28201,1,0,
Extremadura,CCAA,2015,Hombres,55_plus,26569.02,0,0,INE_EES_28201,1,0,
Extremadura,CCAA,2016,Hombres,55_plus,26812.94,0,0,INE_EES_28201,1,0,
Extremadura,CCAA,2017,Hombres,55_plus,25764.83,0,0,INE_EES_28201,1,0,
Extremadura,CCAA,2018,Hombres,55_plus,25907.84,0,0,INE_EES_28201,1,0,
Extremadura,CCAA,2019,Hombres,55_plus,25394.65,0,0,INE_EES_28201,1,0,
Extremadura,CCAA,2020,Hombres,55_plus,25577.2,0,0,INE_EES_28201,1,0,
Extremadura,CCAA,2021,Hombres,55_plus,26100.61,0,0,INE_EES_28201,1,0,
Extremadura,CCAA,2022,Hombres,55_plus,26579.33,0,0,INE_EES_28201,1,0,
Extremadura,CCAA,2023,Hombres,55_plus,30041.72,0,0,INE_EES_28201,1,0,
Extremadura,CCAA,2010,Hombres,all_ages,20787.03,0,0,INE_EES_28201,1,0,
Extremadura,CCAA,2011,Hombres,all_ages,21318.32,0,0,INE_EES_28201,1,0,
Extremadura,CCAA,2012,Hombres,all_ages,21585.3,0,0,INE_EES_28201,1,0,
Extremadura,CCAA,2013,Hombres,all_ages,21780.9,0,0,INE_EES_28201,1,0,
Extremadura,CCAA,2014,Hombres,all_ages,20829.72,0,0,INE_EES_28201,1,0,
Extremadura,CCAA,2015,Hombres,all_ages,21813.81,0,0,INE_EES_28201,1,0,
Extremadura,CCAA,2016,Hombres,all_ages,21554.75,0,0,INE_EES_28201,1,0,
Extremadura,CCAA,2017,Hombres,all_ages,21585.18,0,0,INE_EES_28201,1,0,
Extremadura,CCAA,2018,Hombres,all_ages,21794.57,0,0,INE_EES_28201,1,0,
Extremadura,CCAA,2019,Hombres,all_ages,21823.73,0,0,INE_EES_28201,1,0,
Extremadura,CCAA,2020,Hombres,all_ages,22071.78,0,0,INE_EES_28201,1,0,
Extremadura,CCAA,2021,Hombres,all_ages,22794.52,0,0,INE_EES_28201,1,0,
Extremadura,CCAA,2022,Hombres,all_ages,23170.92,0,0,INE_EES_28201,1,0,
Extremadura,CCAA,2023,Hombres,all_ages,25179.79,0,0,INE_EES_28201,1,0,
Extremadura,CCAA,2010,Hombres,lt_25,12139.56,0,1,INE_EES_28201,1,0,
Extremadura,CCAA,2011,Hombres,lt_25,12395.58,0,1,INE_EES_28201,1,0,
Extremadura,CCAA,2012,Hombres,lt_25,10223.4,0,1,INE_EES_28201,1,0,
Extremadura,CCAA,2013,Hombres,lt_25,9955.36,1,0,INE_EES_28201,0,1,linear_interpolation
Extremadura,CCAA,2014,Hombres,lt_25,9687.32,0,1,INE_EES_28201,1,0,
Extremadura,CCAA,2015,Hombres,lt_25,9410.74754822415,1,0,INE_EES_28201,0,1,national_growth_forward
Extremadura,CCAA,2016,Hombres,lt_25,9338.419492150755,1,0,INE_EES_28201,0,1,national_growth_forward
Extremadura,CCAA,2017,Hombres,lt_25,9663.261022718587,1,0,INE_EES_28201,0,1,national_growth_forward
Extremadura,CCAA,2018,Hombres,lt_25,10369.865024765335,1,0,INE_EES_28201,0,1,national_growth_forward
Extremadura,CCAA,2019,Hombres,lt_25,12635.95,0,1,INE_EES_28201,1,0,
Extremadura,CCAA,2020,Hombres,lt_25,12853.605,1,0,INE_EES_28201,0,1,linear_interpolation
Extremadura,CCAA,2021,Hombres,lt_25,13071.26,0,1,INE_EES_28201,1,0,
Extremadura,CCAA,2022,Hombres,lt_25,15102.44,0,1,INE_EES_28201,1,0,
Extremadura,CCAA,2023,Hombres,lt_25,13491.03,0,1,INE_EES_28201,1,0,
Extremadura,CCAA,2010,Mujeres,25_34,16178.92,0,0,INE_EES_28201,1,0,
Extremadura,CCAA,2011,Mujeres,25_34,14986.2,0,0,INE_EES_28201,1,0,
Extremadura,CCAA,2012,Mujeres,25_34,14432.96,0,0,INE_EES_28201,1,0,
Extremadura,CCAA,2013,Mujeres,25_34,12785.73,0,0,INE_EES_28201,1,0,
Extremadura,CCAA,2014,Mujeres,25_34,15564.0,0,0,INE_EES_28201,1,0,
Extremadura,CCAA,2015,Mujeres,25_34,13647.78,0,0,INE_EES_28201,1,0,
Extremadura,CCAA,2016,Mujeres,25_34,12555.78,0,0,INE_EES_28201,1,0,
Extremadura,CCAA,2017,Mujeres,25_34,13291.32,0,0,INE_EES_28201,1,0,
Extremadura,CCAA,2018,Mujeres,25_34,14242.88,0,1,INE_EES_28201,1,0,
Extremadura,CCAA,2019,Mujeres,25_34,14235.58,0,0,INE_EES_28201,1,0,
Extremadura,CCAA,2020,Mujeres,25_34,15008.56,0,1,INE_EES_28201,1,0,
Extremadura,CCAA,2021,Mujeres,25_34,15349.45,0,0,INE_EES_28201,1,0,
Extremadura,CCAA,2022,Mujeres,25_34,16138.55,0,0,INE_EES_28201,1,0,
Extremadura,CCAA,2023,Mujeres,25_34,18364.98,0,1,INE_EES_28201,1,0,
Extremadura,CCAA,2010,Mujeres,35_44,18064.49,0,0,INE_EES_28201,1,0,
Extremadura,CCAA,2011,Mujeres,35_44,19246.81,0,0,INE_EES_28201,1,0,
Extremadura,CCAA,2012,Mujeres,35_44,17540.24,0,0,INE_EES_28201,1,0,
Extremadura,CCAA,2013,Mujeres,35_44,16067.64,0,0,INE_EES_28201,1,0,
Extremadura,CCAA,2014,Mujeres,35_44,17043.59,0,0,INE_EES_28201,1,0,
Extremadura,CCAA,2015,Mujeres,35_44,16360.25,0,0,INE_EES_28201,1,0,
Extremadura,CCAA,2016,Mujeres,35_44,17634.36,0,0,INE_EES_28201,1,0,
Extremadura,CCAA,2017,Mujeres,35_44,16845.13,0,0,INE_EES_28201,1,0,
Extremadura,CCAA,2018,Mujeres,35_44,17537.12,0,0,INE_EES_28201,1,0,
Extremadura,CCAA,2019,Mujeres,35_44,17596.9,0,0,INE_EES_28201,1,0,
Extremadura,CCAA,2020,Mujeres,35_44,17563.16,0,0,INE_EES_28201,1,0,
Extremadura,CCAA,2021,Mujeres,35_44,18521.33,0,0,INE_EES_28201,1,0,
Extremadura,CCAA,2022,Mujeres,35_44,18569.52,0,0,INE_EES_28201,1,0,
Extremadura,CCAA,2023,Mujeres,35_44,20875.92,0,0,INE_EES_28201,1,0,
Extremadura,CCAA,2010,Mujeres,45_54,19813.01,0,0,INE_EES_28201,1,0,
Extremadura,CCAA,2011,Mujeres,45_54,20012.45,0,0,INE_EES_28201,1,0,
Extremadura,CCAA,2012,Mujeres,45_54,19756.26,0,0,INE_EES_28201,1,0,
Extremadura,CCAA,2013,Mujeres,45_54,17945.52,0,0,INE_EES_28201,1,0,
Extremadura,CCAA,2014,Mujeres,45_54,18876.35,0,0,INE_EES_28201,1,0,
Extremadura,CCAA,2015,Mujeres,45_54,19004.85,0,0,INE_EES_28201,1,0,
Extremadura,CCAA,2016,Mujeres,45_54,18852.49,0,0,INE_EES_28201,1,0,
Extremadura,CCAA,2017,Mujeres,45_54,19882.41,0,0,INE_EES_28201,1,0,
Extremadura,CCAA,2018,Mujeres,45_54,19182.44,0,0,INE_EES_28201,1,0,
Extremadura,CCAA,2019,Mujeres,45_54,19679.8,0,0,INE_EES_28201,1,0,
Extremadura,CCAA,2020,Mujeres,45_54,19979.96,0,0,INE_EES_28201,1,0,
Extremadura,CCAA,2021,Mujeres,45_54,21454.19,0,0,INE_EES_28201,1,0,
Extremadura,CCAA,2022,Mujeres,45_54,21467.84,0,0,INE_EES_28201,1,0,
Extremadura,CCAA,2023,Mujeres,45_54,22421.07,0,0,INE_EES_28201,1,0,
Extremadura,CCAA,2010,Mujeres,55_plus,22005.72,0,1,INE_EES_28201,1,0,
Extremadura,CCAA,2011,Mujeres,55_plus,20861.48,0,1,INE_EES_28201,1,0,
Extremadura,CCAA,2012,Mujeres,55_plus,20373.62,0,1,INE_EES_28201,1,0,
Extremadura,CCAA,2013,Mujeres,55_plus,20329.59,0,1,INE_EES_28201,1,0,
Extremadura,CCAA,2014,Mujeres,55_plus,21935.77,0,1,INE_EES_28201,1,0,
Extremadura,CCAA,2015,Mujeres,55_plus,22565.37,0,1,INE_EES_28201,1,0,
Extremadura,CCAA,2016,Mujeres,55_plus,21437.36,0,1,INE_EES_28201,1,0,
Extremadura,CCAA,2017,Mujeres,55_plus,21536.97,0,1,INE_EES_28201,1,0,
Extremadura,CCAA,2018,Mujeres,55_plus,22247.33,0,1,INE_EES_28201,1,0,
Extremadura,CCAA,2019,Mujeres,55_plus,21356.69,0,1,INE_EES_28201,1,0,
Extremadura,CCAA,2020,Mujeres,55_plus,22386.87,0,0,INE_EES_28201,1,0,
Extremadura,CCAA,2021,Mujeres,55_plus,23205.76,0,0,INE_EES_28201,1,0,
Extremadura,CCAA,2022,Mujeres,55_plus,26130.05,0,0,INE_EES_28201,1,0,
Extremadura,CCAA,2023,Mujeres,55_plus,26773.33,0,0,INE_EES_28201,1,0,
Extremadura,CCAA,2010,Mujeres,all_ages,17876.85,0,0,INE_EES_28201,1,0,
Extremadura,CCAA,2011,Mujeres,all_ages,18060.8,0,0,INE_EES_28201,1,0,
Extremadura,CCAA,2012,Mujeres,all_ages,17401.9,0,0,INE_EES_28201,1,0,
Extremadura,CCAA,2013,Mujeres,all_ages,16304.55,0,0,INE_EES_28201,1,0,
Extremadura,CCAA,2014,Mujeres,all_ages,17413.85,0,0,INE_EES_28201,1,0,
Extremadura,CCAA,2015,Mujeres,all_ages,17304.65,0,0,INE_EES_28201,1,0,
Extremadura,CCAA,2016,Mujeres,all_ages,17360.28,0,0,INE_EES_28201,1,0,
Extremadura,CCAA,2017,Mujeres,all_ages,17722.29,0,0,INE_EES_28201,1,0,
Extremadura,CCAA,2018,Mujeres,all_ages,17972.63,0,0,INE_EES_28201,1,0,
Extremadura,CCAA,2019,Mujeres,all_ages,18012.58,0,0,INE_EES_28201,1,0,
Extremadura,CCAA,2020,Mujeres,all_ages,18791.05,0,0,INE_EES_28201,1,0,
Extremadura,CCAA,2021,Mujeres,all_ages,19833.03,0,0,INE_EES_28201,1,0,
Extremadura,CCAA,2022,Mujeres,all_ages,20637.14,0,0,INE_EES_28201,1,0,
Extremadura,CCAA,2023,Mujeres,all_ages,22181.88,0,0,INE_EES_28201,1,0,
Extremadura,CCAA,2010,Mujeres,lt_25,9542.25,0,1,INE_EES_28201,1,0,
Extremadura,CCAA,2011,Mujeres,lt_25,9065.85,0,1,INE_EES_28201,1,0,
Extremadura,CCAA,2012,Mujeres,lt_25,8387.252567187228,1,0,INE_EES_28201,0,1,national_growth_forward
Extremadura,CCAA,2013,Mujeres,lt_25,7839.523389912543,1,0,INE_EES_28201,0,1,national_growth_forward
Extremadura,CCAA,2014,Mujeres,lt_25,8722.459272760845,1,0,INE_EES_28201,0,1,national_growth_forward
Extremadura,CCAA,2015,Mujeres,lt_25,8061.151431173307,1,0,INE_EES_28201,0,1,national_growth_forward
Extremadura,CCAA,2016,Mujeres,lt_25,8021.905327277203,1,0,INE_EES_28201,0,1,national_growth_forward
Extremadura,CCAA,2017,Mujeres,lt_25,8398.116686856873,1,0,INE_EES_28201,0,1,national_growth_forward
Extremadura,CCAA,2018,Mujeres,lt_25,9076.680301398299,1,0,INE_EES_28201,0,1,national_growth_forward
Extremadura,CCAA,2019,Mujeres,lt_25,9387.216578025591,1,0,INE_EES_28201,0,1,national_growth_forward
Extremadura,CCAA,2020,Mujeres,lt_25,9581.680092828325,1,0,INE_EES_28201,0,1,national_growth_forward
Extremadura,CCAA,2021,Mujeres,lt_25,9721.789191011487,1,0,INE_EES_28201,0,1,national_growth_forward
Extremadura,CCAA,2022,Mujeres,lt_25,11170.251116429885,1,0,INE_EES_28201,0,1,national_growth_forward
Extremadura,CCAA,2023,Mujeres,lt_25,11336.80610280499,1,0,INE_EES_28201,0,1,national_growth_forward
Extremadura,CCAA,2010,Total,25_34,16991.16,0,0,INE_EES_28201,1,0,
Extremadura,CCAA,2011,Total,25_34,16241.33,0,0,INE_EES_28201,1,0,
Extremadura,CCAA,2012,Total,25_34,16111.69,0,0,INE_EES_28201,1,0,
Extremadura,CCAA,2013,Total,25_34,14445.25,0,0,INE_EES_28201,1,0,
Extremadura,CCAA,2014,Total,25_34,16467.88,0,0,INE_EES_28201,1,0,
Extremadura,CCAA,2015,Total,25_34,14680.06,0,0,INE_EES_28201,1,0,
Extremadura,CCAA,2016,Total,25_34,14110.12,0,0,INE_EES_28201,1,0,
Extremadura,CCAA,2017,Total,25_34,14928.81,0,0,INE_EES_28201,1,0,
Extremadura,CCAA,2018,Total,25_34,15539.44,0,0,INE_EES_28201,1,0,
Extremadura,CCAA,2019,Total,25_34,15567.21,0,0,INE_EES_28201,1,0,
Extremadura,CCAA,2020,Total,25_34,16082.34,0,0,INE_EES_28201,1,0,
Extremadura,CCAA,2021,Total,25_34,17022.99,0,0,INE_EES_28201,1,0,
Extremadura,CCAA,2022,Total,25_34,17130.07,0,0,INE_EES_28201,1,0,
Extremadura,CCAA,2023,Total,25_34,19254.25,0,0,INE_EES_28201,1,0,
Extremadura,CCAA,2010,Total,35_44,19726.41,0,0,INE_EES_28201,1,0,
Extremadura,CCAA,2011,Total,35_44,20566.57,0,0,INE_EES_28201,1,0,
Extremadura,CCAA,2012,Total,35_44,19774.99,0,0,INE_EES_28201,1,0,
Extremadura,CCAA,2013,Total,35_44,18681.81,0,0,INE_EES_28201,1,0,
Extremadura,CCAA,2014,Total,35_44,18817.99,0,0,INE_EES_28201,1,0,
Extremadura,CCAA,2015,Total,35_44,19103.02,0,0,INE_EES_28201,1,0,
Extremadura,CCAA,2016,Total,35_44,19399.28,0,0,INE_EES_28201,1,0,
Extremadura,CCAA,2017,Total,35_44,18908.7,0,0,INE_EES_28201,1,0,
Extremadura,CCAA,2018,Total,35_44,19453.78,0,0,INE_EES_28201,1,0,
Extremadura,CCAA,2019,Total,35_44,19664.47,0,0,INE_EES_28201,1,0,
Extremadura,CCAA,2020,Total,35_44,19509.7,0,0,INE_EES_28201,1,0,
Extremadura,CCAA,2021,Total,35_44,20027.23,0,0,INE_EES_28201,1,0,
Extremadura,CCAA,2022,Total,35_44,20779.93,0,0,INE_EES_28201,1,0,
Extremadura,CCAA,2023,Total,35_44,22001.73,0,0,INE_EES_28201,1,0,
Extremadura,CCAA,2010,Total,45_54,21580.78,0,0,INE_EES_28201,1,0,
Extremadura,CCAA,2011,Total,45_54,22381.77,0,0,INE_EES_28201,1,0,
Extremadura,CCAA,2012,Total,45_54,22346.1,0,0,INE_EES_28201,1,0,
Extremadura,CCAA,2013,Total,45_54,21693.08,0,0,INE_EES_28201,1,0,
Extremadura,CCAA,2014,Total,45_54,20724.62,0,0,INE_EES_28201,1,0,
Extremadura,CCAA,2015,Total,45_54,21451.06,0,0,INE_EES_28201,1,0,
Extremadura,CCAA,2016,Total,45_54,21226.56,0,0,INE_EES_28201,1,0,
Extremadura,CCAA,2017,Total,45_54,21609.36,0,0,INE_EES_28201,1,0,
Extremadura,CCAA,2018,Total,45_54,21451.54,0,0,INE_EES_28201,1,0,
Extremadura,CCAA,2019,Total,45_54,21515.45,0,0,INE_EES_28201,1,0,
Extremadura,CCAA,2020,Total,45_54,21699.48,0,0,INE_EES_28201,1,0,
Extremadura,CCAA,2021,Total,45_54,23227.95,0,0,INE_EES_28201,1,0,
Extremadura,CCAA,2022,Total,45_54,23202.02,0,0,INE_EES_28201,1,0,
Extremadura,CCAA,2023,Total,45_54,24858.17,0,0,INE_EES_28201,1,0,
Extremadura,CCAA,2010,Total,55_plus,24388.47,0,0,INE_EES_28201,1,0,
Extremadura,CCAA,2011,Total,55_plus,22993.44,0,0,INE_EES_28201,1,0,
Extremadura,CCAA,2012,Total,55_plus,23382.74,0,0,INE_EES_28201,1,0,
Extremadura,CCAA,2013,Total,55_plus,23404.91,0,0,INE_EES_28201,1,0,
Extremadura,CCAA,2014,Total,55_plus,24655.06,0,0,INE_EES_28201,1,0,
Extremadura,CCAA,2015,Total,55_plus,24638.51,0,0,INE_EES_28201,1,0,
Extremadura,CCAA,2016,Total,55_plus,24091.3,0,0,INE_EES_28201,1,0,
Extremadura,CCAA,2017,Total,55_plus,23659.03,0,0,INE_EES_28201,1,0,
Extremadura,CCAA,2018,Total,55_plus,24226.08,0,0,INE_EES_28201,1,0,
Extremadura,CCAA,2019,Total,55_plus,23382.84,0,0,INE_EES_28201,1,0,
Extremadura,CCAA,2020,Total,55_plus,24047.95,0,0,INE_EES_28201,1,0,
Extremadura,CCAA,2021,Total,55_plus,24666.25,0,0,INE_EES_28201,1,0,
Extremadura,CCAA,2022,Total,55_plus,26353.76,0,0,INE_EES_28201,1,0,
Extremadura,CCAA,2023,Total,55_plus,28361.69,0,0,INE_EES_28201,1,0,
Extremadura,CCAA,2010,Total,all_ages,19480.55,0,0,INE_EES_28201,1,0,
Extremadura,CCAA,2011,Total,all_ages,19879.46,0,0,INE_EES_28201,1,0,
Extremadura,CCAA,2012,Total,all_ages,19721.35,0,0,INE_EES_28201,1,0,
Extremadura,CCAA,2013,Total,all_ages,19129.72,0,0,INE_EES_28201,1,0,
Extremadura,CCAA,2014,Total,all_ages,19180.57,0,0,INE_EES_28201,1,0,
Extremadura,CCAA,2015,Total,all_ages,19564.49,0,0,INE_EES_28201,1,0,
Extremadura,CCAA,2016,Total,all_ages,19475.2,0,0,INE_EES_28201,1,0,
Extremadura,CCAA,2017,Total,all_ages,19672.4,0,0,INE_EES_28201,1,0,
Extremadura,CCAA,2018,Total,all_ages,19947.8,0,0,INE_EES_28201,1,0,
Extremadura,CCAA,2019,Total,all_ages,19940.68,0,0,INE_EES_28201,1,0,
Extremadura,CCAA,2020,Total,all_ages,20479.3,0,0,INE_EES_28201,1,0,
Extremadura,CCAA,2021,Total,all_ages,21393.01,0,0,INE_EES_28201,1,0,
Extremadura,CCAA,2022,Total,all_ages,21922.73,0,0,INE_EES_28201,1,0,
Extremadura,CCAA,2023,Total,all_ages,23684.22,0,0,INE_EES_28201,1,0,
Extremadura,CCAA,2010,Total,lt_25,11135.91,0,1,INE_EES_28201,1,0,
Extremadura,CCAA,2011,Total,lt_25,10995.65,0,1,INE_EES_28201,1,0,
Extremadura,CCAA,2012,Total,lt_25,10163.32,0,1,INE_EES_28201,1,0,
Extremadura,CCAA,2013,Total,lt_25,9964.5,0,1,INE_EES_28201,1,0,
Extremadura,CCAA,2014,Total,lt_25,9226.83,0,1,INE_EES_28201,1,0,
Extremadura,CCAA,2015,Total,lt_25,9082.63,0,1,INE_EES_28201,1,0,
Extremadura,CCAA,2016,Total,lt_25,8108.69,0,1,INE_EES_28201,1,0,
Extremadura,CCAA,2017,Total,lt_25,10002.4,0,1,INE_EES_28201,1,0,
Extremadura,CCAA,2018,Total,lt_25,11987.36,0,1,INE_EES_28201,1,0,
Extremadura,CCAA,2019,Total,lt_25,11251.69,0,1,INE_EES_28201,1,0,
Extremadura,CCAA,2020,Total,lt_25,13047.87,0,1,INE_EES_28201,1,0,
Extremadura,CCAA,2021,Total,lt_25,12442.25,0,1,INE_EES_28201,1,0,
Extremadura,CCAA,2022,Total,lt_25,14781.88,0,1,INE_EES_28201,1,0,
Extremadura,CCAA,2023,Total,lt_25,12860.56,0,1,INE_EES_28201,1,0,
Galicia,CCAA,2010,Hombres,25_34,19464.62,0,0,INE_EES_28201,1,0,
Galicia,CCAA,2011,Hombres,25_34,19002.28,0,0,INE_EES_28201,1,0,
Galicia,CCAA,2012,Hombres,25_34,18268.93,0,0,INE_EES_28201,1,0,
Galicia,CCAA,2013,Hombres,25_34,17928.54,0,0,INE_EES_28201,1,0,
Galicia,CCAA,2014,Hombres,25_34,18487.11,0,0,INE_EES_28201,1,0,
Galicia,CCAA,2015,Hombres,25_34,17868.8,0,0,INE_EES_28201,1,0,
Galicia,CCAA,2016,Hombres,25_34,18375.5,0,0,INE_EES_28201,1,0,
Galicia,CCAA,2017,Hombres,25_34,19291.54,0,0,INE_EES_28201,1,0,
Galicia,CCAA,2018,Hombres,25_34,19540.57,0,0,INE_EES_28201,1,0,
Galicia,CCAA,2019,Hombres,25_34,19576.14,0,0,INE_EES_28201,1,0,
Galicia,CCAA,2020,Hombres,25_34,20063.71,0,0,INE_EES_28201,1,0,
Galicia,CCAA,2021,Hombres,25_34,19965.82,0,0,INE_EES_28201,1,0,
Galicia,CCAA,2022,Hombres,25_34,20121.67,0,0,INE_EES_28201,1,0,
Galicia,CCAA,2023,Hombres,25_34,21691.56,0,0,INE_EES_28201,1,0,
Galicia,CCAA,2010,Hombres,35_44,22975.7,0,0,INE_EES_28201,1,0,
Galicia,CCAA,2011,Hombres,35_44,23155.87,0,0,INE_EES_28201,1,0,
Galicia,CCAA,2012,Hombres,35_44,22370.94,0,0,INE_EES_28201,1,0,
Galicia,CCAA,2013,Hombres,35_44,22695.41,0,0,INE_EES_28201,1,0,
Galicia,CCAA,2014,Hombres,35_44,22363.59,0,0,INE_EES_28201,1,0,
Galicia,CCAA,2015,Hombres,35_44,22624.14,0,0,INE_EES_28201,1,0,
Galicia,CCAA,2016,Hombres,35_44,22969.13,0,0,INE_EES_28201,1,0,
Galicia,CCAA,2017,Hombres,35_44,23468.28,0,0,INE_EES_28201,1,0,
Galicia,CCAA,2018,Hombres,35_44,23614.12,0,0,INE_EES_28201,1,0,
Galicia,CCAA,2019,Hombres,35_44,23887.95,0,0,INE_EES_28201,1,0,
Galicia,CCAA,2020,Hombres,35_44,24503.14,0,0,INE_EES_28201,1,0,
Galicia,CCAA,2021,Hombres,35_44,25051.82,0,0,INE_EES_28201,1,0,
Galicia,CCAA,2022,Hombres,35_44,26312.22,0,0,INE_EES_28201,1,0,
Galicia,CCAA,2023,Hombres,35_44,26858.0,0,0,INE_EES_28201,1,0,
Galicia,CCAA,2010,Hombres,45_54,25274.54,0,0,INE_EES_28201,1,0,
Galicia,CCAA,2011,Hombres,45_54,24873.53,0,0,INE_EES_28201,1,0,
Galicia,CCAA,2012,Hombres,45_54,24383.7,0,0,INE_EES_28201,1,0,
Galicia,CCAA,2013,Hombres,45_54,24497.82,0,0,INE_EES_28201,1,0,
Galicia,CCAA,2014,Hombres,45_54,24841.74,0,0,INE_EES_28201,1,0,
Galicia,CCAA,2015,Hombres,45_54,25747.53,0,0,INE_EES_28201,1,0,
Galicia,CCAA,2016,Hombres,45_54,26161.33,0,0,INE_EES_28201,1,0,
Galicia,CCAA,2017,Hombres,45_54,26359.75,0,0,INE_EES_28201,1,0,
Galicia,CCAA,2018,Hombres,45_54,28820.66,0,0,INE_EES_28201,1,0,
Galicia,CCAA,2019,Hombres,45_54,27431.71,0,0,INE_EES_28201,1,0,
Galicia,CCAA,2020,Hombres,45_54,27126.71,0,0,INE_EES_28201,1,0,
Galicia,CCAA,2021,Hombres,45_54,27952.95,0,0,INE_EES_28201,1,0,
Galicia,CCAA,2022,Hombres,45_54,28701.53,0,0,INE_EES_28201,1,0,
Galicia,CCAA,2023,Hombres,45_54,30031.13,0,0,INE_EES_28201,1,0,
Galicia,CCAA,2010,Hombres,55_plus,25969.02,0,0,INE_EES_28201,1,0,
Galicia,CCAA,2011,Hombres,55_plus,25361.57,0,0,INE_EES_28201,1,0,
Galicia,CCAA,2012,Hombres,55_plus,24574.22,0,0,INE_EES_28201,1,0,
Galicia,CCAA,2013,Hombres,55_plus,25848.75,0,0,INE_EES_28201,1,0,
Galicia,CCAA,2014,Hombres,55_plus,26434.71,0,0,INE_EES_28201,1,0,
Galicia,CCAA,2015,Hombres,55_plus,26701.74,0,0,INE_EES_28201,1,0,
Galicia,CCAA,2016,Hombres,55_plus,27216.37,0,0,INE_EES_28201,1,0,
Galicia,CCAA,2017,Hombres,55_plus,27137.79,0,0,INE_EES_28201,1,0,
Galicia,CCAA,2018,Hombres,55_plus,28090.72,0,0,INE_EES_28201,1,0,
Galicia,CCAA,2019,Hombres,55_plus,27469.84,0,0,INE_EES_28201,1,0,
Galicia,CCAA,2020,Hombres,55_plus,28875.82,0,0,INE_EES_28201,1,0,
Galicia,CCAA,2021,Hombres,55_plus,28386.34,0,0,INE_EES_28201,1,0,
Galicia,CCAA,2022,Hombres,55_plus,30858.34,0,0,INE_EES_28201,1,0,
Galicia,CCAA,2023,Hombres,55_plus,30638.39,0,0,INE_EES_28201,1,0,
Galicia,CCAA,2010,Hombres,all_ages,22626.21,0,0,INE_EES_28201,1,0,
Galicia,CCAA,2011,Hombres,all_ages,22381.85,0,0,INE_EES_28201,1,0,
Galicia,CCAA,2012,Hombres,all_ages,22059.69,0,0,INE_EES_28201,1,0,
Galicia,CCAA,2013,Hombres,all_ages,22522.55,0,0,INE_EES_28201,1,0,
Galicia,CCAA,2014,Hombres,all_ages,22505.05,0,0,INE_EES_28201,1,0,
Galicia,CCAA,2015,Hombres,all_ages,23189.76,0,0,INE_EES_28201,1,0,
Galicia,CCAA,2016,Hombres,all_ages,23774.21,0,0,INE_EES_28201,1,0,
Galicia,CCAA,2017,Hombres,all_ages,24321.64,0,0,INE_EES_28201,1,0,
Galicia,CCAA,2018,Hombres,all_ages,24826.91,0,0,INE_EES_28201,1,0,
Galicia,CCAA,2019,Hombres,all_ages,24542.83,0,0,INE_EES_28201,1,0,
Galicia,CCAA,2020,Hombres,all_ages,25276.16,0,0,INE_EES_28201,1,0,
Galicia,CCAA,2021,Hombres,all_ages,25794.19,0,0,INE_EES_28201,1,0,
Galicia,CCAA,2022,Hombres,all_ages,26626.89,0,0,INE_EES_28201,1,0,
Galicia,CCAA,2023,Hombres,all_ages,27479.85,0,0,INE_EES_28201,1,0,
Galicia,CCAA,2010,Hombres,lt_25,15328.28,0,1,INE_EES_28201,1,0,
Galicia,CCAA,2011,Hombres,lt_25,12927.25,0,1,INE_EES_28201,1,0,
Galicia,CCAA,2012,Hombres,lt_25,11122.03,0,1,INE_EES_28201,1,0,
Galicia,CCAA,2013,Hombres,lt_25,11519.83,1,0,INE_EES_28201,0,1,linear_interpolation
Galicia,CCAA,2014,Hombres,lt_25,11917.63,0,1,INE_EES_28201,1,0,
Galicia,CCAA,2015,Hombres,lt_25,11517.71,0,1,INE_EES_28201,1,0,
Galicia,CCAA,2016,Hombres,lt_25,11392.99,0,1,INE_EES_28201,1,0,
Galicia,CCAA,2017,Hombres,lt_25,13032.51,0,1,INE_EES_28201,1,0,
Galicia,CCAA,2018,Hombres,lt_25,12984.01,0,1,INE_EES_28201,1,0,
Galicia,CCAA,2019,Hombres,lt_25,12146.8,0,1,INE_EES_28201,1,0,
Galicia,CCAA,2020,Hombres,lt_25,13692.39,0,1,INE_EES_28201,1,0,
Galicia,CCAA,2021,Hombres,lt_25,14266.29,0,1,INE_EES_28201,1,0,
Galicia,CCAA,2022,Hombres,lt_25,14613.48,0,1,INE_EES_28201,1,0,
Galicia,CCAA,2023,Hombres,lt_25,16627.53,0,1,INE_EES_28201,1,0,
Galicia,CCAA,2010,Mujeres,25_34,15733.15,0,0,INE_EES_28201,1,0,
Galicia,CCAA,2011,Mujeres,25_34,15036.5,0,0,INE_EES_28201,1,0,
Galicia,CCAA,2012,Mujeres,25_34,14749.6,0,0,INE_EES_28201,1,0,
Galicia,CCAA,2013,Mujeres,25_34,14956.5,0,0,INE_EES_28201,1,0,
Galicia,CCAA,2014,Mujeres,25_34,14035.88,0,0,INE_EES_28201,1,0,
Galicia,CCAA,2015,Mujeres,25_34,15726.38,0,0,INE_EES_28201,1,0,
Galicia,CCAA,2016,Mujeres,25_34,14720.35,0,0,INE_EES_28201,1,0,
Galicia,CCAA,2017,Mujeres,25_34,14870.12,0,0,INE_EES_28201,1,0,
Galicia,CCAA,2018,Mujeres,25_34,16263.8,0,0,INE_EES_28201,1,0,
Galicia,CCAA,2019,Mujeres,25_34,15623.12,0,0,INE_EES_28201,1,0,
Galicia,CCAA,2020,Mujeres,25_34,16144.54,0,0,INE_EES_28201,1,0,
Galicia,CCAA,2021,Mujeres,25_34,16142.87,0,0,INE_EES_28201,1,0,
Galicia,CCAA,2022,Mujeres,25_34,18388.77,0,0,INE_EES_28201,1,0,
Galicia,CCAA,2023,Mujeres,25_34,18435.39,0,0,INE_EES_28201,1,0,
Galicia,CCAA,2010,Mujeres,35_44,18715.29,0,0,INE_EES_28201,1,0,
Galicia,CCAA,2011,Mujeres,35_44,17487.36,0,0,INE_EES_28201,1,0,
Galicia,CCAA,2012,Mujeres,35_44,17056.08,0,0,INE_EES_28201,1,0,
Galicia,CCAA,2013,Mujeres,35_44,17164.89,0,0,INE_EES_28201,1,0,
Galicia,CCAA,2014,Mujeres,35_44,18408.3,0,0,INE_EES_28201,1,0,
Galicia,CCAA,2015,Mujeres,35_44,18052.62,0,0,INE_EES_28201,1,0,
Galicia,CCAA,2016,Mujeres,35_44,18277.7,0,0,INE_EES_28201,1,0,
Galicia,CCAA,2017,Mujeres,35_44,18998.69,0,0,INE_EES_28201,1,0,
Galicia,CCAA,2018,Mujeres,35_44,19194.72,0,0,INE_EES_28201,1,0,
Galicia,CCAA,2019,Mujeres,35_44,19897.57,0,0,INE_EES_28201,1,0,
Galicia,CCAA,2020,Mujeres,35_44,19873.32,0,0,INE_EES_28201,1,0,
Galicia,CCAA,2021,Mujeres,35_44,20264.56,0,0,INE_EES_28201,1,0,
Galicia,CCAA,2022,Mujeres,35_44,21220.49,0,0,INE_EES_28201,1,0,
Galicia,CCAA,2023,Mujeres,35_44,23225.32,0,0,INE_EES_28201,1,0,
Galicia,CCAA,2010,Mujeres,45_54,19289.73,0,0,INE_EES_28201,1,0,
Galicia,CCAA,2011,Mujeres,45_54,19184.48,0,0,INE_EES_28201,1,0,
Galicia,CCAA,2012,Mujeres,45_54,18702.15,0,0,INE_EES_28201,1,0,
Galicia,CCAA,2013,Mujeres,45_54,19013.03,0,0,INE_EES_28201,1,0,
Galicia,CCAA,2014,Mujeres,45_54,19621.39,0,0,INE_EES_28201,1,0,
Galicia,CCAA,2015,Mujeres,45_54,19247.51,0,0,INE_EES_28201,1,0,
Galicia,CCAA,2016,Mujeres,45_54,19938.93,0,0,INE_EES_28201,1,0,
Galicia,CCAA,2017,Mujeres,45_54,19962.06,0,0,INE_EES_28201,1,0,
Galicia,CCAA,2018,Mujeres,45_54,21584.92,0,0,INE_EES_28201,1,0,
Galicia,CCAA,2019,Mujeres,45_54,21680.73,0,0,INE_EES_28201,1,0,
Galicia,CCAA,2020,Mujeres,45_54,22020.92,0,0,INE_EES_28201,1,0,
Galicia,CCAA,2021,Mujeres,45_54,22335.11,0,0,INE_EES_28201,1,0,
Galicia,CCAA,2022,Mujeres,45_54,23522.56,0,0,INE_EES_28201,1,0,
Galicia,CCAA,2023,Mujeres,45_54,24376.79,0,0,INE_EES_28201,1,0,
Galicia,CCAA,2010,Mujeres,55_plus,20375.61,0,0,INE_EES_28201,1,0,
Galicia,CCAA,2011,Mujeres,55_plus,21939.03,0,0,INE_EES_28201,1,0,
Galicia,CCAA,2012,Mujeres,55_plus,18835.83,0,0,INE_EES_28201,1,0,
Galicia,CCAA,2013,Mujeres,55_plus,19716.86,0,0,INE_EES_28201,1,0,
Galicia,CCAA,2014,Mujeres,55_plus,20161.4,0,0,INE_EES_28201,1,0,
Galicia,CCAA,2015,Mujeres,55_plus,20242.44,0,0,INE_EES_28201,1,0,
Galicia,CCAA,2016,Mujeres,55_plus,20545.74,0,0,INE_EES_28201,1,0,
Galicia,CCAA,2017,Mujeres,55_plus,21169.32,0,0,INE_EES_28201,1,0,
Galicia,CCAA,2018,Mujeres,55_plus,21454.64,0,0,INE_EES_28201,1,0,
Galicia,CCAA,2019,Mujeres,55_plus,21712.9,0,0,INE_EES_28201,1,0,
Galicia,CCAA,2020,Mujeres,55_plus,23307.06,0,0,INE_EES_28201,1,0,
Galicia,CCAA,2021,Mujeres,55_plus,23669.97,0,0,INE_EES_28201,1,0,
Galicia,CCAA,2022,Mujeres,55_plus,24124.03,0,0,INE_EES_28201,1,0,
Galicia,CCAA,2023,Mujeres,55_plus,26303.0,0,0,INE_EES_28201,1,0,
Galicia,CCAA,2010,Mujeres,all_ages,17691.11,0,0,INE_EES_28201,1,0,
Galicia,CCAA,2011,Mujeres,all_ages,17291.96,0,0,INE_EES_28201,1,0,
Galicia,CCAA,2012,Mujeres,all_ages,16727.15,0,0,INE_EES_28201,1,0,
Galicia,CCAA,2013,Mujeres,all_ages,17258.21,0,0,INE_EES_28201,1,0,
Galicia,CCAA,2014,Mujeres,all_ages,17797.03,0,0,INE_EES_28201,1,0,
Galicia,CCAA,2015,Mujeres,all_ages,18093.26,0,0,INE_EES_28201,1,0,
Galicia,CCAA,2016,Mujeres,all_ages,18294.47,0,0,INE_EES_28201,1,0,
Galicia,CCAA,2017,Mujeres,all_ages,18833.53,0,0,INE_EES_28201,1,0,
Galicia,CCAA,2018,Mujeres,all_ages,19543.17,0,0,INE_EES_28201,1,0,
Galicia,CCAA,2019,Mujeres,all_ages,19818.26,0,0,INE_EES_28201,1,0,
Galicia,CCAA,2020,Mujeres,all_ages,20446.53,0,0,INE_EES_28201,1,0,
Galicia,CCAA,2021,Mujeres,all_ages,20904.37,0,0,INE_EES_28201,1,0,
Galicia,CCAA,2022,Mujeres,all_ages,21912.75,0,0,INE_EES_28201,1,0,
Galicia,CCAA,2023,Mujeres,all_ages,23153.78,0,0,INE_EES_28201,1,0,
Galicia,CCAA,2010,Mujeres,lt_25,10470.8,0,1,INE_EES_28201,1,0,
Galicia,CCAA,2011,Mujeres,lt_25,9756.22,0,1,INE_EES_28201,1,0,
Galicia,CCAA,2012,Mujeres,lt_25,9321.65,0,1,INE_EES_28201,1,0,
Galicia,CCAA,2013,Mujeres,lt_25,10241.73,1,0,INE_EES_28201,0,1,linear_interpolation
Galicia,CCAA,2014,Mujeres,lt_25,11161.81,0,1,INE_EES_28201,1,0,
Galicia,CCAA,2015,Mujeres,lt_25,9200.34,0,1,INE_EES_28201,1,0,
Galicia,CCAA,2016,Mujeres,lt_25,9155.547701703363,1,0,INE_EES_28201,0,1,national_growth_forward
Galicia,CCAA,2017,Mujeres,lt_25,9584.924627512017,1,0,INE_EES_28201,0,1,national_growth_forward
Galicia,CCAA,2018,Mujeres,lt_25,10359.381728177274,1,0,INE_EES_28201,0,1,national_growth_forward
Galicia,CCAA,2019,Mujeres,lt_25,10398.08,0,1,INE_EES_28201,1,0,
Galicia,CCAA,2020,Mujeres,lt_25,10923.116666666667,1,0,INE_EES_28201,0,1,linear_interpolation
Galicia,CCAA,2021,Mujeres,lt_25,11448.153333333334,1,0,INE_EES_28201,0,1,linear_interpolation
Galicia,CCAA,2022,Mujeres,lt_25,11973.19,0,1,INE_EES_28201,1,0,
Galicia,CCAA,2023,Mujeres,lt_25,11577.01,0,1,INE_EES_28201,1,0,
Galicia,CCAA,2010,Total,25_34,17549.17,0,0,INE_EES_28201,1,0,
Galicia,CCAA,2011,Total,25_34,17035.83,0,0,INE_EES_28201,1,0,
Galicia,CCAA,2012,Total,25_34,16302.92,0,0,INE_EES_28201,1,0,
Galicia,CCAA,2013,Total,25_34,16277.41,0,0,INE_EES_28201,1,0,
Galicia,CCAA,2014,Total,25_34,16311.59,0,0,INE_EES_28201,1,0,
Galicia,CCAA,2015,Total,25_34,16753.69,0,0,INE_EES_28201,1,0,
Galicia,CCAA,2016,Total,25_34,16464.16,0,0,INE_EES_28201,1,0,
Galicia,CCAA,2017,Total,25_34,16931.72,0,0,INE_EES_28201,1,0,
Galicia,CCAA,2018,Total,25_34,18009.29,0,0,INE_EES_28201,1,0,
Galicia,CCAA,2019,Total,25_34,17580.05,0,0,INE_EES_28201,1,0,
Galicia,CCAA,2020,Total,25_34,18156.4,0,0,INE_EES_28201,1,0,
Galicia,CCAA,2021,Total,25_34,18050.14,0,0,INE_EES_28201,1,0,
Galicia,CCAA,2022,Total,25_34,19310.44,0,0,INE_EES_28201,1,0,
Galicia,CCAA,2023,Total,25_34,20076.43,0,0,INE_EES_28201,1,0,
Galicia,CCAA,2010,Total,35_44,20941.94,0,0,INE_EES_28201,1,0,
Galicia,CCAA,2011,Total,35_44,20442.97,0,0,INE_EES_28201,1,0,
Galicia,CCAA,2012,Total,35_44,19756.18,0,0,INE_EES_28201,1,0,
Galicia,CCAA,2013,Total,35_44,19825.83,0,0,INE_EES_28201,1,0,
Galicia,CCAA,2014,Total,35_44,20342.08,0,0,INE_EES_28201,1,0,
Galicia,CCAA,2015,Total,35_44,20223.0,0,0,INE_EES_28201,1,0,
Galicia,CCAA,2016,Total,35_44,20619.09,0,0,INE_EES_28201,1,0,
Galicia,CCAA,2017,Total,35_44,21258.51,0,0,INE_EES_28201,1,0,
Galicia,CCAA,2018,Total,35_44,21392.25,0,0,INE_EES_28201,1,0,
Galicia,CCAA,2019,Total,35_44,21827.32,0,0,INE_EES_28201,1,0,
Galicia,CCAA,2020,Total,35_44,22122.96,0,0,INE_EES_28201,1,0,
Galicia,CCAA,2021,Total,35_44,22650.22,0,0,INE_EES_28201,1,0,
Galicia,CCAA,2022,Total,35_44,23530.95,0,0,INE_EES_28201,1,0,
Galicia,CCAA,2023,Total,35_44,25018.99,0,0,INE_EES_28201,1,0,
Galicia,CCAA,2010,Total,45_54,22446.06,0,0,INE_EES_28201,1,0,
Galicia,CCAA,2011,Total,45_54,22230.94,0,0,INE_EES_28201,1,0,
Galicia,CCAA,2012,Total,45_54,21637.63,0,0,INE_EES_28201,1,0,
Galicia,CCAA,2013,Total,45_54,21843.02,0,0,INE_EES_28201,1,0,
Galicia,CCAA,2014,Total,45_54,22360.79,0,0,INE_EES_28201,1,0,
Galicia,CCAA,2015,Total,45_54,22594.86,0,0,INE_EES_28201,1,0,
Galicia,CCAA,2016,Total,45_54,23183.93,0,0,INE_EES_28201,1,0,
Galicia,CCAA,2017,Total,45_54,23144.25,0,0,INE_EES_28201,1,0,
Galicia,CCAA,2018,Total,45_54,25172.24,0,0,INE_EES_28201,1,0,
Galicia,CCAA,2019,Total,45_54,24592.56,0,0,INE_EES_28201,1,0,
Galicia,CCAA,2020,Total,45_54,24574.88,0,0,INE_EES_28201,1,0,
Galicia,CCAA,2021,Total,45_54,25107.66,0,0,INE_EES_28201,1,0,
Galicia,CCAA,2022,Total,45_54,25989.77,0,0,INE_EES_28201,1,0,
Galicia,CCAA,2023,Total,45_54,27138.31,0,0,INE_EES_28201,1,0,
Galicia,CCAA,2010,Total,55_plus,23536.04,0,0,INE_EES_28201,1,0,
Galicia,CCAA,2011,Total,55_plus,23936.7,0,0,INE_EES_28201,1,0,
Galicia,CCAA,2012,Total,55_plus,22094.75,0,0,INE_EES_28201,1,0,
Galicia,CCAA,2013,Total,55_plus,22896.04,0,0,INE_EES_28201,1,0,
Galicia,CCAA,2014,Total,55_plus,23483.49,0,0,INE_EES_28201,1,0,
Galicia,CCAA,2015,Total,55_plus,23669.27,0,0,INE_EES_28201,1,0,
Galicia,CCAA,2016,Total,55_plus,24110.24,0,0,INE_EES_28201,1,0,
Galicia,CCAA,2017,Total,55_plus,24435.03,0,0,INE_EES_28201,1,0,
Galicia,CCAA,2018,Total,55_plus,24995.96,0,0,INE_EES_28201,1,0,
Galicia,CCAA,2019,Total,55_plus,24633.85,0,0,INE_EES_28201,1,0,
Galicia,CCAA,2020,Total,55_plus,26028.72,0,0,INE_EES_28201,1,0,
Galicia,CCAA,2021,Total,55_plus,25928.37,0,0,INE_EES_28201,1,0,
Galicia,CCAA,2022,Total,55_plus,27331.52,0,0,INE_EES_28201,1,0,
Galicia,CCAA,2023,Total,55_plus,28380.13,0,0,INE_EES_28201,1,0,
Galicia,CCAA,2010,Total,all_ages,20241.99,0,0,INE_EES_28201,1,0,
Galicia,CCAA,2011,Total,all_ages,19970.29,0,0,INE_EES_28201,1,0,
Galicia,CCAA,2012,Total,all_ages,19389.2,0,0,INE_EES_28201,1,0,
Galicia,CCAA,2013,Total,all_ages,19824.66,0,0,INE_EES_28201,1,0,
Galicia,CCAA,2014,Total,all_ages,20195.89,0,0,INE_EES_28201,1,0,
Galicia,CCAA,2015,Total,all_ages,20624.55,0,0,INE_EES_28201,1,0,
Galicia,CCAA,2016,Total,all_ages,21082.12,0,0,INE_EES_28201,1,0,
Galicia,CCAA,2017,Total,all_ages,21605.88,0,0,INE_EES_28201,1,0,
Galicia,CCAA,2018,Total,all_ages,22244.59,0,0,INE_EES_28201,1,0,
Galicia,CCAA,2019,Total,all_ages,22177.4,0,0,INE_EES_28201,1,0,
Galicia,CCAA,2020,Total,all_ages,22834.66,0,0,INE_EES_28201,1,0,
Galicia,CCAA,2021,Total,all_ages,23305.86,0,0,INE_EES_28201,1,0,
Galicia,CCAA,2022,Total,all_ages,24169.68,0,0,INE_EES_28201,1,0,
Galicia,CCAA,2023,Total,all_ages,25279.15,0,0,INE_EES_28201,1,0,
Galicia,CCAA,2010,Total,lt_25,12865.26,0,0,INE_EES_28201,1,0,
Galicia,CCAA,2011,Total,lt_25,11295.96,0,1,INE_EES_28201,1,0,
Galicia,CCAA,2012,Total,lt_25,10048.29,0,1,INE_EES_28201,1,0,
Galicia,CCAA,2013,Total,lt_25,9145.56,0,1,INE_EES_28201,1,0,
Galicia,CCAA,2014,Total,lt_25,11539.3,0,1,INE_EES_28201,1,0,
Galicia,CCAA,2015,Total,lt_25,10343.81,0,1,INE_EES_28201,1,0,
Galicia,CCAA,2016,Total,lt_25,9675.9,0,1,INE_EES_28201,1,0,
Galicia,CCAA,2017,Total,lt_25,11549.08,0,1,INE_EES_28201,1,0,
Galicia,CCAA,2018,Total,lt_25,11382.22,0,1,INE_EES_28201,1,0,
Galicia,CCAA,2019,Total,lt_25,11416.28,0,1,INE_EES_28201,1,0,
Galicia,CCAA,2020,Total,lt_25,11487.57,0,1,INE_EES_28201,1,0,
Galicia,CCAA,2021,Total,lt_25,12127.66,0,1,INE_EES_28201,1,0,
Galicia,CCAA,2022,Total,lt_25,13247.57,0,1,INE_EES_28201,1,0,
Galicia,CCAA,2023,Total,lt_25,14187.52,0,1,INE_EES_28201,1,0,
La Rioja,CCAA,2010,Hombres,25_34,20943.65,0,0,INE_EES_28201,1,0,
La Rioja,CCAA,2011,Hombres,25_34,18966.0,0,0,INE_EES_28201,1,0,
La Rioja,CCAA,2012,Hombres,25_34,18217.51,0,0,INE_EES_28201,1,0,
La Rioja,CCAA,2013,Hombres,25_34,17102.5,0,0,INE_EES_28201,1,0,
La Rioja,CCAA,2014,Hombres,25_34,20569.25,0,0,INE_EES_28201,1,0,
La Rioja,CCAA,2015,Hombres,25_34,19317.09,0,0,INE_EES_28201,1,0,
La Rioja,CCAA,2016,Hombres,25_34,19992.28,0,1,INE_EES_28201,1,0,
La Rioja,CCAA,2017,Hombres,25_34,19811.79,0,1,INE_EES_28201,1,0,
La Rioja,CCAA,2018,Hombres,25_34,20393.51,0,1,INE_EES_28201,1,0,
La Rioja,CCAA,2019,Hombres,25_34,19807.27,0,1,INE_EES_28201,1,0,
La Rioja,CCAA,2020,Hombres,25_34,20184.33,0,1,INE_EES_28201,1,0,
La Rioja,CCAA,2021,Hombres,25_34,20935.9,0,1,INE_EES_28201,1,0,
La Rioja,CCAA,2022,Hombres,25_34,23511.0,0,1,INE_EES_28201,1,0,
La Rioja,CCAA,2023,Hombres,25_34,22796.66,0,1,INE_EES_28201,1,0,
La Rioja,CCAA,2010,Hombres,35_44,23886.44,0,0,INE_EES_28201,1,0,
La Rioja,CCAA,2011,Hombres,35_44,23706.57,0,0,INE_EES_28201,1,0,
La Rioja,CCAA,2012,Hombres,35_44,23058.79,0,0,INE_EES_28201,1,0,
La Rioja,CCAA,2013,Hombres,35_44,24693.28,0,0,INE_EES_28201,1,0,
La Rioja,CCAA,2014,Hombres,35_44,24507.53,0,0,INE_EES_28201,1,0,
La Rioja,CCAA,2015,Hombres,35_44,24870.34,0,0,INE_EES_28201,1,0,
La Rioja,CCAA,2016,Hombres,35_44,24738.67,0,0,INE_EES_28201,1,0,
La Rioja,CCAA,2017,Hombres,35_44,24923.61,0,0,INE_EES_28201,1,0,
La Rioja,CCAA,2018,Hombres,35_44,24925.52,0,0,INE_EES_28201,1,0,
La Rioja,CCAA,2019,Hombres,35_44,24879.47,0,0,INE_EES_28201,1,0,
La Rioja,CCAA,2020,Hombres,35_44,25016.45,0,0,INE_EES_28201,1,0,
La Rioja,CCAA,2021,Hombres,35_44,25321.54,0,0,INE_EES_28201,1,0,
La Rioja,CCAA,2022,Hombres,35_44,27911.5,0,0,INE_EES_28201,1,0,
La Rioja,CCAA,2023,Hombres,35_44,28038.67,0,0,INE_EES_28201,1,0,
La Rioja,CCAA,2010,Hombres,45_54,26441.72,0,0,INE_EES_28201,1,0,
La Rioja,CCAA,2011,Hombres,45_54,26679.15,0,0,INE_EES_28201,1,0,
La Rioja,CCAA,2012,Hombres,45_54,27372.2,0,0,INE_EES_28201,1,0,
La Rioja,CCAA,2013,Hombres,45_54,27122.88,0,0,INE_EES_28201,1,0,
La Rioja,CCAA,2014,Hombres,45_54,27113.45,0,0,INE_EES_28201,1,0,
La Rioja,CCAA,2015,Hombres,45_54,27063.78,0,0,INE_EES_28201,1,0,
La Rioja,CCAA,2016,Hombres,45_54,27662.41,0,0,INE_EES_28201,1,0,
La Rioja,CCAA,2017,Hombres,45_54,27509.12,0,0,INE_EES_28201,1,0,
La Rioja,CCAA,2018,Hombres,45_54,28775.53,0,0,INE_EES_28201,1,0,
La Rioja,CCAA,2019,Hombres,45_54,28350.64,0,0,INE_EES_28201,1,0,
La Rioja,CCAA,2020,Hombres,45_54,28431.41,0,0,INE_EES_28201,1,0,
La Rioja,CCAA,2021,Hombres,45_54,29527.09,0,0,INE_EES_28201,1,0,
La Rioja,CCAA,2022,Hombres,45_54,29131.27,0,0,INE_EES_28201,1,0,
La Rioja,CCAA,2023,Hombres,45_54,30072.63,0,0,INE_EES_28201,1,0,
La Rioja,CCAA,2010,Hombres,55_plus,28756.01,0,1,INE_EES_28201,1,0,
La Rioja,CCAA,2011,Hombres,55_plus,28084.19,0,1,INE_EES_28201,1,0,
La Rioja,CCAA,2012,Hombres,55_plus,25361.7,0,1,INE_EES_28201,1,0,
La Rioja,CCAA,2013,Hombres,55_plus,24350.32,0,0,INE_EES_28201,1,0,
La Rioja,CCAA,2014,Hombres,55_plus,28897.03,0,1,INE_EES_28201,1,0,
La Rioja,CCAA,2015,Hombres,55_plus,27642.02,0,0,INE_EES_28201,1,0,
La Rioja,CCAA,2016,Hombres,55_plus,27056.47,0,0,INE_EES_28201,1,0,
La Rioja,CCAA,2017,Hombres,55_plus,26780.45,0,0,INE_EES_28201,1,0,
La Rioja,CCAA,2018,Hombres,55_plus,28976.41,0,0,INE_EES_28201,1,0,
La Rioja,CCAA,2019,Hombres,55_plus,28986.96,0,0,INE_EES_28201,1,0,
La Rioja,CCAA,2020,Hombres,55_plus,28049.39,0,0,INE_EES_28201,1,0,
La Rioja,CCAA,2021,Hombres,55_plus,29415.48,0,0,INE_EES_28201,1,0,
La Rioja,CCAA,2022,Hombres,55_plus,30287.33,0,0,INE_EES_28201,1,0,
La Rioja,CCAA,2023,Hombres,55_plus,32599.76,0,0,INE_EES_28201,1,0,
La Rioja,CCAA,2010,Hombres,all_ages,23641.44,0,0,INE_EES_28201,1,0,
La Rioja,CCAA,2011,Hombres,all_ages,23512.09,0,0,INE_EES_28201,1,0,
La Rioja,CCAA,2012,Hombres,all_ages,23097.08,0,0,INE_EES_28201,1,0,
La Rioja,CCAA,2013,Hombres,all_ages,23641.12,0,0,INE_EES_28201,1,0,
La Rioja,CCAA,2014,Hombres,all_ages,24814.25,0,0,INE_EES_28201,1,0,
La Rioja,CCAA,2015,Hombres,all_ages,24532.64,0,0,INE_EES_28201,1,0,
La Rioja,CCAA,2016,Hombres,all_ages,24653.37,0,0,INE_EES_28201,1,0,
La Rioja,CCAA,2017,Hombres,all_ages,24820.49,0,0,INE_EES_28201,1,0,
La Rioja,CCAA,2018,Hombres,all_ages,25593.27,0,0,INE_EES_28201,1,0,
La Rioja,CCAA,2019,Hombres,all_ages,25342.99,0,0,INE_EES_28201,1,0,
La Rioja,CCAA,2020,Hombres,all_ages,25664.88,0,0,INE_EES_28201,1,0,
La Rioja,CCAA,2021,Hombres,all_ages,26488.06,0,0,INE_EES_28201,1,0,
La Rioja,CCAA,2022,Hombres,all_ages,27741.6,0,0,INE_EES_28201,1,0,
La Rioja,CCAA,2023,Hombres,all_ages,28482.01,0,0,INE_EES_28201,1,0,
La Rioja,CCAA,2010,Hombres,lt_25,13358.24,0,1,INE_EES_28201,1,0,
La Rioja,CCAA,2011,Hombres,lt_25,14662.64,0,1,INE_EES_28201,1,0,
La Rioja,CCAA,2012,Hombres,lt_25,13588.052892233782,1,0,INE_EES_28201,0,1,national_growth_forward
La Rioja,CCAA,2013,Hombres,lt_25,13014.037013259023,1,0,INE_EES_28201,0,1,national_growth_forward
La Rioja,CCAA,2014,Hombres,lt_25,14311.983379403018,1,0,INE_EES_28201,0,1,national_growth_forward
La Rioja,CCAA,2015,Hombres,lt_25,13903.377043180335,1,0,INE_EES_28201,0,1,national_growth_forward
La Rioja,CCAA,2016,Hombres,lt_25,13796.520044920035,1,0,INE_EES_28201,0,1,national_growth_forward
La Rioja,CCAA,2017,Hombres,lt_25,14276.438803299716,1,0,INE_EES_28201,0,1,national_growth_forward
La Rioja,CCAA,2018,Hombres,lt_25,15320.37094687634,1,0,INE_EES_28201,0,1,national_growth_forward
La Rioja,CCAA,2019,Hombres,lt_25,12717.75,0,1,INE_EES_28201,1,0,
La Rioja,CCAA,2020,Hombres,lt_25,14023.67,1,0,INE_EES_28201,0,1,linear_interpolation
La Rioja,CCAA,2021,Hombres,lt_25,15329.59,0,1,INE_EES_28201,1,0,
La Rioja,CCAA,2022,Hombres,lt_25,16329.71,0,1,INE_EES_28201,1,0,
La Rioja,CCAA,2023,Hombres,lt_25,17433.94,0,1,INE_EES_28201,1,0,
La Rioja,CCAA,2010,Mujeres,25_34,17665.89,0,0,INE_EES_28201,1,0,
La Rioja,CCAA,2011,Mujeres,25_34,15868.82,0,0,INE_EES_28201,1,0,
La Rioja,CCAA,2012,Mujeres,25_34,15124.28,0,0,INE_EES_28201,1,0,
La Rioja,CCAA,2013,Mujeres,25_34,14802.13,0,1,INE_EES_28201,1,0,
La Rioja,CCAA,2014,Mujeres,25_34,16304.46,0,1,INE_EES_28201,1,0,
La Rioja,CCAA,2015,Mujeres,25_34,15991.42,0,1,INE_EES_28201,1,0,
La Rioja,CCAA,2016,Mujeres,25_34,15275.0,0,1,INE_EES_28201,1,0,
La Rioja,CCAA,2017,Mujeres,25_34,16163.63,0,1,INE_EES_28201,1,0,
La Rioja,CCAA,2018,Mujeres,25_34,17096.65,0,1,INE_EES_28201,1,0,
La Rioja,CCAA,2019,Mujeres,25_34,16985.88,0,1,INE_EES_28201,1,0,
La Rioja,CCAA,2020,Mujeres,25_34,17372.09,0,1,INE_EES_28201,1,0,
La Rioja,CCAA,2021,Mujeres,25_34,17409.1,0,1,INE_EES_28201,1,0,
La Rioja,CCAA,2022,Mujeres,25_34,19398.84,0,1,INE_EES_28201,1,0,
La Rioja,CCAA,2023,Mujeres,25_34,21105.39,0,1,INE_EES_28201,1,0,
La Rioja,CCAA,2010,Mujeres,35_44,17831.48,0,0,INE_EES_28201,1,0,
La Rioja,CCAA,2011,Mujeres,35_44,17480.17,0,0,INE_EES_28201,1,0,
La Rioja,CCAA,2012,Mujeres,35_44,17313.58,0,0,INE_EES_28201,1,0,
La Rioja,CCAA,2013,Mujeres,35_44,17072.72,0,0,INE_EES_28201,1,0,
La Rioja,CCAA,2014,Mujeres,35_44,19585.45,0,0,INE_EES_28201,1,0,
La Rioja,CCAA,2015,Mujeres,35_44,18422.24,0,0,INE_EES_28201,1,0,
La Rioja,CCAA,2016,Mujeres,35_44,19264.01,0,0,INE_EES_28201,1,0,
La Rioja,CCAA,2017,Mujeres,35_44,20181.66,0,0,INE_EES_28201,1,0,
La Rioja,CCAA,2018,Mujeres,35_44,20952.42,0,0,INE_EES_28201,1,0,
La Rioja,CCAA,2019,Mujeres,35_44,20539.81,0,0,INE_EES_28201,1,0,
La Rioja,CCAA,2020,Mujeres,35_44,20696.16,0,0,INE_EES_28201,1,0,
La Rioja,CCAA,2021,Mujeres,35_44,21450.35,0,0,INE_EES_28201,1,0,
La Rioja,CCAA,2022,Mujeres,35_44,22945.71,0,0,INE_EES_28201,1,0,
La Rioja,CCAA,2023,Mujeres,35_44,24102.37,0,0,INE_EES_28201,1,0,
La Rioja,CCAA,2010,Mujeres,45_54,19600.41,0,1,INE_EES_28201,1,0,
La Rioja,CCAA,2011,Mujeres,45_54,22583.68,0,1,INE_EES_28201,1,0,
La Rioja,CCAA,2012,Mujeres,45_54,20108.59,0,1,INE_EES_28201,1,0,
La Rioja,CCAA,2013,Mujeres,45_54,18847.63,0,0,INE_EES_28201,1,0,
La Rioja,CCAA,2014,Mujeres,45_54,20600.36,0,1,INE_EES_28201,1,0,
La Rioja,CCAA,2015,Mujeres,45_54,20981.45,0,0,INE_EES_28201,1,0,
La Rioja,CCAA,2016,Mujeres,45_54,21176.8,0,0,INE_EES_28201,1,0,
La Rioja,CCAA,2017,Mujeres,45_54,20601.21,0,0,INE_EES_28201,1,0,
La Rioja,CCAA,2018,Mujeres,45_54,20232.39,0,0,INE_EES_28201,1,0,
La Rioja,CCAA,2019,Mujeres,45_54,22961.67,0,0,INE_EES_28201,1,0,
La Rioja,CCAA,2020,Mujeres,45_54,23303.89,0,0,INE_EES_28201,1,0,
La Rioja,CCAA,2021,Mujeres,45_54,23115.86,0,0,INE_EES_28201,1,0,
La Rioja,CCAA,2022,Mujeres,45_54,22642.32,0,0,INE_EES_28201,1,0,
La Rioja,CCAA,2023,Mujeres,45_54,26109.87,0,0,INE_EES_28201,1,0,
La Rioja,CCAA,2010,Mujeres,55_plus,19736.54,0,1,INE_EES_28201,1,0,
La Rioja,CCAA,2011,Mujeres,55_plus,21576.0,0,1,INE_EES_28201,1,0,
La Rioja,CCAA,2012,Mujeres,55_plus,20597.19,0,1,INE_EES_28201,1,0,
La Rioja,CCAA,2013,Mujeres,55_plus,21816.87,0,1,INE_EES_28201,1,0,
La Rioja,CCAA,2014,Mujeres,55_plus,20739.28,0,1,INE_EES_28201,1,0,
La Rioja,CCAA,2015,Mujeres,55_plus,20850.75,0,1,INE_EES_28201,1,0,
La Rioja,CCAA,2016,Mujeres,55_plus,20880.48,0,1,INE_EES_28201,1,0,
La Rioja,CCAA,2017,Mujeres,55_plus,21128.2,0,1,INE_EES_28201,1,0,
La Rioja,CCAA,2018,Mujeres,55_plus,21174.15,0,1,INE_EES_28201,1,0,
La Rioja,CCAA,2019,Mujeres,55_plus,20795.89,0,1,INE_EES_28201,1,0,
La Rioja,CCAA,2020,Mujeres,55_plus,21325.96,0,1,INE_EES_28201,1,0,
La Rioja,CCAA,2021,Mujeres,55_plus,21554.7,0,0,INE_EES_28201,1,0,
La Rioja,CCAA,2022,Mujeres,55_plus,24334.42,0,0,INE_EES_28201,1,0,
La Rioja,CCAA,2023,Mujeres,55_plus,26293.86,0,0,INE_EES_28201,1,0,
La Rioja,CCAA,2010,Mujeres,all_ages,18131.05,0,0,INE_EES_28201,1,0,
La Rioja,CCAA,2011,Mujeres,all_ages,18328.41,0,0,INE_EES_28201,1,0,
La Rioja,CCAA,2012,Mujeres,all_ages,17486.66,0,0,INE_EES_28201,1,0,
La Rioja,CCAA,2013,Mujeres,all_ages,17435.56,0,0,INE_EES_28201,1,0,
La Rioja,CCAA,2014,Mujeres,all_ages,18959.85,0,0,INE_EES_28201,1,0,
La Rioja,CCAA,2015,Mujeres,all_ages,18762.15,0,0,INE_EES_28201,1,0,
La Rioja,CCAA,2016,Mujeres,all_ages,19047.2,0,0,INE_EES_28201,1,0,
La Rioja,CCAA,2017,Mujeres,all_ages,19353.55,0,0,INE_EES_28201,1,0,
La Rioja,CCAA,2018,Mujeres,all_ages,19770.93,0,0,INE_EES_28201,1,0,
La Rioja,CCAA,2019,Mujeres,all_ages,20377.23,0,0,INE_EES_28201,1,0,
La Rioja,CCAA,2020,Mujeres,all_ages,20959.44,0,0,INE_EES_28201,1,0,
La Rioja,CCAA,2021,Mujeres,all_ages,21135.77,0,0,INE_EES_28201,1,0,
La Rioja,CCAA,2022,Mujeres,all_ages,22264.39,0,0,INE_EES_28201,1,0,
La Rioja,CCAA,2023,Mujeres,all_ages,24307.34,0,0,INE_EES_28201,1,0,
La Rioja,CCAA,2010,Mujeres,lt_25,11945.08,0,1,INE_EES_28201,1,0,
La Rioja,CCAA,2011,Mujeres,lt_25,10932.85247994592,1,0,INE_EES_28201,0,1,national_growth_forward
La Rioja,CCAA,2012,Mujeres,lt_25,10114.506089236604,1,0,INE_EES_28201,0,1,national_growth_forward
La Rioja,CCAA,2013,Mujeres,lt_25,9453.978693117511,1,0,INE_EES_28201,0,1,national_growth_forward
La Rioja,CCAA,2014,Mujeres,lt_25,10518.744573474156,1,0,INE_EES_28201,0,1,national_growth_forward
La Rioja,CCAA,2015,Mujeres,lt_25,9721.248356803022,1,0,INE_EES_28201,0,1,national_growth_forward
La Rioja,CCAA,2016,Mujeres,lt_25,9673.91999108897,1,0,INE_EES_28201,0,1,national_growth_forward
La Rioja,CCAA,2017,Mujeres,lt_25,10127.607543338832,1,0,INE_EES_28201,0,1,national_growth_forward
La Rioja,CCAA,2018,Mujeres,lt_25,10945.913151311643,1,0,INE_EES_28201,0,1,national_growth_forward
La Rioja,CCAA,2019,Mujeres,lt_25,11320.400629268795,1,0,INE_EES_28201,0,1,national_growth_forward
La Rioja,CCAA,2020,Mujeres,lt_25,11554.911559856668,1,0,INE_EES_28201,0,1,national_growth_forward
La Rioja,CCAA,2021,Mujeres,lt_25,11723.87443719688,1,0,INE_EES_28201,0,1,national_growth_forward
La Rioja,CCAA,2022,Mujeres,lt_25,13470.629628758375,1,0,INE_EES_28201,0,1,national_growth_forward
La Rioja,CCAA,2023,Mujeres,lt_25,13671.484606045497,1,0,INE_EES_28201,0,1,national_growth_forward
La Rioja,CCAA,2010,Total,25_34,19273.15,0,0,INE_EES_28201,1,0,
La Rioja,CCAA,2011,Total,25_34,17257.23,0,0,INE_EES_28201,1,0,
La Rioja,CCAA,2012,Total,25_34,16493.92,0,0,INE_EES_28201,1,0,
La Rioja,CCAA,2013,Total,25_34,15863.59,0,0,INE_EES_28201,1,0,
La Rioja,CCAA,2014,Total,25_34,18520.82,0,0,INE_EES_28201,1,0,
La Rioja,CCAA,2015,Total,25_34,17673.78,0,0,INE_EES_28201,1,0,
La Rioja,CCAA,2016,Total,25_34,17560.9,0,0,INE_EES_28201,1,0,
La Rioja,CCAA,2017,Total,25_34,18040.74,0,0,INE_EES_28201,1,0,
La Rioja,CCAA,2018,Total,25_34,18852.7,0,0,INE_EES_28201,1,0,
La Rioja,CCAA,2019,Total,25_34,18494.64,0,0,INE_EES_28201,1,0,
La Rioja,CCAA,2020,Total,25_34,18788.29,0,0,INE_EES_28201,1,0,
La Rioja,CCAA,2021,Total,25_34,19107.77,0,0,INE_EES_28201,1,0,
La Rioja,CCAA,2022,Total,25_34,21337.68,0,0,INE_EES_28201,1,0,
La Rioja,CCAA,2023,Total,25_34,21905.03,0,0,INE_EES_28201,1,0,
La Rioja,CCAA,2010,Total,35_44,21074.35,0,0,INE_EES_28201,1,0,
La Rioja,CCAA,2011,Total,35_44,20584.53,0,0,INE_EES_28201,1,0,
La Rioja,CCAA,2012,Total,35_44,20285.22,0,0,INE_EES_28201,1,0,
La Rioja,CCAA,2013,Total,35_44,20908.51,0,0,INE_EES_28201,1,0,
La Rioja,CCAA,2014,Total,35_44,22049.47,0,0,INE_EES_28201,1,0,
La Rioja,CCAA,2015,Total,35_44,21744.37,0,0,INE_EES_28201,1,0,
La Rioja,CCAA,2016,Total,35_44,22069.69,0,0,INE_EES_28201,1,0,
La Rioja,CCAA,2017,Total,35_44,22593.29,0,0,INE_EES_28201,1,0,
La Rioja,CCAA,2018,Total,35_44,22836.9,0,0,INE_EES_28201,1,0,
La Rioja,CCAA,2019,Total,35_44,22647.9,0,0,INE_EES_28201,1,0,
La Rioja,CCAA,2020,Total,35_44,22837.66,0,0,INE_EES_28201,1,0,
La Rioja,CCAA,2021,Total,35_44,23289.37,0,0,INE_EES_28201,1,0,
La Rioja,CCAA,2022,Total,35_44,25299.74,0,0,INE_EES_28201,1,0,
La Rioja,CCAA,2023,Total,35_44,26023.95,0,0,INE_EES_28201,1,0,
La Rioja,CCAA,2010,Total,45_54,23001.51,0,0,INE_EES_28201,1,0,
La Rioja,CCAA,2011,Total,45_54,24828.46,0,0,INE_EES_28201,1,0,
La Rioja,CCAA,2012,Total,45_54,23803.8,0,0,INE_EES_28201,1,0,
La Rioja,CCAA,2013,Total,45_54,23251.74,0,0,INE_EES_28201,1,0,
La Rioja,CCAA,2014,Total,45_54,23715.22,0,0,INE_EES_28201,1,0,
La Rioja,CCAA,2015,Total,45_54,23987.34,0,0,INE_EES_28201,1,0,
La Rioja,CCAA,2016,Total,45_54,24750.99,0,0,INE_EES_28201,1,0,
La Rioja,CCAA,2017,Total,45_54,24415.61,0,0,INE_EES_28201,1,0,
La Rioja,CCAA,2018,Total,45_54,24350.35,0,0,INE_EES_28201,1,0,
La Rioja,CCAA,2019,Total,45_54,25777.45,0,0,INE_EES_28201,1,0,
La Rioja,CCAA,2020,Total,45_54,25914.67,0,0,INE_EES_28201,1,0,
La Rioja,CCAA,2021,Total,45_54,26337.79,0,0,INE_EES_28201,1,0,
La Rioja,CCAA,2022,Total,45_54,25794.67,0,0,INE_EES_28201,1,0,
La Rioja,CCAA,2023,Total,45_54,28009.51,0,0,INE_EES_28201,1,0,
La Rioja,CCAA,2010,Total,55_plus,25266.98,0,1,INE_EES_28201,1,0,
La Rioja,CCAA,2011,Total,55_plus,25500.59,0,0,INE_EES_28201,1,0,
La Rioja,CCAA,2012,Total,55_plus,23494.49,0,0,INE_EES_28201,1,0,
La Rioja,CCAA,2013,Total,55_plus,23332.74,0,0,INE_EES_28201,1,0,
La Rioja,CCAA,2014,Total,55_plus,25604.47,0,0,INE_EES_28201,1,0,
La Rioja,CCAA,2015,Total,55_plus,24730.65,0,0,INE_EES_28201,1,0,
La Rioja,CCAA,2016,Total,55_plus,24151.12,0,0,INE_EES_28201,1,0,
La Rioja,CCAA,2017,Total,55_plus,24147.76,0,0,INE_EES_28201,1,0,
La Rioja,CCAA,2018,Total,55_plus,25014.42,0,0,INE_EES_28201,1,0,
La Rioja,CCAA,2019,Total,55_plus,24630.95,0,0,INE_EES_28201,1,0,
La Rioja,CCAA,2020,Total,55_plus,24465.45,0,0,INE_EES_28201,1,0,
La Rioja,CCAA,2021,Total,55_plus,25047.12,0,0,INE_EES_28201,1,0,
La Rioja,CCAA,2022,Total,55_plus,27221.82,0,0,INE_EES_28201,1,0,
La Rioja,CCAA,2023,Total,55_plus,29360.28,0,0,INE_EES_28201,1,0,
La Rioja,CCAA,2010,Total,all_ages,21035.86,0,0,INE_EES_28201,1,0,
La Rioja,CCAA,2011,Total,all_ages,20996.76,0,0,INE_EES_28201,1,0,
La Rioja,CCAA,2012,Total,all_ages,20346.24,0,0,INE_EES_28201,1,0,
La Rioja,CCAA,2013,Total,all_ages,20628.81,0,0,INE_EES_28201,1,0,
La Rioja,CCAA,2014,Total,all_ages,21954.1,0,0,INE_EES_28201,1,0,
La Rioja,CCAA,2015,Total,all_ages,21756.79,0,0,INE_EES_28201,1,0,
La Rioja,CCAA,2016,Total,all_ages,21999.02,0,0,INE_EES_28201,1,0,
La Rioja,CCAA,2017,Total,all_ages,22234.21,0,0,INE_EES_28201,1,0,
La Rioja,CCAA,2018,Total,all_ages,22641.17,0,0,INE_EES_28201,1,0,
La Rioja,CCAA,2019,Total,all_ages,22877.13,0,0,INE_EES_28201,1,0,
La Rioja,CCAA,2020,Total,all_ages,23292.63,0,0,INE_EES_28201,1,0,
La Rioja,CCAA,2021,Total,all_ages,23716.88,0,0,INE_EES_28201,1,0,
La Rioja,CCAA,2022,Total,all_ages,24903.38,0,0,INE_EES_28201,1,0,
La Rioja,CCAA,2023,Total,all_ages,26319.06,0,0,INE_EES_28201,1,0,
La Rioja,CCAA,2010,Total,lt_25,12806.76,0,1,INE_EES_28201,1,0,
La Rioja,CCAA,2011,Total,lt_25,13595.65,0,1,INE_EES_28201,1,0,
La Rioja,CCAA,2012,Total,lt_25,10996.85,0,1,INE_EES_28201,1,0,
La Rioja,CCAA,2013,Total,lt_25,11521.060000000001,1,0,INE_EES_28201,0,1,linear_interpolation
La Rioja,CCAA,2014,Total,lt_25,12045.27,0,1,INE_EES_28201,1,0,
La Rioja,CCAA,2015,Total,lt_25,10928.57,0,1,INE_EES_28201,1,0,
La Rioja,CCAA,2016,Total,lt_25,9783.99,0,1,INE_EES_28201,1,0,
La Rioja,CCAA,2017,Total,lt_25,8957.13,0,1,INE_EES_28201,1,0,
La Rioja,CCAA,2018,Total,lt_25,12075.25,0,1,INE_EES_28201,1,0,
La Rioja,CCAA,2019,Total,lt_25,11525.19,0,1,INE_EES_28201,1,0,
La Rioja,CCAA,2020,Total,lt_25,13439.66,0,1,INE_EES_28201,1,0,
La Rioja,CCAA,2021,Total,lt_25,13969.96,0,1,INE_EES_28201,1,0,
La Rioja,CCAA,2022,Total,lt_25,14760.64,0,1,INE_EES_28201,1,0,
La Rioja,CCAA,2023,Total,lt_25,15357.1,0,1,INE_EES_28201,1,0,
Madrid,CCAA,2010,Hombres,25_34,24524.5,0,0,INE_EES_28201,1,0,
Madrid,CCAA,2011,Hombres,25_34,23595.52,0,0,INE_EES_28201,1,0,
Madrid,CCAA,2012,Hombres,25_34,23369.23,0,0,INE_EES_28201,1,0,
Madrid,CCAA,2013,Hombres,25_34,22360.72,0,0,INE_EES_28201,1,0,
Madrid,CCAA,2014,Hombres,25_34,23030.47,0,0,INE_EES_28201,1,0,
Madrid,CCAA,2015,Hombres,25_34,21953.41,0,0,INE_EES_28201,1,0,
Madrid,CCAA,2016,Hombres,25_34,21799.0,0,0,INE_EES_28201,1,0,
Madrid,CCAA,2017,Hombres,25_34,22591.82,0,0,INE_EES_28201,1,0,
Madrid,CCAA,2018,Hombres,25_34,23682.75,0,0,INE_EES_28201,1,0,
Madrid,CCAA,2019,Hombres,25_34,23740.11,0,0,INE_EES_28201,1,0,
Madrid,CCAA,2020,Hombres,25_34,24464.49,0,0,INE_EES_28201,1,0,
Madrid,CCAA,2021,Hombres,25_34,25978.55,0,0,INE_EES_28201,1,0,
Madrid,CCAA,2022,Hombres,25_34,28011.8,0,0,INE_EES_28201,1,0,
Madrid,CCAA,2023,Hombres,25_34,27879.71,0,0,INE_EES_28201,1,0,
Madrid,CCAA,2010,Hombres,35_44,31186.04,0,0,INE_EES_28201,1,0,
Madrid,CCAA,2011,Hombres,35_44,30901.55,0,0,INE_EES_28201,1,0,
Madrid,CCAA,2012,Hombres,35_44,30418.84,0,0,INE_EES_28201,1,0,
Madrid,CCAA,2013,Hombres,35_44,30270.84,0,0,INE_EES_28201,1,0,
Madrid,CCAA,2014,Hombres,35_44,31583.85,0,0,INE_EES_28201,1,0,
Madrid,CCAA,2015,Hombres,35_44,30199.76,0,0,INE_EES_28201,1,0,
Madrid,CCAA,2016,Hombres,35_44,29845.09,0,0,INE_EES_28201,1,0,
Madrid,CCAA,2017,Hombres,35_44,29793.36,0,0,INE_EES_28201,1,0,
Madrid,CCAA,2018,Hombres,35_44,30822.47,0,0,INE_EES_28201,1,0,
Madrid,CCAA,2019,Hombres,35_44,31348.15,0,0,INE_EES_28201,1,0,
Madrid,CCAA,2020,Hombres,35_44,32292.01,0,0,INE_EES_28201,1,0,
Madrid,CCAA,2021,Hombres,35_44,32663.79,0,0,INE_EES_28201,1,0,
Madrid,CCAA,2022,Hombres,35_44,34782.5,0,0,INE_EES_28201,1,0,
Madrid,CCAA,2023,Hombres,35_44,36556.65,0,0,INE_EES_28201,1,0,
Madrid,CCAA,2010,Hombres,45_54,33648.79,0,0,INE_EES_28201,1,0,
Madrid,CCAA,2011,Hombres,45_54,32872.62,0,0,INE_EES_28201,1,0,
Madrid,CCAA,2012,Hombres,45_54,33031.07,0,0,INE_EES_28201,1,0,
Madrid,CCAA,2013,Hombres,45_54,33821.23,0,0,INE_EES_28201,1,0,
Madrid,CCAA,2014,Hombres,45_54,33605.89,0,0,INE_EES_28201,1,0,
Madrid,CCAA,2015,Hombres,45_54,33066.38,0,0,INE_EES_28201,1,0,
Madrid,CCAA,2016,Hombres,45_54,32820.5,0,0,INE_EES_28201,1,0,
Madrid,CCAA,2017,Hombres,45_54,34326.19,0,0,INE_EES_28201,1,0,
Madrid,CCAA,2018,Hombres,45_54,33847.94,0,0,INE_EES_28201,1,0,
Madrid,CCAA,2019,Hombres,45_54,35406.04,0,0,INE_EES_28201,1,0,
Madrid,CCAA,2020,Hombres,45_54,35289.03,0,0,INE_EES_28201,1,0,
Madrid,CCAA,2021,Hombres,45_54,35672.91,0,0,INE_EES_28201,1,0,
Madrid,CCAA,2022,Hombres,45_54,37981.8,0,0,INE_EES_28201,1,0,
Madrid,CCAA,2023,Hombres,45_54,39671.06,0,0,INE_EES_28201,1,0,
Madrid,CCAA,2010,Hombres,55_plus,31322.01,0,0,INE_EES_28201,1,0,
Madrid,CCAA,2011,Hombres,55_plus,32503.93,0,0,INE_EES_28201,1,0,
Madrid,CCAA,2012,Hombres,55_plus,32277.74,0,0,INE_EES_28201,1,0,
Madrid,CCAA,2013,Hombres,55_plus,32292.78,0,0,INE_EES_28201,1,0,
Madrid,CCAA,2014,Hombres,55_plus,35177.72,0,0,INE_EES_28201,1,0,
Madrid,CCAA,2015,Hombres,55_plus,35079.35,0,0,INE_EES_28201,1,0,
Madrid,CCAA,2016,Hombres,55_plus,33308.13,0,0,INE_EES_28201,1,0,
Madrid,CCAA,2017,Hombres,55_plus,33959.7,0,0,INE_EES_28201,1,0,
Madrid,CCAA,2018,Hombres,55_plus,33273.23,0,0,INE_EES_28201,1,0,
Madrid,CCAA,2019,Hombres,55_plus,34222.02,0,0,INE_EES_28201,1,0,
Madrid,CCAA,2020,Hombres,55_plus,35207.68,0,0,INE_EES_28201,1,0,
Madrid,CCAA,2021,Hombres,55_plus,35912.88,0,0,INE_EES_28201,1,0,
Madrid,CCAA,2022,Hombres,55_plus,38064.8,0,0,INE_EES_28201,1,0,
Madrid,CCAA,2023,Hombres,55_plus,38352.1,0,0,INE_EES_28201,1,0,
Madrid,CCAA,2010,Hombres,all_ages,29016.28,0,0,INE_EES_28201,1,0,
Madrid,CCAA,2011,Hombres,all_ages,28896.67,0,0,INE_EES_28201,1,0,
Madrid,CCAA,2012,Hombres,all_ages,29116.2,0,0,INE_EES_28201,1,0,
Madrid,CCAA,2013,Hombres,all_ages,29224.3,0,0,INE_EES_28201,1,0,
Madrid,CCAA,2014,Hombres,all_ages,29734.23,0,0,INE_EES_28201,1,0,
Madrid,CCAA,2015,Hombres,all_ages,29314.09,0,0,INE_EES_28201,1,0,
Madrid,CCAA,2016,Hombres,all_ages,29111.2,0,0,INE_EES_28201,1,0,
Madrid,CCAA,2017,Hombres,all_ages,29910.43,0,0,INE_EES_28201,1,0,
Madrid,CCAA,2018,Hombres,all_ages,29816.34,0,0,INE_EES_28201,1,0,
Madrid,CCAA,2019,Hombres,all_ages,30530.89,0,0,INE_EES_28201,1,0,
Madrid,CCAA,2020,Hombres,all_ages,31495.31,0,0,INE_EES_28201,1,0,
Madrid,CCAA,2021,Hombres,all_ages,32213.88,0,0,INE_EES_28201,1,0,
Madrid,CCAA,2022,Hombres,all_ages,34113.4,0,0,INE_EES_28201,1,0,
Madrid,CCAA,2023,Hombres,all_ages,35052.21,0,0,INE_EES_28201,1,0,
Madrid,CCAA,2010,Hombres,lt_25,14718.96,0,0,INE_EES_28201,1,0,
Madrid,CCAA,2011,Hombres,lt_25,13197.97,0,0,INE_EES_28201,1,0,
Madrid,CCAA,2012,Hombres,lt_25,12379.47,0,1,INE_EES_28201,1,0,
Madrid,CCAA,2013,Hombres,lt_25,11966.86,0,1,INE_EES_28201,1,0,
Madrid,CCAA,2014,Hombres,lt_25,12642.2,0,0,INE_EES_28201,1,0,
Madrid,CCAA,2015,Hombres,lt_25,12325.07,0,1,INE_EES_28201,1,0,
Madrid,CCAA,2016,Hombres,lt_25,14085.77,0,1,INE_EES_28201,1,0,
Madrid,CCAA,2017,Hombres,lt_25,13651.88,0,1,INE_EES_28201,1,0,
Madrid,CCAA,2018,Hombres,lt_25,13116.11,0,1,INE_EES_28201,1,0,
Madrid,CCAA,2019,Hombres,lt_25,12881.12,0,0,INE_EES_28201,1,0,
Madrid,CCAA,2020,Hombres,lt_25,14399.17,0,1,INE_EES_28201,1,0,
Madrid,CCAA,2021,Hombres,lt_25,13676.56,0,1,INE_EES_28201,1,0,
Madrid,CCAA,2022,Hombres,lt_25,16249.96,0,0,INE_EES_28201,1,0,
Madrid,CCAA,2023,Hombres,lt_25,16764.81,0,0,INE_EES_28201,1,0,
Madrid,CCAA,2010,Mujeres,25_34,20825.93,0,0,INE_EES_28201,1,0,
Madrid,CCAA,2011,Mujeres,25_34,20025.71,0,0,INE_EES_28201,1,0,
Madrid,CCAA,2012,Mujeres,25_34,20069.53,0,0,INE_EES_28201,1,0,
Madrid,CCAA,2013,Mujeres,25_34,19791.48,0,0,INE_EES_28201,1,0,
Madrid,CCAA,2014,Mujeres,25_34,20029.72,0,0,INE_EES_28201,1,0,
Madrid,CCAA,2015,Mujeres,25_34,19828.1,0,0,INE_EES_28201,1,0,
Madrid,CCAA,2016,Mujeres,25_34,19167.41,0,0,INE_EES_28201,1,0,
Madrid,CCAA,2017,Mujeres,25_34,19360.93,0,0,INE_EES_28201,1,0,
Madrid,CCAA,2018,Mujeres,25_34,20396.81,0,0,INE_EES_28201,1,0,
Madrid,CCAA,2019,Mujeres,25_34,20765.5,0,0,INE_EES_28201,1,0,
Madrid,CCAA,2020,Mujeres,25_34,21199.63,0,0,INE_EES_28201,1,0,
Madrid,CCAA,2021,Mujeres,25_34,22682.54,0,0,INE_EES_28201,1,0,
Madrid,CCAA,2022,Mujeres,25_34,24398.93,0,0,INE_EES_28201,1,0,
Madrid,CCAA,2023,Mujeres,25_34,25165.97,0,0,INE_EES_28201,1,0,
Madrid,CCAA,2010,Mujeres,35_44,24328.74,0,0,INE_EES_28201,1,0,
Madrid,CCAA,2011,Mujeres,35_44,24335.31,0,0,INE_EES_28201,1,0,
Madrid,CCAA,2012,Mujeres,35_44,24264.13,0,0,INE_EES_28201,1,0,
Madrid,CCAA,2013,Mujeres,35_44,24630.74,0,0,INE_EES_28201,1,0,
Madrid,CCAA,2014,Mujeres,35_44,25473.7,0,0,INE_EES_28201,1,0,
Madrid,CCAA,2015,Mujeres,35_44,24770.38,0,0,INE_EES_28201,1,0,
Madrid,CCAA,2016,Mujeres,35_44,24592.5,0,0,INE_EES_28201,1,0,
Madrid,CCAA,2017,Mujeres,35_44,25321.5,0,0,INE_EES_28201,1,0,
Madrid,CCAA,2018,Mujeres,35_44,24938.63,0,0,INE_EES_28201,1,0,
Madrid,CCAA,2019,Mujeres,35_44,26046.41,0,0,INE_EES_28201,1,0,
Madrid,CCAA,2020,Mujeres,35_44,26591.82,0,0,INE_EES_28201,1,0,
Madrid,CCAA,2021,Mujeres,35_44,27515.56,0,0,INE_EES_28201,1,0,
Madrid,CCAA,2022,Mujeres,35_44,28955.21,0,0,INE_EES_28201,1,0,
Madrid,CCAA,2023,Mujeres,35_44,30031.21,0,0,INE_EES_28201,1,0,
Madrid,CCAA,2010,Mujeres,45_54,25055.83,0,0,INE_EES_28201,1,0,
Madrid,CCAA,2011,Mujeres,45_54,25239.43,0,0,INE_EES_28201,1,0,
Madrid,CCAA,2012,Mujeres,45_54,24763.87,0,0,INE_EES_28201,1,0,
Madrid,CCAA,2013,Mujeres,45_54,24418.91,0,0,INE_EES_28201,1,0,
Madrid,CCAA,2014,Mujeres,45_54,25060.58,0,0,INE_EES_28201,1,0,
Madrid,CCAA,2015,Mujeres,45_54,25981.0,0,0,INE_EES_28201,1,0,
Madrid,CCAA,2016,Mujeres,45_54,25939.4,0,0,INE_EES_28201,1,0,
Madrid,CCAA,2017,Mujeres,45_54,26488.0,0,0,INE_EES_28201,1,0,
Madrid,CCAA,2018,Mujeres,45_54,26824.48,0,0,INE_EES_28201,1,0,
Madrid,CCAA,2019,Mujeres,45_54,27160.58,0,0,INE_EES_28201,1,0,
Madrid,CCAA,2020,Mujeres,45_54,28215.33,0,0,INE_EES_28201,1,0,
Madrid,CCAA,2021,Mujeres,45_54,29185.52,0,0,INE_EES_28201,1,0,
Madrid,CCAA,2022,Mujeres,45_54,30557.51,0,0,INE_EES_28201,1,0,
Madrid,CCAA,2023,Mujeres,45_54,32691.04,0,0,INE_EES_28201,1,0,
Madrid,CCAA,2010,Mujeres,55_plus,23281.84,0,0,INE_EES_28201,1,0,
Madrid,CCAA,2011,Mujeres,55_plus,22566.5,0,0,INE_EES_28201,1,0,
Madrid,CCAA,2012,Mujeres,55_plus,22733.82,0,0,INE_EES_28201,1,0,
Madrid,CCAA,2013,Mujeres,55_plus,23248.57,0,0,INE_EES_28201,1,0,
Madrid,CCAA,2014,Mujeres,55_plus,23582.47,0,0,INE_EES_28201,1,0,
Madrid,CCAA,2015,Mujeres,55_plus,23014.35,0,0,INE_EES_28201,1,0,
Madrid,CCAA,2016,Mujeres,55_plus,23124.71,0,0,INE_EES_28201,1,0,
Madrid,CCAA,2017,Mujeres,55_plus,24625.23,0,0,INE_EES_28201,1,0,
Madrid,CCAA,2018,Mujeres,55_plus,24162.27,0,0,INE_EES_28201,1,0,
Madrid,CCAA,2019,Mujeres,55_plus,25878.98,0,0,INE_EES_28201,1,0,
Madrid,CCAA,2020,Mujeres,55_plus,27071.12,0,0,INE_EES_28201,1,0,
Madrid,CCAA,2021,Mujeres,55_plus,26323.63,0,0,INE_EES_28201,1,0,
Madrid,CCAA,2022,Mujeres,55_plus,28544.13,0,0,INE_EES_28201,1,0,
Madrid,CCAA,2023,Mujeres,55_plus,29839.39,0,0,INE_EES_28201,1,0,
Madrid,CCAA,2010,Mujeres,all_ages,22721.17,0,0,INE_EES_28201,1,0,
Madrid,CCAA,2011,Mujeres,all_ages,22585.38,0,0,INE_EES_28201,1,0,
Madrid,CCAA,2012,Mujeres,all_ages,22841.15,0,0,INE_EES_28201,1,0,
Madrid,CCAA,2013,Mujeres,all_ages,22959.28,0,0,INE_EES_28201,1,0,
Madrid,CCAA,2014,Mujeres,all_ages,23326.94,0,0,INE_EES_28201,1,0,
Madrid,CCAA,2015,Mujeres,all_ages,23470.06,0,0,INE_EES_28201,1,0,
Madrid,CCAA,2016,Mujeres,all_ages,23371.33,0,0,INE_EES_28201,1,0,
Madrid,CCAA,2017,Mujeres,all_ages,24029.31,0,0,INE_EES_28201,1,0,
Madrid,CCAA,2018,Mujeres,all_ages,23925.99,0,0,INE_EES_28201,1,0,
Madrid,CCAA,2019,Mujeres,all_ages,24873.79,0,0,INE_EES_28201,1,0,
Madrid,CCAA,2020,Mujeres,all_ages,25900.29,0,0,INE_EES_28201,1,0,
Madrid,CCAA,2021,Mujeres,all_ages,26578.07,0,0,INE_EES_28201,1,0,
Madrid,CCAA,2022,Mujeres,all_ages,28123.47,0,0,INE_EES_28201,1,0,
Madrid,CCAA,2023,Mujeres,all_ages,29250.2,0,0,INE_EES_28201,1,0,
Madrid,CCAA,2010,Mujeres,lt_25,13308.35,0,0,INE_EES_28201,1,0,
Madrid,CCAA,2011,Mujeres,lt_25,11654.05,0,0,INE_EES_28201,1,0,
Madrid,CCAA,2012,Mujeres,lt_25,10589.08,0,1,INE_EES_28201,1,0,
Madrid,CCAA,2013,Mujeres,lt_25,10328.71,0,1,INE_EES_28201,1,0,
Madrid,CCAA,2014,Mujeres,lt_25,11147.03,0,1,INE_EES_28201,1,0,
Madrid,CCAA,2015,Mujeres,lt_25,10721.61,0,1,INE_EES_28201,1,0,
Madrid,CCAA,2016,Mujeres,lt_25,11223.87,0,1,INE_EES_28201,1,0,
Madrid,CCAA,2017,Mujeres,lt_25,10637.98,0,1,INE_EES_28201,1,0,
Madrid,CCAA,2018,Mujeres,lt_25,11413.85,0,1,INE_EES_28201,1,0,
Madrid,CCAA,2019,Mujeres,lt_25,11232.35,0,1,INE_EES_28201,1,0,
Madrid,CCAA,2020,Mujeres,lt_25,12574.74,0,1,INE_EES_28201,1,0,
Madrid,CCAA,2021,Mujeres,lt_25,12500.33,0,1,INE_EES_28201,1,0,
Madrid,CCAA,2022,Mujeres,lt_25,14607.54,0,1,INE_EES_28201,1,0,
Madrid,CCAA,2023,Mujeres,lt_25,14177.52,0,0,INE_EES_28201,1,0,
Madrid,CCAA,2010,Total,25_34,22716.12,0,0,INE_EES_28201,1,0,
Madrid,CCAA,2011,Total,25_34,21829.39,0,0,INE_EES_28201,1,0,
Madrid,CCAA,2012,Total,25_34,21765.98,0,0,INE_EES_28201,1,0,
Madrid,CCAA,2013,Total,25_34,21098.01,0,0,INE_EES_28201,1,0,
Madrid,CCAA,2014,Total,25_34,21556.97,0,0,INE_EES_28201,1,0,
Madrid,CCAA,2015,Total,25_34,20929.18,0,0,INE_EES_28201,1,0,
Madrid,CCAA,2016,Total,25_34,20553.33,0,0,INE_EES_28201,1,0,
Madrid,CCAA,2017,Total,25_34,21086.07,0,0,INE_EES_28201,1,0,
Madrid,CCAA,2018,Total,25_34,22122.57,0,0,INE_EES_28201,1,0,
Madrid,CCAA,2019,Total,25_34,22387.18,0,0,INE_EES_28201,1,0,
Madrid,CCAA,2020,Total,25_34,23021.84,0,0,INE_EES_28201,1,0,
Madrid,CCAA,2021,Total,25_34,24520.92,0,0,INE_EES_28201,1,0,
Madrid,CCAA,2022,Total,25_34,26411.63,0,0,INE_EES_28201,1,0,
Madrid,CCAA,2023,Total,25_34,26619.63,0,0,INE_EES_28201,1,0,
Madrid,CCAA,2010,Total,35_44,27878.45,0,0,INE_EES_28201,1,0,
Madrid,CCAA,2011,Total,35_44,27698.41,0,0,INE_EES_28201,1,0,
Madrid,CCAA,2012,Total,35_44,27365.8,0,0,INE_EES_28201,1,0,
Madrid,CCAA,2013,Total,35_44,27567.24,0,0,INE_EES_28201,1,0,
Madrid,CCAA,2014,Total,35_44,28583.22,0,0,INE_EES_28201,1,0,
Madrid,CCAA,2015,Total,35_44,27549.2,0,0,INE_EES_28201,1,0,
Madrid,CCAA,2016,Total,35_44,27318.88,0,0,INE_EES_28201,1,0,
Madrid,CCAA,2017,Total,35_44,27649.66,0,0,INE_EES_28201,1,0,
Madrid,CCAA,2018,Total,35_44,28078.74,0,0,INE_EES_28201,1,0,
Madrid,CCAA,2019,Total,35_44,28792.11,0,0,INE_EES_28201,1,0,
Madrid,CCAA,2020,Total,35_44,29561.42,0,0,INE_EES_28201,1,0,
Madrid,CCAA,2021,Total,35_44,30258.72,0,0,INE_EES_28201,1,0,
Madrid,CCAA,2022,Total,35_44,32051.9,0,0,INE_EES_28201,1,0,
Madrid,CCAA,2023,Total,35_44,33396.66,0,0,INE_EES_28201,1,0,
Madrid,CCAA,2010,Total,45_54,29520.73,0,0,INE_EES_28201,1,0,
Madrid,CCAA,2011,Total,45_54,29265.88,0,0,INE_EES_28201,1,0,
Madrid,CCAA,2012,Total,45_54,28949.75,0,0,INE_EES_28201,1,0,
Madrid,CCAA,2013,Total,45_54,29233.24,0,0,INE_EES_28201,1,0,
Madrid,CCAA,2014,Total,45_54,29286.64,0,0,INE_EES_28201,1,0,
Madrid,CCAA,2015,Total,45_54,29485.14,0,0,INE_EES_28201,1,0,
Madrid,CCAA,2016,Total,45_54,29475.68,0,0,INE_EES_28201,1,0,
Madrid,CCAA,2017,Total,45_54,30571.82,0,0,INE_EES_28201,1,0,
Madrid,CCAA,2018,Total,45_54,30467.32,0,0,INE_EES_28201,1,0,
Madrid,CCAA,2019,Total,45_54,31317.49,0,0,INE_EES_28201,1,0,
Madrid,CCAA,2020,Total,45_54,31873.96,0,0,INE_EES_28201,1,0,
Madrid,CCAA,2021,Total,45_54,32461.49,0,0,INE_EES_28201,1,0,
Madrid,CCAA,2022,Total,45_54,34254.62,0,0,INE_EES_28201,1,0,
Madrid,CCAA,2023,Total,45_54,36178.58,0,0,INE_EES_28201,1,0,
Madrid,CCAA,2010,Total,55_plus,27776.75,0,0,INE_EES_28201,1,0,
Madrid,CCAA,2011,Total,55_plus,27921.77,0,0,INE_EES_28201,1,0,
Madrid,CCAA,2012,Total,55_plus,27678.07,0,0,INE_EES_28201,1,0,
Madrid,CCAA,2013,Total,55_plus,28067.62,0,0,INE_EES_28201,1,0,
Madrid,CCAA,2014,Total,55_plus,29454.46,0,0,INE_EES_28201,1,0,
Madrid,CCAA,2015,Total,55_plus,29112.45,0,0,INE_EES_28201,1,0,
Madrid,CCAA,2016,Total,55_plus,28099.49,0,0,INE_EES_28201,1,0,
Madrid,CCAA,2017,Total,55_plus,29302.0,0,0,INE_EES_28201,1,0,
Madrid,CCAA,2018,Total,55_plus,28731.89,0,0,INE_EES_28201,1,0,
Madrid,CCAA,2019,Total,55_plus,30082.13,0,0,INE_EES_28201,1,0,
Madrid,CCAA,2020,Total,55_plus,31040.25,0,0,INE_EES_28201,1,0,
Madrid,CCAA,2021,Total,55_plus,30976.63,0,0,INE_EES_28201,1,0,
Madrid,CCAA,2022,Total,55_plus,33119.8,0,0,INE_EES_28201,1,0,
Madrid,CCAA,2023,Total,55_plus,34021.98,0,0,INE_EES_28201,1,0,
Madrid,CCAA,2010,Total,all_ages,25988.95,0,0,INE_EES_28201,1,0,
Madrid,CCAA,2011,Total,all_ages,25845.2,0,0,INE_EES_28201,1,0,
Madrid,CCAA,2012,Total,all_ages,26044.39,0,0,INE_EES_28201,1,0,
Madrid,CCAA,2013,Total,all_ages,26215.36,0,0,INE_EES_28201,1,0,
Madrid,CCAA,2014,Total,all_ages,26570.35,0,0,INE_EES_28201,1,0,
Madrid,CCAA,2015,Total,all_ages,26448.04,0,0,INE_EES_28201,1,0,
Madrid,CCAA,2016,Total,all_ages,26330.14,0,0,INE_EES_28201,1,0,
Madrid,CCAA,2017,Total,all_ages,27089.12,0,0,INE_EES_28201,1,0,
Madrid,CCAA,2018,Total,all_ages,27010.93,0,0,INE_EES_28201,1,0,
Madrid,CCAA,2019,Total,all_ages,27817.76,0,0,INE_EES_28201,1,0,
Madrid,CCAA,2020,Total,all_ages,28829.06,0,0,INE_EES_28201,1,0,
Madrid,CCAA,2021,Total,all_ages,29512.58,0,0,INE_EES_28201,1,0,
Madrid,CCAA,2022,Total,all_ages,31230.73,0,0,INE_EES_28201,1,0,
Madrid,CCAA,2023,Total,all_ages,32219.6,0,0,INE_EES_28201,1,0,
Madrid,CCAA,2010,Total,lt_25,13988.13,0,0,INE_EES_28201,1,0,
Madrid,CCAA,2011,Total,lt_25,12424.68,0,0,INE_EES_28201,1,0,
Madrid,CCAA,2012,Total,lt_25,11586.16,0,0,INE_EES_28201,1,0,
Madrid,CCAA,2013,Total,lt_25,11317.49,0,0,INE_EES_28201,1,0,
Madrid,CCAA,2014,Total,lt_25,11958.12,0,0,INE_EES_28201,1,0,
Madrid,CCAA,2015,Total,lt_25,11663.75,0,0,INE_EES_28201,1,0,
Madrid,CCAA,2016,Total,lt_25,12828.02,0,0,INE_EES_28201,1,0,
Madrid,CCAA,2017,Total,lt_25,12218.2,0,0,INE_EES_28201,1,0,
Madrid,CCAA,2018,Total,lt_25,12387.68,0,0,INE_EES_28201,1,0,
Madrid,CCAA,2019,Total,lt_25,12232.11,0,0,INE_EES_28201,1,0,
Madrid,CCAA,2020,Total,lt_25,13693.98,0,0,INE_EES_28201,1,0,
Madrid,CCAA,2021,Total,lt_25,13167.96,0,0,INE_EES_28201,1,0,
Madrid,CCAA,2022,Total,lt_25,15581.9,0,0,INE_EES_28201,1,0,
Madrid,CCAA,2023,Total,lt_25,15622.16,0,0,INE_EES_28201,1,0,
Murcia,CCAA,2010,Hombres,25_34,19802.1,0,0,INE_EES_28201,1,0,
Murcia,CCAA,2011,Hombres,25_34,19084.68,0,0,INE_EES_28201,1,0,
Murcia,CCAA,2012,Hombres,25_34,18488.47,0,0,INE_EES_28201,1,0,
Murcia,CCAA,2013,Hombres,25_34,18863.36,0,0,INE_EES_28201,1,0,
Murcia,CCAA,2014,Hombres,25_34,18826.99,0,0,INE_EES_28201,1,0,
Murcia,CCAA,2015,Hombres,25_34,18171.51,0,0,INE_EES_28201,1,0,
Murcia,CCAA,2016,Hombres,25_34,16766.22,0,0,INE_EES_28201,1,0,
Murcia,CCAA,2017,Hombres,25_34,17994.85,0,0,INE_EES_28201,1,0,
Murcia,CCAA,2018,Hombres,25_34,18019.78,0,0,INE_EES_28201,1,0,
Murcia,CCAA,2019,Hombres,25_34,18845.29,0,0,INE_EES_28201,1,0,
Murcia,CCAA,2020,Hombres,25_34,19438.39,0,0,INE_EES_28201,1,0,
Murcia,CCAA,2021,Hombres,25_34,20000.44,0,0,INE_EES_28201,1,0,
Murcia,CCAA,2022,Hombres,25_34,19341.36,0,0,INE_EES_28201,1,0,
Murcia,CCAA,2023,Hombres,25_34,22345.39,0,0,INE_EES_28201,1,0,
Murcia,CCAA,2010,Hombres,35_44,24309.43,0,0,INE_EES_28201,1,0,
Murcia,CCAA,2011,Hombres,35_44,23816.29,0,0,INE_EES_28201,1,0,
Murcia,CCAA,2012,Hombres,35_44,24011.66,0,0,INE_EES_28201,1,0,
Murcia,CCAA,2013,Hombres,35_44,22853.94,0,0,INE_EES_28201,1,0,
Murcia,CCAA,2014,Hombres,35_44,23208.23,0,0,INE_EES_28201,1,0,
Murcia,CCAA,2015,Hombres,35_44,24175.09,0,0,INE_EES_28201,1,0,
Murcia,CCAA,2016,Hombres,35_44,23607.19,0,0,INE_EES_28201,1,0,
Murcia,CCAA,2017,Hombres,35_44,23959.53,0,0,INE_EES_28201,1,0,
Murcia,CCAA,2018,Hombres,35_44,24520.82,0,0,INE_EES_28201,1,0,
Murcia,CCAA,2019,Hombres,35_44,23864.02,0,0,INE_EES_28201,1,0,
Murcia,CCAA,2020,Hombres,35_44,24103.35,0,0,INE_EES_28201,1,0,
Murcia,CCAA,2021,Hombres,35_44,25462.67,0,0,INE_EES_28201,1,0,
Murcia,CCAA,2022,Hombres,35_44,27875.44,0,0,INE_EES_28201,1,0,
Murcia,CCAA,2023,Hombres,35_44,27267.5,0,0,INE_EES_28201,1,0,
Murcia,CCAA,2010,Hombres,45_54,28111.66,0,0,INE_EES_28201,1,0,
Murcia,CCAA,2011,Hombres,45_54,28039.99,0,0,INE_EES_28201,1,0,
Murcia,CCAA,2012,Hombres,45_54,27300.57,0,0,INE_EES_28201,1,0,
Murcia,CCAA,2013,Hombres,45_54,25885.55,0,0,INE_EES_28201,1,0,
Murcia,CCAA,2014,Hombres,45_54,26335.38,0,0,INE_EES_28201,1,0,
Murcia,CCAA,2015,Hombres,45_54,25756.55,0,0,INE_EES_28201,1,0,
Murcia,CCAA,2016,Hombres,45_54,27188.56,0,0,INE_EES_28201,1,0,
Murcia,CCAA,2017,Hombres,45_54,26430.23,0,0,INE_EES_28201,1,0,
Murcia,CCAA,2018,Hombres,45_54,25624.7,0,0,INE_EES_28201,1,0,
Murcia,CCAA,2019,Hombres,45_54,27085.84,0,0,INE_EES_28201,1,0,
Murcia,CCAA,2020,Hombres,45_54,28059.77,0,0,INE_EES_28201,1,0,
Murcia,CCAA,2021,Hombres,45_54,27100.91,0,0,INE_EES_28201,1,0,
Murcia,CCAA,2022,Hombres,45_54,28173.08,0,0,INE_EES_28201,1,0,
Murcia,CCAA,2023,Hombres,45_54,30745.95,0,0,INE_EES_28201,1,0,
Murcia,CCAA,2010,Hombres,55_plus,26829.38,0,1,INE_EES_28201,1,0,
Murcia,CCAA,2011,Hombres,55_plus,26925.1,0,0,INE_EES_28201,1,0,
Murcia,CCAA,2012,Hombres,55_plus,26612.63,0,0,INE_EES_28201,1,0,
Murcia,CCAA,2013,Hombres,55_plus,28781.12,0,0,INE_EES_28201,1,0,
Murcia,CCAA,2014,Hombres,55_plus,30224.25,0,0,INE_EES_28201,1,0,
Murcia,CCAA,2015,Hombres,55_plus,28127.91,0,0,INE_EES_28201,1,0,
Murcia,CCAA,2016,Hombres,55_plus,29459.17,0,0,INE_EES_28201,1,0,
Murcia,CCAA,2017,Hombres,55_plus,28161.45,0,0,INE_EES_28201,1,0,
Murcia,CCAA,2018,Hombres,55_plus,28079.27,0,0,INE_EES_28201,1,0,
Murcia,CCAA,2019,Hombres,55_plus,28493.12,0,0,INE_EES_28201,1,0,
Murcia,CCAA,2020,Hombres,55_plus,29218.3,0,0,INE_EES_28201,1,0,
Murcia,CCAA,2021,Hombres,55_plus,30286.89,0,0,INE_EES_28201,1,0,
Murcia,CCAA,2022,Hombres,55_plus,31512.82,0,0,INE_EES_28201,1,0,
Murcia,CCAA,2023,Hombres,55_plus,30973.87,0,0,INE_EES_28201,1,0,
Murcia,CCAA,2010,Hombres,all_ages,23482.48,0,0,INE_EES_28201,1,0,
Murcia,CCAA,2011,Hombres,all_ages,23460.47,0,0,INE_EES_28201,1,0,
Murcia,CCAA,2012,Hombres,all_ages,23487.03,0,0,INE_EES_28201,1,0,
Murcia,CCAA,2013,Hombres,all_ages,23428.23,0,0,INE_EES_28201,1,0,
Murcia,CCAA,2014,Hombres,all_ages,23419.03,0,0,INE_EES_28201,1,0,
Murcia,CCAA,2015,Hombres,all_ages,23773.09,0,0,INE_EES_28201,1,0,
Murcia,CCAA,2016,Hombres,all_ages,23947.99,0,0,INE_EES_28201,1,0,
Murcia,CCAA,2017,Hombres,all_ages,24009.22,0,0,INE_EES_28201,1,0,
Murcia,CCAA,2018,Hombres,all_ages,23670.24,0,0,INE_EES_28201,1,0,
Murcia,CCAA,2019,Hombres,all_ages,24289.41,0,0,INE_EES_28201,1,0,
Murcia,CCAA,2020,Hombres,all_ages,25227.26,0,0,INE_EES_28201,1,0,
Murcia,CCAA,2021,Hombres,all_ages,25674.66,0,0,INE_EES_28201,1,0,
Murcia,CCAA,2022,Hombres,all_ages,26240.66,0,0,INE_EES_28201,1,0,
Murcia,CCAA,2023,Hombres,all_ages,27799.19,0,0,INE_EES_28201,1,0,
Murcia,CCAA,2010,Hombres,lt_25,13805.98,0,1,INE_EES_28201,1,0,
Murcia,CCAA,2011,Hombres,lt_25,13119.02,0,1,INE_EES_28201,1,0,
Murcia,CCAA,2012,Hombres,lt_25,12033.44,0,1,INE_EES_28201,1,0,
Murcia,CCAA,2013,Hombres,lt_25,12901.78,0,1,INE_EES_28201,1,0,
Murcia,CCAA,2014,Hombres,lt_25,11214.9,0,1,INE_EES_28201,1,0,
Murcia,CCAA,2015,Hombres,lt_25,10994.263333333332,1,0,INE_EES_28201,0,1,linear_interpolation
Murcia,CCAA,2016,Hombres,lt_25,10773.626666666667,1,0,INE_EES_28201,0,1,linear_interpolation
Murcia,CCAA,2017,Hombres,lt_25,10552.99,0,1,INE_EES_28201,1,0,
Murcia,CCAA,2018,Hombres,lt_25,12397.04,0,1,INE_EES_28201,1,0,
Murcia,CCAA,2019,Hombres,lt_25,12716.23,0,1,INE_EES_28201,1,0,
Murcia,CCAA,2020,Hombres,lt_25,13573.15,0,1,INE_EES_28201,1,0,
Murcia,CCAA,2021,Hombres,lt_25,13920.83,0,1,INE_EES_28201,1,0,
Murcia,CCAA,2022,Hombres,lt_25,13214.09,0,1,INE_EES_28201,1,0,
Murcia,CCAA,2023,Hombres,lt_25,17003.88,0,1,INE_EES_28201,1,0,
Murcia,CCAA,2010,Mujeres,25_34,16763.23,0,0,INE_EES_28201,1,0,
Murcia,CCAA,2011,Mujeres,25_34,15749.18,0,0,INE_EES_28201,1,0,
Murcia,CCAA,2012,Mujeres,25_34,15510.14,0,0,INE_EES_28201,1,0,
Murcia,CCAA,2013,Mujeres,25_34,14575.76,0,0,INE_EES_28201,1,0,
Murcia,CCAA,2014,Mujeres,25_34,15742.21,0,0,INE_EES_28201,1,0,
Murcia,CCAA,2015,Mujeres,25_34,13838.92,0,0,INE_EES_28201,1,0,
Murcia,CCAA,2016,Mujeres,25_34,13653.01,0,0,INE_EES_28201,1,0,
Murcia,CCAA,2017,Mujeres,25_34,14413.82,0,0,INE_EES_28201,1,0,
Murcia,CCAA,2018,Mujeres,25_34,14403.61,0,0,INE_EES_28201,1,0,
Murcia,CCAA,2019,Mujeres,25_34,15144.26,0,0,INE_EES_28201,1,0,
Murcia,CCAA,2020,Mujeres,25_34,15848.37,0,0,INE_EES_28201,1,0,
Murcia,CCAA,2021,Mujeres,25_34,16014.34,0,0,INE_EES_28201,1,0,
Murcia,CCAA,2022,Mujeres,25_34,16057.12,0,0,INE_EES_28201,1,0,
Murcia,CCAA,2023,Mujeres,25_34,18746.6,0,0,INE_EES_28201,1,0,
Murcia,CCAA,2010,Mujeres,35_44,18298.5,0,0,INE_EES_28201,1,0,
Murcia,CCAA,2011,Mujeres,35_44,18586.17,0,0,INE_EES_28201,1,0,
Murcia,CCAA,2012,Mujeres,35_44,17351.82,0,0,INE_EES_28201,1,0,
Murcia,CCAA,2013,Mujeres,35_44,16003.57,0,0,INE_EES_28201,1,0,
Murcia,CCAA,2014,Mujeres,35_44,17574.65,0,0,INE_EES_28201,1,0,
Murcia,CCAA,2015,Mujeres,35_44,17966.53,0,0,INE_EES_28201,1,0,
Murcia,CCAA,2016,Mujeres,35_44,18362.96,0,0,INE_EES_28201,1,0,
Murcia,CCAA,2017,Mujeres,35_44,17593.4,0,0,INE_EES_28201,1,0,
Murcia,CCAA,2018,Mujeres,35_44,19008.96,0,0,INE_EES_28201,1,0,
Murcia,CCAA,2019,Mujeres,35_44,19876.96,0,0,INE_EES_28201,1,0,
Murcia,CCAA,2020,Mujeres,35_44,20432.51,0,0,INE_EES_28201,1,0,
Murcia,CCAA,2021,Mujeres,35_44,20945.12,0,0,INE_EES_28201,1,0,
Murcia,CCAA,2022,Mujeres,35_44,22887.54,0,0,INE_EES_28201,1,0,
Murcia,CCAA,2023,Mujeres,35_44,23015.04,0,0,INE_EES_28201,1,0,
Murcia,CCAA,2010,Mujeres,45_54,20168.91,0,0,INE_EES_28201,1,0,
Murcia,CCAA,2011,Mujeres,45_54,20878.1,0,0,INE_EES_28201,1,0,
Murcia,CCAA,2012,Mujeres,45_54,19206.83,0,0,INE_EES_28201,1,0,
Murcia,CCAA,2013,Mujeres,45_54,19078.11,0,0,INE_EES_28201,1,0,
Murcia,CCAA,2014,Mujeres,45_54,18876.56,0,0,INE_EES_28201,1,0,
Murcia,CCAA,2015,Mujeres,45_54,19001.4,0,0,INE_EES_28201,1,0,
Murcia,CCAA,2016,Mujeres,45_54,19143.55,0,0,INE_EES_28201,1,0,
Murcia,CCAA,2017,Mujeres,45_54,18617.77,0,0,INE_EES_28201,1,0,
Murcia,CCAA,2018,Mujeres,45_54,20765.64,0,0,INE_EES_28201,1,0,
Murcia,CCAA,2019,Mujeres,45_54,20486.53,0,0,INE_EES_28201,1,0,
Murcia,CCAA,2020,Mujeres,45_54,21320.91,0,0,INE_EES_28201,1,0,
Murcia,CCAA,2021,Mujeres,45_54,21387.78,0,0,INE_EES_28201,1,0,
Murcia,CCAA,2022,Mujeres,45_54,21383.98,0,0,INE_EES_28201,1,0,
Murcia,CCAA,2023,Mujeres,45_54,23828.49,0,0,INE_EES_28201,1,0,
Murcia,CCAA,2010,Mujeres,55_plus,19514.11,0,1,INE_EES_28201,1,0,
Murcia,CCAA,2011,Mujeres,55_plus,21472.59,0,1,INE_EES_28201,1,0,
Murcia,CCAA,2012,Mujeres,55_plus,21260.85,0,1,INE_EES_28201,1,0,
Murcia,CCAA,2013,Mujeres,55_plus,21031.51,0,1,INE_EES_28201,1,0,
Murcia,CCAA,2014,Mujeres,55_plus,20485.8,0,1,INE_EES_28201,1,0,
Murcia,CCAA,2015,Mujeres,55_plus,21449.14,0,1,INE_EES_28201,1,0,
Murcia,CCAA,2016,Mujeres,55_plus,22314.77,0,1,INE_EES_28201,1,0,
Murcia,CCAA,2017,Mujeres,55_plus,23190.38,0,1,INE_EES_28201,1,0,
Murcia,CCAA,2018,Mujeres,55_plus,21677.37,0,1,INE_EES_28201,1,0,
Murcia,CCAA,2019,Mujeres,55_plus,24436.11,0,1,INE_EES_28201,1,0,
Murcia,CCAA,2020,Mujeres,55_plus,23722.45,0,0,INE_EES_28201,1,0,
Murcia,CCAA,2021,Mujeres,55_plus,22774.36,0,0,INE_EES_28201,1,0,
Murcia,CCAA,2022,Mujeres,55_plus,25754.73,0,0,INE_EES_28201,1,0,
Murcia,CCAA,2023,Mujeres,55_plus,25588.09,0,0,INE_EES_28201,1,0,
Murcia,CCAA,2010,Mujeres,all_ages,17838.28,0,0,INE_EES_28201,1,0,
Murcia,CCAA,2011,Mujeres,all_ages,18053.61,0,0,INE_EES_28201,1,0,
Murcia,CCAA,2012,Mujeres,all_ages,17457.52,0,0,INE_EES_28201,1,0,
Murcia,CCAA,2013,Mujeres,all_ages,16957.29,0,0,INE_EES_28201,1,0,
Murcia,CCAA,2014,Mujeres,all_ages,17500.99,0,0,INE_EES_28201,1,0,
Murcia,CCAA,2015,Mujeres,all_ages,17540.27,0,0,INE_EES_28201,1,0,
Murcia,CCAA,2016,Mujeres,all_ages,18033.05,0,0,INE_EES_28201,1,0,
Murcia,CCAA,2017,Mujeres,all_ages,18048.37,0,0,INE_EES_28201,1,0,
Murcia,CCAA,2018,Mujeres,all_ages,18598.64,0,0,INE_EES_28201,1,0,
Murcia,CCAA,2019,Mujeres,all_ages,19431.25,0,0,INE_EES_28201,1,0,
Murcia,CCAA,2020,Mujeres,all_ages,20007.14,0,0,INE_EES_28201,1,0,
Murcia,CCAA,2021,Mujeres,all_ages,20189.83,0,0,INE_EES_28201,1,0,
Murcia,CCAA,2022,Mujeres,all_ages,20956.37,0,0,INE_EES_28201,1,0,
Murcia,CCAA,2023,Mujeres,all_ages,22474.77,0,0,INE_EES_28201,1,0,
Murcia,CCAA,2010,Mujeres,lt_25,11490.19,0,1,INE_EES_28201,1,0,
Murcia,CCAA,2011,Mujeres,lt_25,10272.22,0,1,INE_EES_28201,1,0,
Murcia,CCAA,2012,Mujeres,lt_25,9503.323302912797,1,0,INE_EES_28201,0,1,national_growth_forward
Murcia,CCAA,2013,Mujeres,lt_25,8882.709173031477,1,0,INE_EES_28201,0,1,national_growth_forward
Murcia,CCAA,2014,Mujeres,lt_25,9883.135126969826,1,0,INE_EES_28201,0,1,national_growth_forward
Murcia,CCAA,2015,Mujeres,lt_25,9133.828703797995,1,0,INE_EES_28201,0,1,national_growth_forward
Murcia,CCAA,2016,Mujeres,lt_25,9089.36021894951,1,0,INE_EES_28201,0,1,national_growth_forward
Murcia,CCAA,2017,Mujeres,lt_25,9515.633083832725,1,0,INE_EES_28201,0,1,national_growth_forward
Murcia,CCAA,2018,Mujeres,lt_25,10284.491462535741,1,0,INE_EES_28201,0,1,national_growth_forward
Murcia,CCAA,2019,Mujeres,lt_25,10107.39,0,1,INE_EES_28201,1,0,
Murcia,CCAA,2020,Mujeres,lt_25,10069.945,1,0,INE_EES_28201,0,1,linear_interpolation
Murcia,CCAA,2021,Mujeres,lt_25,10032.5,0,1,INE_EES_28201,1,0,
Murcia,CCAA,2022,Mujeres,lt_25,10597.45,0,1,INE_EES_28201,1,0,
Murcia,CCAA,2023,Mujeres,lt_25,10951.14,0,1,INE_EES_28201,1,0,
Murcia,CCAA,2010,Total,25_34,18323.02,0,0,INE_EES_28201,1,0,
Murcia,CCAA,2011,Total,25_34,17447.14,0,0,INE_EES_28201,1,0,
Murcia,CCAA,2012,Total,25_34,16879.53,0,0,INE_EES_28201,1,0,
Murcia,CCAA,2013,Total,25_34,16659.77,0,0,INE_EES_28201,1,0,
Murcia,CCAA,2014,Total,25_34,17282.66,0,0,INE_EES_28201,1,0,
Murcia,CCAA,2015,Total,25_34,16076.98,0,0,INE_EES_28201,1,0,
Murcia,CCAA,2016,Total,25_34,15359.34,0,0,INE_EES_28201,1,0,
Murcia,CCAA,2017,Total,25_34,16315.32,0,0,INE_EES_28201,1,0,
Murcia,CCAA,2018,Total,25_34,16334.9,0,0,INE_EES_28201,1,0,
Murcia,CCAA,2019,Total,25_34,17001.94,0,0,INE_EES_28201,1,0,
Murcia,CCAA,2020,Total,25_34,17612.17,0,0,INE_EES_28201,1,0,
Murcia,CCAA,2021,Total,25_34,18143.98,0,0,INE_EES_28201,1,0,
Murcia,CCAA,2022,Total,25_34,17822.7,0,0,INE_EES_28201,1,0,
Murcia,CCAA,2023,Total,25_34,20691.77,0,0,INE_EES_28201,1,0,
Murcia,CCAA,2010,Total,35_44,21562.54,0,0,INE_EES_28201,1,0,
Murcia,CCAA,2011,Total,35_44,21615.05,0,0,INE_EES_28201,1,0,
Murcia,CCAA,2012,Total,35_44,21337.88,0,0,INE_EES_28201,1,0,
Murcia,CCAA,2013,Total,35_44,19821.46,0,0,INE_EES_28201,1,0,
Murcia,CCAA,2014,Total,35_44,20665.43,0,0,INE_EES_28201,1,0,
Murcia,CCAA,2015,Total,35_44,21167.1,0,0,INE_EES_28201,1,0,
Murcia,CCAA,2016,Total,35_44,21152.91,0,0,INE_EES_28201,1,0,
Murcia,CCAA,2017,Total,35_44,20953.43,0,0,INE_EES_28201,1,0,
Murcia,CCAA,2018,Total,35_44,22140.22,0,0,INE_EES_28201,1,0,
Murcia,CCAA,2019,Total,35_44,22082.65,0,0,INE_EES_28201,1,0,
Murcia,CCAA,2020,Total,35_44,22480.55,0,0,INE_EES_28201,1,0,
Murcia,CCAA,2021,Total,35_44,23395.41,0,0,INE_EES_28201,1,0,
Murcia,CCAA,2022,Total,35_44,25528.15,0,0,INE_EES_28201,1,0,
Murcia,CCAA,2023,Total,35_44,25298.76,0,0,INE_EES_28201,1,0,
Murcia,CCAA,2010,Total,45_54,24527.62,0,0,INE_EES_28201,1,0,
Murcia,CCAA,2011,Total,45_54,24964.73,0,0,INE_EES_28201,1,0,
Murcia,CCAA,2012,Total,45_54,23482.53,0,0,INE_EES_28201,1,0,
Murcia,CCAA,2013,Total,45_54,22826.17,0,0,INE_EES_28201,1,0,
Murcia,CCAA,2014,Total,45_54,23085.31,0,0,INE_EES_28201,1,0,
Murcia,CCAA,2015,Total,45_54,22978.53,0,0,INE_EES_28201,1,0,
Murcia,CCAA,2016,Total,45_54,23717.53,0,0,INE_EES_28201,1,0,
Murcia,CCAA,2017,Total,45_54,22909.85,0,0,INE_EES_28201,1,0,
Murcia,CCAA,2018,Total,45_54,23720.77,0,0,INE_EES_28201,1,0,
Murcia,CCAA,2019,Total,45_54,24220.61,0,0,INE_EES_28201,1,0,
Murcia,CCAA,2020,Total,45_54,25270.33,0,0,INE_EES_28201,1,0,
Murcia,CCAA,2021,Total,45_54,24768.12,0,0,INE_EES_28201,1,0,
Murcia,CCAA,2022,Total,45_54,25320.78,0,0,INE_EES_28201,1,0,
Murcia,CCAA,2023,Total,45_54,27542.71,0,0,INE_EES_28201,1,0,
Murcia,CCAA,2010,Total,55_plus,23786.68,0,0,INE_EES_28201,1,0,
Murcia,CCAA,2011,Total,55_plus,24837.99,0,0,INE_EES_28201,1,0,
Murcia,CCAA,2012,Total,55_plus,24261.15,0,0,INE_EES_28201,1,0,
Murcia,CCAA,2013,Total,55_plus,25390.43,0,0,INE_EES_28201,1,0,
Murcia,CCAA,2014,Total,55_plus,25812.5,0,0,INE_EES_28201,1,0,
Murcia,CCAA,2015,Total,55_plus,25232.81,0,0,INE_EES_28201,1,0,
Murcia,CCAA,2016,Total,55_plus,26042.32,0,0,INE_EES_28201,1,0,
Murcia,CCAA,2017,Total,55_plus,26042.53,0,0,INE_EES_28201,1,0,
Murcia,CCAA,2018,Total,55_plus,25217.53,0,0,INE_EES_28201,1,0,
Murcia,CCAA,2019,Total,55_plus,26806.5,0,0,INE_EES_28201,1,0,
Murcia,CCAA,2020,Total,55_plus,26907.46,0,0,INE_EES_28201,1,0,
Murcia,CCAA,2021,Total,55_plus,27105.42,0,0,INE_EES_28201,1,0,
Murcia,CCAA,2022,Total,55_plus,28850.65,0,0,INE_EES_28201,1,0,
Murcia,CCAA,2023,Total,55_plus,28483.9,0,0,INE_EES_28201,1,0,
Murcia,CCAA,2010,Total,all_ages,20863.37,0,0,INE_EES_28201,1,0,
Murcia,CCAA,2011,Total,all_ages,21077.49,0,0,INE_EES_28201,1,0,
Murcia,CCAA,2012,Total,all_ages,20682.01,0,0,INE_EES_28201,1,0,
Murcia,CCAA,2013,Total,all_ages,20449.83,0,0,INE_EES_28201,1,0,
Murcia,CCAA,2014,Total,all_ages,20717.07,0,0,INE_EES_28201,1,0,
Murcia,CCAA,2015,Total,all_ages,20928.98,0,0,INE_EES_28201,1,0,
Murcia,CCAA,2016,Total,all_ages,21242.5,0,0,INE_EES_28201,1,0,
Murcia,CCAA,2017,Total,all_ages,21309.22,0,0,INE_EES_28201,1,0,
Murcia,CCAA,2018,Total,all_ages,21510.59,0,0,INE_EES_28201,1,0,
Murcia,CCAA,2019,Total,all_ages,22123.99,0,0,INE_EES_28201,1,0,
Murcia,CCAA,2020,Total,all_ages,22919.62,0,0,INE_EES_28201,1,0,
Murcia,CCAA,2021,Total,all_ages,23281.39,0,0,INE_EES_28201,1,0,
Murcia,CCAA,2022,Total,all_ages,23851.69,0,0,INE_EES_28201,1,0,
Murcia,CCAA,2023,Total,all_ages,25329.87,0,0,INE_EES_28201,1,0,
Murcia,CCAA,2010,Total,lt_25,12638.81,0,1,INE_EES_28201,1,0,
Murcia,CCAA,2011,Total,lt_25,11799.4,0,1,INE_EES_28201,1,0,
Murcia,CCAA,2012,Total,lt_25,10795.2,0,1,INE_EES_28201,1,0,
Murcia,CCAA,2013,Total,lt_25,11494.52,0,1,INE_EES_28201,1,0,
Murcia,CCAA,2014,Total,lt_25,10137.84,0,1,INE_EES_28201,1,0,
Murcia,CCAA,2015,Total,lt_25,10295.57,0,1,INE_EES_28201,1,0,
Murcia,CCAA,2016,Total,lt_25,9739.1,0,1,INE_EES_28201,1,0,
Murcia,CCAA,2017,Total,lt_25,9572.53,0,1,INE_EES_28201,1,0,
Murcia,CCAA,2018,Total,lt_25,10917.37,0,1,INE_EES_28201,1,0,
Murcia,CCAA,2019,Total,lt_25,11634.32,0,1,INE_EES_28201,1,0,
Murcia,CCAA,2020,Total,lt_25,12314.35,0,1,INE_EES_28201,1,0,
Murcia,CCAA,2021,Total,lt_25,12308.13,0,1,INE_EES_28201,1,0,
Murcia,CCAA,2022,Total,lt_25,11989.6,0,1,INE_EES_28201,1,0,
Murcia,CCAA,2023,Total,lt_25,14019.97,0,1,INE_EES_28201,1,0,
Navarra,CCAA,2010,Hombres,25_34,24226.16,0,0,INE_EES_28201,1,0,
Navarra,CCAA,2011,Hombres,25_34,23932.5,0,0,INE_EES_28201,1,0,
Navarra,CCAA,2012,Hombres,25_34,24396.55,0,0,INE_EES_28201,1,0,
Navarra,CCAA,2013,Hombres,25_34,23259.26,0,0,INE_EES_28201,1,0,
Navarra,CCAA,2014,Hombres,25_34,24124.73,0,0,INE_EES_28201,1,0,
Navarra,CCAA,2015,Hombres,25_34,22966.82,0,0,INE_EES_28201,1,0,
Navarra,CCAA,2016,Hombres,25_34,23399.83,0,0,INE_EES_28201,1,0,
Navarra,CCAA,2017,Hombres,25_34,22951.28,0,0,INE_EES_28201,1,0,
Navarra,CCAA,2018,Hombres,25_34,24926.41,0,0,INE_EES_28201,1,0,
Navarra,CCAA,2019,Hombres,25_34,24103.46,0,0,INE_EES_28201,1,0,
Navarra,CCAA,2020,Hombres,25_34,24946.93,0,0,INE_EES_28201,1,0,
Navarra,CCAA,2021,Hombres,25_34,25805.27,0,0,INE_EES_28201,1,0,
Navarra,CCAA,2022,Hombres,25_34,26064.64,0,0,INE_EES_28201,1,0,
Navarra,CCAA,2023,Hombres,25_34,28029.62,0,0,INE_EES_28201,1,0,
Navarra,CCAA,2010,Hombres,35_44,29137.45,0,0,INE_EES_28201,1,0,
Navarra,CCAA,2011,Hombres,35_44,29076.72,0,0,INE_EES_28201,1,0,
Navarra,CCAA,2012,Hombres,35_44,28682.37,0,0,INE_EES_28201,1,0,
Navarra,CCAA,2013,Hombres,35_44,29551.24,0,0,INE_EES_28201,1,0,
Navarra,CCAA,2014,Hombres,35_44,29239.09,0,0,INE_EES_28201,1,0,
Navarra,CCAA,2015,Hombres,35_44,28658.99,0,0,INE_EES_28201,1,0,
Navarra,CCAA,2016,Hombres,35_44,29202.88,0,0,INE_EES_28201,1,0,
Navarra,CCAA,2017,Hombres,35_44,30077.56,0,0,INE_EES_28201,1,0,
Navarra,CCAA,2018,Hombres,35_44,30538.94,0,0,INE_EES_28201,1,0,
Navarra,CCAA,2019,Hombres,35_44,31073.1,0,0,INE_EES_28201,1,0,
Navarra,CCAA,2020,Hombres,35_44,31141.5,0,0,INE_EES_28201,1,0,
Navarra,CCAA,2021,Hombres,35_44,31397.05,0,0,INE_EES_28201,1,0,
Navarra,CCAA,2022,Hombres,35_44,31734.49,0,0,INE_EES_28201,1,0,
Navarra,CCAA,2023,Hombres,35_44,34942.61,0,0,INE_EES_28201,1,0,
Navarra,CCAA,2010,Hombres,45_54,30362.32,0,0,INE_EES_28201,1,0,
Navarra,CCAA,2011,Hombres,45_54,32262.74,0,0,INE_EES_28201,1,0,
Navarra,CCAA,2012,Hombres,45_54,30903.07,0,0,INE_EES_28201,1,0,
Navarra,CCAA,2013,Hombres,45_54,31037.13,0,0,INE_EES_28201,1,0,
Navarra,CCAA,2014,Hombres,45_54,31319.65,0,0,INE_EES_28201,1,0,
Navarra,CCAA,2015,Hombres,45_54,32129.55,0,0,INE_EES_28201,1,0,
Navarra,CCAA,2016,Hombres,45_54,32366.13,0,0,INE_EES_28201,1,0,
Navarra,CCAA,2017,Hombres,45_54,33314.82,0,0,INE_EES_28201,1,0,
Navarra,CCAA,2018,Hombres,45_54,32652.7,0,0,INE_EES_28201,1,0,
Navarra,CCAA,2019,Hombres,45_54,34147.94,0,0,INE_EES_28201,1,0,
Navarra,CCAA,2020,Hombres,45_54,35442.17,0,0,INE_EES_28201,1,0,
Navarra,CCAA,2021,Hombres,45_54,35275.72,0,0,INE_EES_28201,1,0,
Navarra,CCAA,2022,Hombres,45_54,36500.3,0,0,INE_EES_28201,1,0,
Navarra,CCAA,2023,Hombres,45_54,38332.8,0,0,INE_EES_28201,1,0,
Navarra,CCAA,2010,Hombres,55_plus,24877.71,0,0,INE_EES_28201,1,0,
Navarra,CCAA,2011,Hombres,55_plus,25944.57,0,0,INE_EES_28201,1,0,
Navarra,CCAA,2012,Hombres,55_plus,25351.5,0,0,INE_EES_28201,1,0,
Navarra,CCAA,2013,Hombres,55_plus,25351.89,0,0,INE_EES_28201,1,0,
Navarra,CCAA,2014,Hombres,55_plus,30866.55,0,0,INE_EES_28201,1,0,
Navarra,CCAA,2015,Hombres,55_plus,30229.77,0,0,INE_EES_28201,1,0,
Navarra,CCAA,2016,Hombres,55_plus,31134.6,0,0,INE_EES_28201,1,0,
Navarra,CCAA,2017,Hombres,55_plus,31323.38,0,0,INE_EES_28201,1,0,
Navarra,CCAA,2018,Hombres,55_plus,30351.27,0,0,INE_EES_28201,1,0,
Navarra,CCAA,2019,Hombres,55_plus,32623.47,0,0,INE_EES_28201,1,0,
Navarra,CCAA,2020,Hombres,55_plus,32380.2,0,0,INE_EES_28201,1,0,
Navarra,CCAA,2021,Hombres,55_plus,33725.74,0,0,INE_EES_28201,1,0,
Navarra,CCAA,2022,Hombres,55_plus,32757.97,0,0,INE_EES_28201,1,0,
Navarra,CCAA,2023,Hombres,55_plus,36124.34,0,0,INE_EES_28201,1,0,
Navarra,CCAA,2010,Hombres,all_ages,26982.49,0,0,INE_EES_28201,1,0,
Navarra,CCAA,2011,Hombres,all_ages,27834.48,0,0,INE_EES_28201,1,0,
Navarra,CCAA,2012,Hombres,all_ages,27632.8,0,0,INE_EES_28201,1,0,
Navarra,CCAA,2013,Hombres,all_ages,27848.15,0,0,INE_EES_28201,1,0,
Navarra,CCAA,2014,Hombres,all_ages,28659.74,0,0,INE_EES_28201,1,0,
Navarra,CCAA,2015,Hombres,all_ages,28727.37,0,0,INE_EES_28201,1,0,
Navarra,CCAA,2016,Hombres,all_ages,29098.99,0,0,INE_EES_28201,1,0,
Navarra,CCAA,2017,Hombres,all_ages,29699.1,0,0,INE_EES_28201,1,0,
Navarra,CCAA,2018,Hombres,all_ages,29546.12,0,0,INE_EES_28201,1,0,
Navarra,CCAA,2019,Hombres,all_ages,30564.9,0,0,INE_EES_28201,1,0,
Navarra,CCAA,2020,Hombres,all_ages,31317.91,0,0,INE_EES_28201,1,0,
Navarra,CCAA,2021,Hombres,all_ages,31643.22,0,0,INE_EES_28201,1,0,
Navarra,CCAA,2022,Hombres,all_ages,31959.85,0,0,INE_EES_28201,1,0,
Navarra,CCAA,2023,Hombres,all_ages,34623.18,0,0,INE_EES_28201,1,0,
Navarra,CCAA,2010,Hombres,lt_25,17141.85,0,1,INE_EES_28201,1,0,
Navarra,CCAA,2011,Hombres,lt_25,17844.21,0,1,INE_EES_28201,1,0,
Navarra,CCAA,2012,Hombres,lt_25,17504.309999999998,1,0,INE_EES_28201,0,1,linear_interpolation
Navarra,CCAA,2013,Hombres,lt_25,17164.41,1,0,INE_EES_28201,0,1,linear_interpolation
Navarra,CCAA,2014,Hombres,lt_25,16824.51,0,1,INE_EES_28201,1,0,
Navarra,CCAA,2015,Hombres,lt_25,15488.47,1,0,INE_EES_28201,0,1,linear_interpolation
Navarra,CCAA,2016,Hombres,lt_25,14152.43,0,1,INE_EES_28201,1,0,
Navarra,CCAA,2017,Hombres,lt_25,14653.72,0,1,INE_EES_28201,1,0,
Navarra,CCAA,2018,Hombres,lt_25,14166.26,0,1,INE_EES_28201,1,0,
Navarra,CCAA,2019,Hombres,lt_25,15883.67,0,1,INE_EES_28201,1,0,
Navarra,CCAA,2020,Hombres,lt_25,15015.18,0,1,INE_EES_28201,1,0,
Navarra,CCAA,2021,Hombres,lt_25,15301.0,0,1,INE_EES_28201,1,0,
Navarra,CCAA,2022,Hombres,lt_25,21677.21,0,1,INE_EES_28201,1,0,
Navarra,CCAA,2023,Hombres,lt_25,18548.87,0,1,INE_EES_28201,1,0,
Navarra,CCAA,2010,Mujeres,25_34,19956.59,0,0,INE_EES_28201,1,0,
Navarra,CCAA,2011,Mujeres,25_34,19100.71,0,0,INE_EES_28201,1,0,
Navarra,CCAA,2012,Mujeres,25_34,17961.09,0,0,INE_EES_28201,1,0,
Navarra,CCAA,2013,Mujeres,25_34,16890.39,0,0,INE_EES_28201,1,0,
Navarra,CCAA,2014,Mujeres,25_34,19015.27,0,0,INE_EES_28201,1,0,
Navarra,CCAA,2015,Mujeres,25_34,17823.86,0,0,INE_EES_28201,1,0,
Navarra,CCAA,2016,Mujeres,25_34,17886.62,0,0,INE_EES_28201,1,0,
Navarra,CCAA,2017,Mujeres,25_34,19065.64,0,1,INE_EES_28201,1,0,
Navarra,CCAA,2018,Mujeres,25_34,19276.76,0,1,INE_EES_28201,1,0,
Navarra,CCAA,2019,Mujeres,25_34,20918.77,0,1,INE_EES_28201,1,0,
Navarra,CCAA,2020,Mujeres,25_34,21201.09,0,1,INE_EES_28201,1,0,
Navarra,CCAA,2021,Mujeres,25_34,21609.74,0,1,INE_EES_28201,1,0,
Navarra,CCAA,2022,Mujeres,25_34,25208.38,0,0,INE_EES_28201,1,0,
Navarra,CCAA,2023,Mujeres,25_34,26290.62,0,1,INE_EES_28201,1,0,
Navarra,CCAA,2010,Mujeres,35_44,20801.18,0,0,INE_EES_28201,1,0,
Navarra,CCAA,2011,Mujeres,35_44,20420.09,0,0,INE_EES_28201,1,0,
Navarra,CCAA,2012,Mujeres,35_44,19803.34,0,0,INE_EES_28201,1,0,
Navarra,CCAA,2013,Mujeres,35_44,20264.87,0,0,INE_EES_28201,1,0,
Navarra,CCAA,2014,Mujeres,35_44,21356.21,0,0,INE_EES_28201,1,0,
Navarra,CCAA,2015,Mujeres,35_44,21327.41,0,0,INE_EES_28201,1,0,
Navarra,CCAA,2016,Mujeres,35_44,22662.58,0,0,INE_EES_28201,1,0,
Navarra,CCAA,2017,Mujeres,35_44,22506.46,0,0,INE_EES_28201,1,0,
Navarra,CCAA,2018,Mujeres,35_44,23099.5,0,0,INE_EES_28201,1,0,
Navarra,CCAA,2019,Mujeres,35_44,24647.65,0,0,INE_EES_28201,1,0,
Navarra,CCAA,2020,Mujeres,35_44,24100.31,0,0,INE_EES_28201,1,0,
Navarra,CCAA,2021,Mujeres,35_44,25177.97,0,0,INE_EES_28201,1,0,
Navarra,CCAA,2022,Mujeres,35_44,26637.69,0,0,INE_EES_28201,1,0,
Navarra,CCAA,2023,Mujeres,35_44,26269.32,0,0,INE_EES_28201,1,0,
Navarra,CCAA,2010,Mujeres,45_54,22002.3,0,0,INE_EES_28201,1,0,
Navarra,CCAA,2011,Mujeres,45_54,20891.87,0,0,INE_EES_28201,1,0,
Navarra,CCAA,2012,Mujeres,45_54,20980.55,0,0,INE_EES_28201,1,0,
Navarra,CCAA,2013,Mujeres,45_54,20996.16,0,0,INE_EES_28201,1,0,
Navarra,CCAA,2014,Mujeres,45_54,20846.77,0,0,INE_EES_28201,1,0,
Navarra,CCAA,2015,Mujeres,45_54,21787.09,0,0,INE_EES_28201,1,0,
Navarra,CCAA,2016,Mujeres,45_54,22594.93,0,0,INE_EES_28201,1,0,
Navarra,CCAA,2017,Mujeres,45_54,23411.5,0,0,INE_EES_28201,1,0,
Navarra,CCAA,2018,Mujeres,45_54,24015.19,0,0,INE_EES_28201,1,0,
Navarra,CCAA,2019,Mujeres,45_54,25632.25,0,0,INE_EES_28201,1,0,
Navarra,CCAA,2020,Mujeres,45_54,25354.36,0,0,INE_EES_28201,1,0,
Navarra,CCAA,2021,Mujeres,45_54,26204.41,0,0,INE_EES_28201,1,0,
Navarra,CCAA,2022,Mujeres,45_54,26207.78,0,0,INE_EES_28201,1,0,
Navarra,CCAA,2023,Mujeres,45_54,29207.18,0,0,INE_EES_28201,1,0,
Navarra,CCAA,2010,Mujeres,55_plus,18715.52,0,1,INE_EES_28201,1,0,
Navarra,CCAA,2011,Mujeres,55_plus,20681.83,0,1,INE_EES_28201,1,0,
Navarra,CCAA,2012,Mujeres,55_plus,20957.57,0,1,INE_EES_28201,1,0,
Navarra,CCAA,2013,Mujeres,55_plus,20113.37,0,1,INE_EES_28201,1,0,
Navarra,CCAA,2014,Mujeres,55_plus,19660.23,0,1,INE_EES_28201,1,0,
Navarra,CCAA,2015,Mujeres,55_plus,21382.53,0,1,INE_EES_28201,1,0,
Navarra,CCAA,2016,Mujeres,55_plus,20083.53,0,0,INE_EES_28201,1,0,
Navarra,CCAA,2017,Mujeres,55_plus,22502.03,0,1,INE_EES_28201,1,0,
Navarra,CCAA,2018,Mujeres,55_plus,25450.58,0,1,INE_EES_28201,1,0,
Navarra,CCAA,2019,Mujeres,55_plus,24963.88,0,0,INE_EES_28201,1,0,
Navarra,CCAA,2020,Mujeres,55_plus,25394.48,0,0,INE_EES_28201,1,0,
Navarra,CCAA,2021,Mujeres,55_plus,26565.43,0,0,INE_EES_28201,1,0,
Navarra,CCAA,2022,Mujeres,55_plus,27495.84,0,0,INE_EES_28201,1,0,
Navarra,CCAA,2023,Mujeres,55_plus,29117.85,0,0,INE_EES_28201,1,0,
Navarra,CCAA,2010,Mujeres,all_ages,19927.15,0,0,INE_EES_28201,1,0,
Navarra,CCAA,2011,Mujeres,all_ages,19977.24,0,0,INE_EES_28201,1,0,
Navarra,CCAA,2012,Mujeres,all_ages,19462.13,0,0,INE_EES_28201,1,0,
Navarra,CCAA,2013,Mujeres,all_ages,19364.43,0,0,INE_EES_28201,1,0,
Navarra,CCAA,2014,Mujeres,all_ages,20163.1,0,0,INE_EES_28201,1,0,
Navarra,CCAA,2015,Mujeres,all_ages,20563.08,0,0,INE_EES_28201,1,0,
Navarra,CCAA,2016,Mujeres,all_ages,20946.0,0,0,INE_EES_28201,1,0,
Navarra,CCAA,2017,Mujeres,all_ages,21898.57,0,0,INE_EES_28201,1,0,
Navarra,CCAA,2018,Mujeres,all_ages,22697.59,0,0,INE_EES_28201,1,0,
Navarra,CCAA,2019,Mujeres,all_ages,23728.82,0,0,INE_EES_28201,1,0,
Navarra,CCAA,2020,Mujeres,all_ages,24047.13,0,0,INE_EES_28201,1,0,
Navarra,CCAA,2021,Mujeres,all_ages,24809.14,0,0,INE_EES_28201,1,0,
Navarra,CCAA,2022,Mujeres,all_ages,26033.3,0,0,INE_EES_28201,1,0,
Navarra,CCAA,2023,Mujeres,all_ages,27461.86,0,0,INE_EES_28201,1,0,
Navarra,CCAA,2010,Mujeres,lt_25,11973.53,0,1,INE_EES_28201,1,0,
Navarra,CCAA,2011,Mujeres,lt_25,10958.89162351419,1,0,INE_EES_28201,0,1,national_growth_forward
Navarra,CCAA,2012,Mujeres,lt_25,10138.59614959943,1,0,INE_EES_28201,0,1,national_growth_forward
Navarra,CCAA,2013,Mujeres,lt_25,9476.49555309829,1,0,INE_EES_28201,0,1,national_growth_forward
Navarra,CCAA,2014,Mujeres,lt_25,10543.797422271766,1,0,INE_EES_28201,0,1,national_growth_forward
Navarra,CCAA,2015,Mujeres,lt_25,9744.40178195807,1,0,INE_EES_28201,0,1,national_growth_forward
Navarra,CCAA,2016,Mujeres,lt_25,9696.960692678787,1,0,INE_EES_28201,0,1,national_growth_forward
Navarra,CCAA,2017,Mujeres,lt_25,10151.728807876869,1,0,INE_EES_28201,0,1,national_growth_forward
Navarra,CCAA,2018,Mujeres,lt_25,10971.983401921503,1,0,INE_EES_28201,0,1,national_growth_forward
Navarra,CCAA,2019,Mujeres,lt_25,11342.18,0,1,INE_EES_28201,1,0,
Navarra,CCAA,2020,Mujeres,lt_25,12384.69,1,0,INE_EES_28201,0,1,linear_interpolation
Navarra,CCAA,2021,Mujeres,lt_25,13427.199999999999,1,0,INE_EES_28201,0,1,linear_interpolation
Navarra,CCAA,2022,Mujeres,lt_25,14469.71,0,1,INE_EES_28201,1,0,
Navarra,CCAA,2023,Mujeres,lt_25,14772.6,0,1,INE_EES_28201,1,0,
Navarra,CCAA,2010,Total,25_34,22206.9,0,0,INE_EES_28201,1,0,
Navarra,CCAA,2011,Total,25_34,21677.04,0,0,INE_EES_28201,1,0,
Navarra,CCAA,2012,Total,25_34,21071.44,0,0,INE_EES_28201,1,0,
Navarra,CCAA,2013,Total,25_34,20088.1,0,0,INE_EES_28201,1,0,
Navarra,CCAA,2014,Total,25_34,21516.54,0,0,INE_EES_28201,1,0,
Navarra,CCAA,2015,Total,25_34,20457.99,0,0,INE_EES_28201,1,0,
Navarra,CCAA,2016,Total,25_34,20848.1,0,0,INE_EES_28201,1,0,
Navarra,CCAA,2017,Total,25_34,21250.0,0,0,INE_EES_28201,1,0,
Navarra,CCAA,2018,Total,25_34,22211.18,0,0,INE_EES_28201,1,0,
Navarra,CCAA,2019,Total,25_34,22705.03,0,0,INE_EES_28201,1,0,
Navarra,CCAA,2020,Total,25_34,23235.86,0,0,INE_EES_28201,1,0,
Navarra,CCAA,2021,Total,25_34,23725.88,0,0,INE_EES_28201,1,0,
Navarra,CCAA,2022,Total,25_34,25694.78,0,0,INE_EES_28201,1,0,
Navarra,CCAA,2023,Total,25_34,27163.92,0,0,INE_EES_28201,1,0,
Navarra,CCAA,2010,Total,35_44,25424.12,0,0,INE_EES_28201,1,0,
Navarra,CCAA,2011,Total,35_44,25353.51,0,0,INE_EES_28201,1,0,
Navarra,CCAA,2012,Total,35_44,24702.54,0,0,INE_EES_28201,1,0,
Navarra,CCAA,2013,Total,35_44,25162.29,0,0,INE_EES_28201,1,0,
Navarra,CCAA,2014,Total,35_44,25455.26,0,0,INE_EES_28201,1,0,
Navarra,CCAA,2015,Total,35_44,25126.08,0,0,INE_EES_28201,1,0,
Navarra,CCAA,2016,Total,35_44,26333.28,0,0,INE_EES_28201,1,0,
Navarra,CCAA,2017,Total,35_44,26956.39,0,0,INE_EES_28201,1,0,
Navarra,CCAA,2018,Total,35_44,27144.42,0,0,INE_EES_28201,1,0,
Navarra,CCAA,2019,Total,35_44,28252.18,0,0,INE_EES_28201,1,0,
Navarra,CCAA,2020,Total,35_44,28002.26,0,0,INE_EES_28201,1,0,
Navarra,CCAA,2021,Total,35_44,28642.26,0,0,INE_EES_28201,1,0,
Navarra,CCAA,2022,Total,35_44,29406.56,0,0,INE_EES_28201,1,0,
Navarra,CCAA,2023,Total,35_44,30815.89,0,0,INE_EES_28201,1,0,
Navarra,CCAA,2010,Total,45_54,26749.99,0,0,INE_EES_28201,1,0,
Navarra,CCAA,2011,Total,45_54,27226.79,0,0,INE_EES_28201,1,0,
Navarra,CCAA,2012,Total,45_54,26323.5,0,0,INE_EES_28201,1,0,
Navarra,CCAA,2013,Total,45_54,26544.18,0,0,INE_EES_28201,1,0,
Navarra,CCAA,2014,Total,45_54,26720.0,0,0,INE_EES_28201,1,0,
Navarra,CCAA,2015,Total,45_54,27286.62,0,0,INE_EES_28201,1,0,
Navarra,CCAA,2016,Total,45_54,28026.72,0,0,INE_EES_28201,1,0,
Navarra,CCAA,2017,Total,45_54,28872.22,0,0,INE_EES_28201,1,0,
Navarra,CCAA,2018,Total,45_54,28690.71,0,0,INE_EES_28201,1,0,
Navarra,CCAA,2019,Total,45_54,30353.69,0,0,INE_EES_28201,1,0,
Navarra,CCAA,2020,Total,45_54,30692.86,0,0,INE_EES_28201,1,0,
Navarra,CCAA,2021,Total,45_54,31059.64,0,0,INE_EES_28201,1,0,
Navarra,CCAA,2022,Total,45_54,31362.85,0,0,INE_EES_28201,1,0,
Navarra,CCAA,2023,Total,45_54,33963.75,0,0,INE_EES_28201,1,0,
Navarra,CCAA,2010,Total,55_plus,22662.6,0,0,INE_EES_28201,1,0,
Navarra,CCAA,2011,Total,55_plus,23888.29,0,0,INE_EES_28201,1,0,
Navarra,CCAA,2012,Total,55_plus,23417.49,0,0,INE_EES_28201,1,0,
Navarra,CCAA,2013,Total,55_plus,22954.45,0,0,INE_EES_28201,1,0,
Navarra,CCAA,2014,Total,55_plus,26068.89,0,0,INE_EES_28201,1,0,
Navarra,CCAA,2015,Total,55_plus,26210.43,0,0,INE_EES_28201,1,0,
Navarra,CCAA,2016,Total,55_plus,26103.4,0,0,INE_EES_28201,1,0,
Navarra,CCAA,2017,Total,55_plus,27454.76,0,0,INE_EES_28201,1,0,
Navarra,CCAA,2018,Total,55_plus,28036.44,0,0,INE_EES_28201,1,0,
Navarra,CCAA,2019,Total,55_plus,29065.57,0,0,INE_EES_28201,1,0,
Navarra,CCAA,2020,Total,55_plus,29161.17,0,0,INE_EES_28201,1,0,
Navarra,CCAA,2021,Total,55_plus,30212.94,0,0,INE_EES_28201,1,0,
Navarra,CCAA,2022,Total,55_plus,30264.96,0,0,INE_EES_28201,1,0,
Navarra,CCAA,2023,Total,55_plus,32837.91,0,0,INE_EES_28201,1,0,
Navarra,CCAA,2010,Total,all_ages,23824.88,0,0,INE_EES_28201,1,0,
Navarra,CCAA,2011,Total,all_ages,24384.92,0,0,INE_EES_28201,1,0,
Navarra,CCAA,2012,Total,all_ages,23784.38,0,0,INE_EES_28201,1,0,
Navarra,CCAA,2013,Total,all_ages,23836.93,0,0,INE_EES_28201,1,0,
Navarra,CCAA,2014,Total,all_ages,24700.78,0,0,INE_EES_28201,1,0,
Navarra,CCAA,2015,Total,all_ages,24863.98,0,0,INE_EES_28201,1,0,
Navarra,CCAA,2016,Total,all_ages,25468.38,0,0,INE_EES_28201,1,0,
Navarra,CCAA,2017,Total,all_ages,26329.79,0,0,INE_EES_28201,1,0,
Navarra,CCAA,2018,Total,all_ages,26364.75,0,0,INE_EES_28201,1,0,
Navarra,CCAA,2019,Total,all_ages,27493.93,0,0,INE_EES_28201,1,0,
Navarra,CCAA,2020,Total,all_ages,27995.96,0,0,INE_EES_28201,1,0,
Navarra,CCAA,2021,Total,all_ages,28459.37,0,0,INE_EES_28201,1,0,
Navarra,CCAA,2022,Total,all_ages,29189.52,0,0,INE_EES_28201,1,0,
Navarra,CCAA,2023,Total,all_ages,31199.66,0,0,INE_EES_28201,1,0,
Navarra,CCAA,2010,Total,lt_25,14141.19,0,1,INE_EES_28201,1,0,
Navarra,CCAA,2011,Total,lt_25,15644.17,0,1,INE_EES_28201,1,0,
Navarra,CCAA,2012,Total,lt_25,13598.34,0,1,INE_EES_28201,1,0,
Navarra,CCAA,2013,Total,lt_25,12086.31,0,1,INE_EES_28201,1,0,
Navarra,CCAA,2014,Total,lt_25,14604.65,0,1,INE_EES_28201,1,0,
Navarra,CCAA,2015,Total,lt_25,13550.62,0,1,INE_EES_28201,1,0,
Navarra,CCAA,2016,Total,lt_25,12114.35,0,1,INE_EES_28201,1,0,
Navarra,CCAA,2017,Total,lt_25,12475.06,0,1,INE_EES_28201,1,0,
Navarra,CCAA,2018,Total,lt_25,13567.95,0,1,INE_EES_28201,1,0,
Navarra,CCAA,2019,Total,lt_25,13615.78,0,1,INE_EES_28201,1,0,
Navarra,CCAA,2020,Total,lt_25,13231.34,0,1,INE_EES_28201,1,0,
Navarra,CCAA,2021,Total,lt_25,13831.44,0,1,INE_EES_28201,1,0,
Navarra,CCAA,2022,Total,lt_25,18876.71,0,1,INE_EES_28201,1,0,
Navarra,CCAA,2023,Total,lt_25,16813.28,0,1,INE_EES_28201,1,0,
País Vasco,CCAA,2010,Hombres,25_34,24963.12,0,0,INE_EES_28201,1,0,
País Vasco,CCAA,2011,Hombres,25_34,25390.89,0,0,INE_EES_28201,1,0,
País Vasco,CCAA,2012,Hombres,25_34,25491.85,0,0,INE_EES_28201,1,0,
País Vasco,CCAA,2013,Hombres,25_34,23771.72,0,0,INE_EES_28201,1,0,
País Vasco,CCAA,2014,Hombres,25_34,25146.9,0,0,INE_EES_28201,1,0,
País Vasco,CCAA,2015,Hombres,25_34,24805.65,0,0,INE_EES_28201,1,0,
País Vasco,CCAA,2016,Hombres,25_34,23835.97,0,0,INE_EES_28201,1,0,
País Vasco,CCAA,2017,Hombres,25_34,24405.89,0,0,INE_EES_28201,1,0,
País Vasco,CCAA,2018,Hombres,25_34,24678.99,0,0,INE_EES_28201,1,0,
País Vasco,CCAA,2019,Hombres,25_34,25309.68,0,0,INE_EES_28201,1,0,
País Vasco,CCAA,2020,Hombres,25_34,25804.45,0,0,INE_EES_28201,1,0,
País Vasco,CCAA,2021,Hombres,25_34,26241.76,0,0,INE_EES_28201,1,0,
País Vasco,CCAA,2022,Hombres,25_34,27340.37,0,0,INE_EES_28201,1,0,
País Vasco,CCAA,2023,Hombres,25_34,27897.83,0,0,INE_EES_28201,1,0,
País Vasco,CCAA,2010,Hombres,35_44,29918.84,0,0,INE_EES_28201,1,0,
País Vasco,CCAA,2011,Hombres,35_44,30582.54,0,0,INE_EES_28201,1,0,
País Vasco,CCAA,2012,Hombres,35_44,30725.94,0,0,INE_EES_28201,1,0,
País Vasco,CCAA,2013,Hombres,35_44,30697.73,0,0,INE_EES_28201,1,0,
País Vasco,CCAA,2014,Hombres,35_44,31514.55,0,0,INE_EES_28201,1,0,
País Vasco,CCAA,2015,Hombres,35_44,31395.59,0,0,INE_EES_28201,1,0,
País Vasco,CCAA,2016,Hombres,35_44,30993.76,0,0,INE_EES_28201,1,0,
País Vasco,CCAA,2017,Hombres,35_44,31569.47,0,0,INE_EES_28201,1,0,
País Vasco,CCAA,2018,Hombres,35_44,32269.51,0,0,INE_EES_28201,1,0,
País Vasco,CCAA,2019,Hombres,35_44,33273.44,0,0,INE_EES_28201,1,0,
País Vasco,CCAA,2020,Hombres,35_44,32059.17,0,0,INE_EES_28201,1,0,
País Vasco,CCAA,2021,Hombres,35_44,32455.01,0,0,INE_EES_28201,1,0,
País Vasco,CCAA,2022,Hombres,35_44,34075.58,0,0,INE_EES_28201,1,0,
País Vasco,CCAA,2023,Hombres,35_44,34459.27,0,0,INE_EES_28201,1,0,
País Vasco,CCAA,2010,Hombres,45_54,34669.77,0,0,INE_EES_28201,1,0,
País Vasco,CCAA,2011,Hombres,45_54,32991.72,0,0,INE_EES_28201,1,0,
País Vasco,CCAA,2012,Hombres,45_54,33567.69,0,0,INE_EES_28201,1,0,
País Vasco,CCAA,2013,Hombres,45_54,33381.74,0,0,INE_EES_28201,1,0,
País Vasco,CCAA,2014,Hombres,45_54,34813.37,0,0,INE_EES_28201,1,0,
País Vasco,CCAA,2015,Hombres,45_54,33668.89,0,0,INE_EES_28201,1,0,
País Vasco,CCAA,2016,Hombres,45_54,33672.87,0,0,INE_EES_28201,1,0,
País Vasco,CCAA,2017,Hombres,45_54,33749.23,0,0,INE_EES_28201,1,0,
País Vasco,CCAA,2018,Hombres,45_54,35058.63,0,0,INE_EES_28201,1,0,
País Vasco,CCAA,2019,Hombres,45_54,35577.08,0,0,INE_EES_28201,1,0,
País Vasco,CCAA,2020,Hombres,45_54,35682.42,0,0,INE_EES_28201,1,0,
País Vasco,CCAA,2021,Hombres,45_54,36817.22,0,0,INE_EES_28201,1,0,
País Vasco,CCAA,2022,Hombres,45_54,38890.84,0,0,INE_EES_28201,1,0,
País Vasco,CCAA,2023,Hombres,45_54,38666.34,0,0,INE_EES_28201,1,0,
País Vasco,CCAA,2010,Hombres,55_plus,30995.04,0,0,INE_EES_28201,1,0,
País Vasco,CCAA,2011,Hombres,55_plus,29686.86,0,0,INE_EES_28201,1,0,
País Vasco,CCAA,2012,Hombres,55_plus,29847.83,0,0,INE_EES_28201,1,0,
País Vasco,CCAA,2013,Hombres,55_plus,32377.38,0,0,INE_EES_28201,1,0,
País Vasco,CCAA,2014,Hombres,55_plus,32771.16,0,0,INE_EES_28201,1,0,
País Vasco,CCAA,2015,Hombres,55_plus,33424.23,0,0,INE_EES_28201,1,0,
País Vasco,CCAA,2016,Hombres,55_plus,33710.09,0,0,INE_EES_28201,1,0,
País Vasco,CCAA,2017,Hombres,55_plus,34564.43,0,0,INE_EES_28201,1,0,
País Vasco,CCAA,2018,Hombres,55_plus,34466.88,0,0,INE_EES_28201,1,0,
País Vasco,CCAA,2019,Hombres,55_plus,35233.24,0,0,INE_EES_28201,1,0,
País Vasco,CCAA,2020,Hombres,55_plus,36421.42,0,0,INE_EES_28201,1,0,
País Vasco,CCAA,2021,Hombres,55_plus,37133.42,0,0,INE_EES_28201,1,0,
País Vasco,CCAA,2022,Hombres,55_plus,39787.66,0,0,INE_EES_28201,1,0,
País Vasco,CCAA,2023,Hombres,55_plus,40514.34,0,0,INE_EES_28201,1,0,
País Vasco,CCAA,2010,Hombres,all_ages,29708.66,0,0,INE_EES_28201,1,0,
País Vasco,CCAA,2011,Hombres,all_ages,29492.66,0,0,INE_EES_28201,1,0,
País Vasco,CCAA,2012,Hombres,all_ages,30084.89,0,0,INE_EES_28201,1,0,
País Vasco,CCAA,2013,Hombres,all_ages,30312.55,0,0,INE_EES_28201,1,0,
País Vasco,CCAA,2014,Hombres,all_ages,31271.0,0,0,INE_EES_28201,1,0,
País Vasco,CCAA,2015,Hombres,all_ages,31088.99,0,0,INE_EES_28201,1,0,
País Vasco,CCAA,2016,Hombres,all_ages,31001.21,0,0,INE_EES_28201,1,0,
País Vasco,CCAA,2017,Hombres,all_ages,31618.97,0,0,INE_EES_28201,1,0,
País Vasco,CCAA,2018,Hombres,all_ages,31970.3,0,0,INE_EES_28201,1,0,
País Vasco,CCAA,2019,Hombres,all_ages,32529.17,0,0,INE_EES_28201,1,0,
País Vasco,CCAA,2020,Hombres,all_ages,33040.1,0,0,INE_EES_28201,1,0,
País Vasco,CCAA,2021,Hombres,all_ages,33706.34,0,0,INE_EES_28201,1,0,
País Vasco,CCAA,2022,Hombres,all_ages,35095.67,0,0,INE_EES_28201,1,0,
País Vasco,CCAA,2023,Hombres,all_ages,35600.45,0,0,INE_EES_28201,1,0,
País Vasco,CCAA,2010,Hombres,lt_25,17638.23,0,1,INE_EES_28201,1,0,
País Vasco,CCAA,2011,Hombres,lt_25,16773.87,0,1,INE_EES_28201,1,0,
País Vasco,CCAA,2012,Hombres,lt_25,14747.59,0,1,INE_EES_28201,1,0,
País Vasco,CCAA,2013,Hombres,lt_25,14897.31,0,1,INE_EES_28201,1,0,
País Vasco,CCAA,2014,Hombres,lt_25,15866.85,0,1,INE_EES_28201,1,0,
País Vasco,CCAA,2015,Hombres,lt_25,14940.63,0,1,INE_EES_28201,1,0,
País Vasco,CCAA,2016,Hombres,lt_25,15417.645,1,0,INE_EES_28201,0,1,linear_interpolation
País Vasco,CCAA,2017,Hombres,lt_25,15894.66,0,1,INE_EES_28201,1,0,
País Vasco,CCAA,2018,Hombres,lt_25,15723.16,0,1,INE_EES_28201,1,0,
País Vasco,CCAA,2019,Hombres,lt_25,13423.67,0,1,INE_EES_28201,1,0,
País Vasco,CCAA,2020,Hombres,lt_25,15560.88,0,1,INE_EES_28201,1,0,
País Vasco,CCAA,2021,Hombres,lt_25,16477.29,0,1,INE_EES_28201,1,0,
País Vasco,CCAA,2022,Hombres,lt_25,18494.19,0,1,INE_EES_28201,1,0,
País Vasco,CCAA,2023,Hombres,lt_25,19359.2,0,1,INE_EES_28201,1,0,
País Vasco,CCAA,2010,Mujeres,25_34,20550.03,0,0,INE_EES_28201,1,0,
País Vasco,CCAA,2011,Mujeres,25_34,20071.17,0,0,INE_EES_28201,1,0,
País Vasco,CCAA,2012,Mujeres,25_34,19645.69,0,0,INE_EES_28201,1,0,
País Vasco,CCAA,2013,Mujeres,25_34,20362.46,0,0,INE_EES_28201,1,0,
País Vasco,CCAA,2014,Mujeres,25_34,20665.79,0,0,INE_EES_28201,1,0,
País Vasco,CCAA,2015,Mujeres,25_34,19993.47,0,0,INE_EES_28201,1,0,
País Vasco,CCAA,2016,Mujeres,25_34,19863.22,0,0,INE_EES_28201,1,0,
País Vasco,CCAA,2017,Mujeres,25_34,19546.51,0,0,INE_EES_28201,1,0,
País Vasco,CCAA,2018,Mujeres,25_34,19924.54,0,0,INE_EES_28201,1,0,
País Vasco,CCAA,2019,Mujeres,25_34,20620.36,0,0,INE_EES_28201,1,0,
País Vasco,CCAA,2020,Mujeres,25_34,22090.38,0,0,INE_EES_28201,1,0,
País Vasco,CCAA,2021,Mujeres,25_34,22516.6,0,0,INE_EES_28201,1,0,
País Vasco,CCAA,2022,Mujeres,25_34,24212.85,0,0,INE_EES_28201,1,0,
País Vasco,CCAA,2023,Mujeres,25_34,24845.53,0,0,INE_EES_28201,1,0,
País Vasco,CCAA,2010,Mujeres,35_44,22720.57,0,0,INE_EES_28201,1,0,
País Vasco,CCAA,2011,Mujeres,35_44,22529.06,0,0,INE_EES_28201,1,0,
País Vasco,CCAA,2012,Mujeres,35_44,21956.78,0,0,INE_EES_28201,1,0,
País Vasco,CCAA,2013,Mujeres,35_44,22401.89,0,0,INE_EES_28201,1,0,
País Vasco,CCAA,2014,Mujeres,35_44,23146.07,0,0,INE_EES_28201,1,0,
País Vasco,CCAA,2015,Mujeres,35_44,23623.18,0,0,INE_EES_28201,1,0,
País Vasco,CCAA,2016,Mujeres,35_44,23765.2,0,0,INE_EES_28201,1,0,
País Vasco,CCAA,2017,Mujeres,35_44,24096.09,0,0,INE_EES_28201,1,0,
País Vasco,CCAA,2018,Mujeres,35_44,24042.03,0,0,INE_EES_28201,1,0,
País Vasco,CCAA,2019,Mujeres,35_44,25749.86,0,0,INE_EES_28201,1,0,
País Vasco,CCAA,2020,Mujeres,35_44,26054.18,0,0,INE_EES_28201,1,0,
País Vasco,CCAA,2021,Mujeres,35_44,26715.69,0,0,INE_EES_28201,1,0,
País Vasco,CCAA,2022,Mujeres,35_44,28658.46,0,0,INE_EES_28201,1,0,
País Vasco,CCAA,2023,Mujeres,35_44,30145.12,0,0,INE_EES_28201,1,0,
País Vasco,CCAA,2010,Mujeres,45_54,25338.67,0,0,INE_EES_28201,1,0,
País Vasco,CCAA,2011,Mujeres,45_54,24575.78,0,0,INE_EES_28201,1,0,
País Vasco,CCAA,2012,Mujeres,45_54,24519.87,0,0,INE_EES_28201,1,0,
País Vasco,CCAA,2013,Mujeres,45_54,24387.93,0,0,INE_EES_28201,1,0,
País Vasco,CCAA,2014,Mujeres,45_54,25777.62,0,0,INE_EES_28201,1,0,
País Vasco,CCAA,2015,Mujeres,45_54,24712.0,0,0,INE_EES_28201,1,0,
País Vasco,CCAA,2016,Mujeres,45_54,24660.16,0,0,INE_EES_28201,1,0,
País Vasco,CCAA,2017,Mujeres,45_54,25708.8,0,0,INE_EES_28201,1,0,
País Vasco,CCAA,2018,Mujeres,45_54,26782.12,0,0,INE_EES_28201,1,0,
País Vasco,CCAA,2019,Mujeres,45_54,27816.72,0,0,INE_EES_28201,1,0,
País Vasco,CCAA,2020,Mujeres,45_54,28633.1,0,0,INE_EES_28201,1,0,
País Vasco,CCAA,2021,Mujeres,45_54,29431.6,0,0,INE_EES_28201,1,0,
País Vasco,CCAA,2022,Mujeres,45_54,30726.6,0,0,INE_EES_28201,1,0,
País Vasco,CCAA,2023,Mujeres,45_54,32588.26,0,0,INE_EES_28201,1,0,
País Vasco,CCAA,2010,Mujeres,55_plus,25007.14,0,0,INE_EES_28201,1,0,
País Vasco,CCAA,2011,Mujeres,55_plus,25505.73,0,0,INE_EES_28201,1,0,
País Vasco,CCAA,2012,Mujeres,55_plus,24855.59,0,0,INE_EES_28201,1,0,
País Vasco,CCAA,2013,Mujeres,55_plus,24623.99,0,0,INE_EES_28201,1,0,
País Vasco,CCAA,2014,Mujeres,55_plus,26420.48,0,0,INE_EES_28201,1,0,
País Vasco,CCAA,2015,Mujeres,55_plus,26318.64,0,0,INE_EES_28201,1,0,
País Vasco,CCAA,2016,Mujeres,55_plus,25167.41,0,0,INE_EES_28201,1,0,
País Vasco,CCAA,2017,Mujeres,55_plus,26316.75,0,0,INE_EES_28201,1,0,
País Vasco,CCAA,2018,Mujeres,55_plus,28714.39,0,0,INE_EES_28201,1,0,
País Vasco,CCAA,2019,Mujeres,55_plus,29995.02,0,0,INE_EES_28201,1,0,
País Vasco,CCAA,2020,Mujeres,55_plus,30637.04,0,0,INE_EES_28201,1,0,
País Vasco,CCAA,2021,Mujeres,55_plus,31433.73,0,0,INE_EES_28201,1,0,
País Vasco,CCAA,2022,Mujeres,55_plus,32565.55,0,0,INE_EES_28201,1,0,
País Vasco,CCAA,2023,Mujeres,55_plus,34772.91,0,0,INE_EES_28201,1,0,
País Vasco,CCAA,2010,Mujeres,all_ages,22706.1,0,0,INE_EES_28201,1,0,
País Vasco,CCAA,2011,Mujeres,all_ages,22449.59,0,0,INE_EES_28201,1,0,
País Vasco,CCAA,2012,Mujeres,all_ages,22313.41,0,0,INE_EES_28201,1,0,
País Vasco,CCAA,2013,Mujeres,all_ages,22687.39,0,0,INE_EES_28201,1,0,
País Vasco,CCAA,2014,Mujeres,all_ages,23781.55,0,0,INE_EES_28201,1,0,
País Vasco,CCAA,2015,Mujeres,all_ages,23537.06,0,0,INE_EES_28201,1,0,
País Vasco,CCAA,2016,Mujeres,all_ages,23428.18,0,0,INE_EES_28201,1,0,
País Vasco,CCAA,2017,Mujeres,all_ages,24165.97,0,0,INE_EES_28201,1,0,
País Vasco,CCAA,2018,Mujeres,all_ages,24757.18,0,0,INE_EES_28201,1,0,
País Vasco,CCAA,2019,Mujeres,all_ages,26197.62,0,0,INE_EES_28201,1,0,
País Vasco,CCAA,2020,Mujeres,all_ages,27125.9,0,0,INE_EES_28201,1,0,
País Vasco,CCAA,2021,Mujeres,all_ages,28084.16,0,0,INE_EES_28201,1,0,
País Vasco,CCAA,2022,Mujeres,all_ages,29314.69,0,0,INE_EES_28201,1,0,
País Vasco,CCAA,2023,Mujeres,all_ages,31038.84,0,0,INE_EES_28201,1,0,
País Vasco,CCAA,2010,Mujeres,lt_25,13690.94,0,1,INE_EES_28201,1,0,
País Vasco,CCAA,2011,Mujeres,lt_25,11232.5,0,1,INE_EES_28201,1,0,
País Vasco,CCAA,2012,Mujeres,lt_25,11588.61,0,1,INE_EES_28201,1,0,
País Vasco,CCAA,2013,Mujeres,lt_25,12043.14,1,0,INE_EES_28201,0,1,linear_interpolation
País Vasco,CCAA,2014,Mujeres,lt_25,12497.67,0,1,INE_EES_28201,1,0,
País Vasco,CCAA,2015,Mujeres,lt_25,11550.138241567685,1,0,INE_EES_28201,0,1,national_growth_forward
País Vasco,CCAA,2016,Mujeres,lt_25,11493.905837386568,1,0,INE_EES_28201,0,1,national_growth_forward
País Vasco,CCAA,2017,Mujeres,lt_25,12032.947095734553,1,0,INE_EES_28201,0,1,national_growth_forward
País Vasco,CCAA,2018,Mujeres,lt_25,12531.71,0,1,INE_EES_28201,1,0,
País Vasco,CCAA,2019,Mujeres,lt_25,12403.78,0,1,INE_EES_28201,1,0,
País Vasco,CCAA,2020,Mujeres,lt_25,12116.94,0,1,INE_EES_28201,1,0,
País Vasco,CCAA,2021,Mujeres,lt_25,13470.37,0,1,INE_EES_28201,1,0,
País Vasco,CCAA,2022,Mujeres,lt_25,15953.74,0,1,INE_EES_28201,1,0,
País Vasco,CCAA,2023,Mujeres,lt_25,14612.79,0,1,INE_EES_28201,1,0,
País Vasco,CCAA,2010,Total,25_34,22785.38,0,0,INE_EES_28201,1,0,
País Vasco,CCAA,2011,Total,25_34,22821.83,0,0,INE_EES_28201,1,0,
País Vasco,CCAA,2012,Total,25_34,22509.55,0,0,INE_EES_28201,1,0,
País Vasco,CCAA,2013,Total,25_34,22128.38,0,0,INE_EES_28201,1,0,
País Vasco,CCAA,2014,Total,25_34,22996.56,0,0,INE_EES_28201,1,0,
País Vasco,CCAA,2015,Total,25_34,22437.22,0,0,INE_EES_28201,1,0,
País Vasco,CCAA,2016,Total,25_34,22045.92,0,0,INE_EES_28201,1,0,
País Vasco,CCAA,2017,Total,25_34,22136.97,0,0,INE_EES_28201,1,0,
País Vasco,CCAA,2018,Total,25_34,22163.12,0,0,INE_EES_28201,1,0,
País Vasco,CCAA,2019,Total,25_34,23113.0,0,0,INE_EES_28201,1,0,
País Vasco,CCAA,2020,Total,25_34,24079.13,0,0,INE_EES_28201,1,0,
País Vasco,CCAA,2021,Total,25_34,24611.0,0,0,INE_EES_28201,1,0,
País Vasco,CCAA,2022,Total,25_34,26020.07,0,0,INE_EES_28201,1,0,
País Vasco,CCAA,2023,Total,25_34,26703.24,0,0,INE_EES_28201,1,0,
País Vasco,CCAA,2010,Total,35_44,26550.26,0,0,INE_EES_28201,1,0,
País Vasco,CCAA,2011,Total,35_44,26881.43,0,0,INE_EES_28201,1,0,
País Vasco,CCAA,2012,Total,35_44,26625.89,0,0,INE_EES_28201,1,0,
País Vasco,CCAA,2013,Total,35_44,27000.38,0,0,INE_EES_28201,1,0,
País Vasco,CCAA,2014,Total,35_44,27586.45,0,0,INE_EES_28201,1,0,
País Vasco,CCAA,2015,Total,35_44,27748.68,0,0,INE_EES_28201,1,0,
País Vasco,CCAA,2016,Total,35_44,27469.89,0,0,INE_EES_28201,1,0,
País Vasco,CCAA,2017,Total,35_44,28157.49,0,0,INE_EES_28201,1,0,
País Vasco,CCAA,2018,Total,35_44,28256.17,0,0,INE_EES_28201,1,0,
País Vasco,CCAA,2019,Total,35_44,29783.3,0,0,INE_EES_28201,1,0,
País Vasco,CCAA,2020,Total,35_44,29288.01,0,0,INE_EES_28201,1,0,
País Vasco,CCAA,2021,Total,35_44,29716.31,0,0,INE_EES_28201,1,0,
País Vasco,CCAA,2022,Total,35_44,31513.15,0,0,INE_EES_28201,1,0,
País Vasco,CCAA,2023,Total,35_44,32512.52,0,0,INE_EES_28201,1,0,
País Vasco,CCAA,2010,Total,45_54,30715.7,0,0,INE_EES_28201,1,0,
País Vasco,CCAA,2011,Total,45_54,29332.86,0,0,INE_EES_28201,1,0,
País Vasco,CCAA,2012,Total,45_54,29583.22,0,0,INE_EES_28201,1,0,
País Vasco,CCAA,2013,Total,45_54,29391.21,0,0,INE_EES_28201,1,0,
País Vasco,CCAA,2014,Total,45_54,30453.61,0,0,INE_EES_28201,1,0,
País Vasco,CCAA,2015,Total,45_54,29469.78,0,0,INE_EES_28201,1,0,
País Vasco,CCAA,2016,Total,45_54,29497.33,0,0,INE_EES_28201,1,0,
País Vasco,CCAA,2017,Total,45_54,30004.83,0,0,INE_EES_28201,1,0,
País Vasco,CCAA,2018,Total,45_54,31217.08,0,0,INE_EES_28201,1,0,
País Vasco,CCAA,2019,Total,45_54,31687.91,0,0,INE_EES_28201,1,0,
País Vasco,CCAA,2020,Total,45_54,32262.43,0,0,INE_EES_28201,1,0,
País Vasco,CCAA,2021,Total,45_54,33292.36,0,0,INE_EES_28201,1,0,
País Vasco,CCAA,2022,Total,45_54,34863.43,0,0,INE_EES_28201,1,0,
País Vasco,CCAA,2023,Total,45_54,35760.08,0,0,INE_EES_28201,1,0,
País Vasco,CCAA,2010,Total,55_plus,28861.03,0,0,INE_EES_28201,1,0,
País Vasco,CCAA,2011,Total,55_plus,28176.53,0,0,INE_EES_28201,1,0,
País Vasco,CCAA,2012,Total,55_plus,27879.9,0,0,INE_EES_28201,1,0,
País Vasco,CCAA,2013,Total,55_plus,29243.42,0,0,INE_EES_28201,1,0,
País Vasco,CCAA,2014,Total,55_plus,30153.21,0,0,INE_EES_28201,1,0,
País Vasco,CCAA,2015,Total,55_plus,30319.1,0,0,INE_EES_28201,1,0,
País Vasco,CCAA,2016,Total,55_plus,29974.83,0,0,INE_EES_28201,1,0,
País Vasco,CCAA,2017,Total,55_plus,30904.33,0,0,INE_EES_28201,1,0,
País Vasco,CCAA,2018,Total,55_plus,31692.85,0,0,INE_EES_28201,1,0,
País Vasco,CCAA,2019,Total,55_plus,32665.85,0,0,INE_EES_28201,1,0,
País Vasco,CCAA,2020,Total,55_plus,33632.07,0,0,INE_EES_28201,1,0,
País Vasco,CCAA,2021,Total,55_plus,34402.6,0,0,INE_EES_28201,1,0,
País Vasco,CCAA,2022,Total,55_plus,36066.46,0,0,INE_EES_28201,1,0,
País Vasco,CCAA,2023,Total,55_plus,37725.46,0,0,INE_EES_28201,1,0,
País Vasco,CCAA,2010,Total,all_ages,26593.7,0,0,INE_EES_28201,1,0,
País Vasco,CCAA,2011,Total,all_ages,26370.36,0,0,INE_EES_28201,1,0,
País Vasco,CCAA,2012,Total,all_ages,26535.61,0,0,INE_EES_28201,1,0,
País Vasco,CCAA,2013,Total,all_ages,26915.07,0,0,INE_EES_28201,1,0,
País Vasco,CCAA,2014,Total,all_ages,27786.57,0,0,INE_EES_28201,1,0,
País Vasco,CCAA,2015,Total,all_ages,27571.31,0,0,INE_EES_28201,1,0,
País Vasco,CCAA,2016,Total,all_ages,27480.71,0,0,INE_EES_28201,1,0,
País Vasco,CCAA,2017,Total,all_ages,28204.49,0,0,INE_EES_28201,1,0,
País Vasco,CCAA,2018,Total,all_ages,28470.94,0,0,INE_EES_28201,1,0,
País Vasco,CCAA,2019,Total,all_ages,29476.21,0,0,INE_EES_28201,1,0,
País Vasco,CCAA,2020,Total,all_ages,30224.16,0,0,INE_EES_28201,1,0,
País Vasco,CCAA,2021,Total,all_ages,31063.68,0,0,INE_EES_28201,1,0,
País Vasco,CCAA,2022,Total,all_ages,32313.73,0,0,INE_EES_28201,1,0,
País Vasco,CCAA,2023,Total,all_ages,33504.92,0,0,INE_EES_28201,1,0,
País Vasco,CCAA,2010,Total,lt_25,16079.9,0,1,INE_EES_28201,1,0,
País Vasco,CCAA,2011,Total,lt_25,14424.2,0,1,INE_EES_28201,1,0,
País Vasco,CCAA,2012,Total,lt_25,13264.03,0,1,INE_EES_28201,1,0,
País Vasco,CCAA,2013,Total,lt_25,13096.53,0,1,INE_EES_28201,1,0,
País Vasco,CCAA,2014,Total,lt_25,14282.37,0,1,INE_EES_28201,1,0,
País Vasco,CCAA,2015,Total,lt_25,12174.76,0,1,INE_EES_28201,1,0,
País Vasco,CCAA,2016,Total,lt_25,12100.06,0,1,INE_EES_28201,1,0,
País Vasco,CCAA,2017,Total,lt_25,12982.54,0,1,INE_EES_28201,1,0,
País Vasco,CCAA,2018,Total,lt_25,14264.8,0,1,INE_EES_28201,1,0,
País Vasco,CCAA,2019,Total,lt_25,12939.75,0,1,INE_EES_28201,1,0,
País Vasco,CCAA,2020,Total,lt_25,13704.57,0,1,INE_EES_28201,1,0,
País Vasco,CCAA,2021,Total,lt_25,15369.9,0,1,INE_EES_28201,1,0,
País Vasco,CCAA,2022,Total,lt_25,17362.39,0,1,INE_EES_28201,1,0,
País Vasco,CCAA,2023,Total,lt_25,17336.05,0,1,INE_EES_28201,1,0,
