cpro,provincia,ccaa,año,alquiler_mediano,factor_2020,salario_neto_mes,banda_edad,tasa_esfuerzo,alquiler_real,sobre_30
2,Albacete,Castilla - La Mancha,2011,400.0,1.0717791932800231,551.5204583333333,18-25,72.53,428.71,1
2,Albacete,Castilla - La Mancha,2011,400.0,1.0717791932800231,1051.9444791666667,26-35,38.02,428.71,1
2,Albacete,Castilla - La Mancha,2011,400.0,1.0717791932800231,1223.8132683333333,36-45,32.68,428.71,1
2,Albacete,Castilla - La Mancha,2012,398.8076796940793,1.0461898360861621,489.8675416666667,18-25,81.41,417.23,1
2,Albacete,Castilla - La Mancha,2012,398.8076796940793,1.0461898360861621,978.4268879166667,26-35,40.76,417.23,1
2,Albacete,Castilla - La Mancha,2012,398.8076796940793,1.0461898360861621,1177.4315450000001,36-45,33.87,417.23,1
2,Albacete,Castilla - La Mancha,2013,374.5908333333333,1.031656722448744,420.254375,18-25,89.13,386.45,1
2,Albacete,Castilla - La Mancha,2013,374.5908333333333,1.031656722448744,935.8208204166666,26-35,40.03,386.45,1
2,Albacete,Castilla - La Mancha,2013,374.5908333333333,1.031656722448744,1159.81598,36-45,32.3,386.45,1
2,Albacete,Castilla - La Mancha,2014,359.89485524256645,1.0332160647146191,399.3392083333333,18-25,90.12,371.85,1
2,Albacete,Castilla - La Mancha,2014,359.89485524256645,1.0332160647146191,921.9770091666668,26-35,39.04,371.85,1
2,Albacete,Castilla - La Mancha,2014,359.89485524256645,1.0332160647146191,1153.5289433333335,36-45,31.2,371.85,1
2,Albacete,Castilla - La Mancha,2015,351.3476347634764,1.0384115222946557,404.72408333333334,18-25,86.81,364.84,1
2,Albacete,Castilla - La Mancha,2015,351.3476347634764,1.0384115222946557,934.9990416666666,26-35,37.58,364.84,1
2,Albacete,Castilla - La Mancha,2015,351.3476347634764,1.0384115222946557,1183.8965166666667,36-45,29.68,364.84,0
2,Albacete,Castilla - La Mancha,2016,365.0,1.0405208860397714,416.040125,18-25,87.73,379.79,1
2,Albacete,Castilla - La Mancha,2016,365.0,1.0405208860397714,937.5275916666666,26-35,38.93,379.79,1
2,Albacete,Castilla - La Mancha,2016,365.0,1.0405208860397714,1197.7754466666665,36-45,30.47,379.79,1
2,Albacete,Castilla - La Mancha,2017,370.0,1.0205611862446453,439.68675,18-25,84.15,377.61,1
2,Albacete,Castilla - La Mancha,2017,370.0,1.0205611862446453,957.8192054166666,26-35,38.63,377.61,1
2,Albacete,Castilla - La Mancha,2017,370.0,1.0205611862446453,1222.9235933333332,36-45,30.26,377.61,1
2,Albacete,Castilla - La Mancha,2018,380.7068363273453,1.0037444693258832,475.507875,18-25,80.06,382.13,1
2,Albacete,Castilla - La Mancha,2018,380.7068363273453,1.0037444693258832,997.0749441666667,26-35,38.18,382.13,1
2,Albacete,Castilla - La Mancha,2018,380.7068363273453,1.0037444693258832,1260.4678783333331,36-45,30.2,382.13,1
2,Albacete,Castilla - La Mancha,2019,400.0,0.9967743538313801,514.4506666666667,18-25,77.75,398.71,1
2,Albacete,Castilla - La Mancha,2019,400.0,0.9967743538313801,1047.1402341666667,26-35,38.2,398.71,1
2,Albacete,Castilla - La Mancha,2019,400.0,0.9967743538313801,1317.5257016666667,36-45,30.36,398.71,1
2,Albacete,Castilla - La Mancha,2020,400.311546875,1.0,530.6833333333333,18-25,75.43,400.31,1
2,Albacete,Castilla - La Mancha,2020,400.311546875,1.0,1050.8698454166667,26-35,38.09,400.31,1
2,Albacete,Castilla - La Mancha,2020,400.311546875,1.0,1321.9740766666666,36-45,30.28,400.31,1
2,Albacete,Castilla - La Mancha,2021,425.0,0.9699974935414286,569.2359166666666,18-25,74.66,412.25,1
2,Albacete,Castilla - La Mancha,2021,425.0,0.9699974935414286,1130.2787700000001,26-35,37.6,412.25,1
2,Albacete,Castilla - La Mancha,2021,425.0,0.9699974935414286,1381.9381716666667,36-45,30.75,412.25,1
2,Albacete,Castilla - La Mancha,2022,450.0,0.8949107299739896,603.7303333333333,18-25,74.54,402.71,1
2,Albacete,Castilla - La Mancha,2022,450.0,0.8949107299739896,1183.0068416666666,26-35,38.04,402.71,1
2,Albacete,Castilla - La Mancha,2022,450.0,0.8949107299739896,1435.3186716666667,36-45,31.35,402.71,1
2,Albacete,Castilla - La Mancha,2023,456.0,0.8643768521205406,648.3878991666667,18-25,70.33,394.16,1
2,Albacete,Castilla - La Mancha,2023,456.0,0.8643768521205406,1241.132275,26-35,36.74,394.16,1
2,Albacete,Castilla - La Mancha,2023,456.0,0.8643768521205406,1499.6125183333334,36-45,30.41,394.16,1
2,Albacete,Castilla - La Mancha,2024,485.0,0.8410456579083591,673.2941166666666,18-25,72.03,407.91,1
2,Albacete,Castilla - La Mancha,2024,485.0,0.8410456579083591,1303.8840183333332,26-35,37.2,407.91,1
2,Albacete,Castilla - La Mancha,2024,485.0,0.8410456579083591,1550.383305,36-45,31.28,407.91,1
3,Alicante/Alacant,Comunitat Valenciana,2011,385.27777777777777,1.0717791932800231,510.78270833333335,18-25,75.43,412.93,1
3,Alicante/Alacant,Comunitat Valenciana,2011,385.27777777777777,1.0717791932800231,977.5418954166666,26-35,39.41,412.93,1
3,Alicante/Alacant,Comunitat Valenciana,2011,385.27777777777777,1.0717791932800231,1184.1337633333335,36-45,32.54,412.93,1
3,Alicante/Alacant,Comunitat Valenciana,2012,368.82,1.0461898360861621,462.4749166666666,18-25,79.75,385.86,1
3,Alicante/Alacant,Comunitat Valenciana,2012,368.82,1.0461898360861621,934.5565454166667,26-35,39.46,385.86,1
3,Alicante/Alacant,Comunitat Valenciana,2012,368.82,1.0461898360861621,1145.1066866666667,36-45,32.21,385.86,1
3,Alicante/Alacant,Comunitat Valenciana,2013,350.0,1.031656722448744,421.3469583333333,18-25,83.07,361.08,1
3,Alicante/Alacant,Comunitat Valenciana,2013,350.0,1.031656722448744,910.6617479166667,26-35,38.43,361.08,1
3,Alicante/Alacant,Comunitat Valenciana,2013,350.0,1.031656722448744,1140.599,36-45,30.69,361.08,1
3,Alicante/Alacant,Comunitat Valenciana,2014,350.0,1.0332160647146191,403.08520833333336,18-25,86.83,361.63,1
3,Alicante/Alacant,Comunitat Valenciana,2014,350.0,1.0332160647146191,899.9786241666667,26-35,38.89,361.63,1
3,Alicante/Alacant,Comunitat Valenciana,2014,350.0,1.0332160647146191,1142.0224799999999,36-45,30.65,361.63,1
3,Alicante/Alacant,Comunitat Valenciana,2015,350.0,1.0384115222946557,411.51370833333334,18-25,85.05,363.44,1
3,Alicante/Alacant,Comunitat Valenciana,2015,350.0,1.0384115222946557,904.1507316666666,26-35,38.71,363.44,1
3,Alicante/Alacant,Comunitat Valenciana,2015,350.0,1.0384115222946557,1164.2050433333334,36-45,30.06,363.44,1
3,Alicante/Alacant,Comunitat Valenciana,2016,354.1666666666667,1.0405208860397714,421.03479166666665,18-25,84.12,368.52,1
3,Alicante/Alacant,Comunitat Valenciana,2016,354.1666666666667,1.0405208860397714,913.4431529166667,26-35,38.77,368.52,1
3,Alicante/Alacant,Comunitat Valenciana,2016,354.1666666666667,1.0405208860397714,1186.2689833333334,36-45,29.86,368.52,0
3,Alicante/Alacant,Comunitat Valenciana,2017,369.7355289421157,1.0205611862446453,440.857375,18-25,83.87,377.34,1
3,Alicante/Alacant,Comunitat Valenciana,2017,369.7355289421157,1.0205611862446453,931.7119266666667,26-35,39.68,377.34,1
3,Alicante/Alacant,Comunitat Valenciana,2017,369.7355289421157,1.0205611862446453,1208.2142999999999,36-45,30.6,377.34,1
3,Alicante/Alacant,Comunitat Valenciana,2018,383.36416975030835,1.0037444693258832,466.2989583333333,18-25,82.21,384.8,1
3,Alicante/Alacant,Comunitat Valenciana,2018,383.36416975030835,1.0037444693258832,967.6173366666667,26-35,39.62,384.8,1
3,Alicante/Alacant,Comunitat Valenciana,2018,383.36416975030835,1.0037444693258832,1244.4537283333332,36-45,30.81,384.8,1
3,Alicante/Alacant,Comunitat Valenciana,2019,400.0,0.9967743538313801,499.93491666666665,18-25,80.01,398.71,1
3,Alicante/Alacant,Comunitat Valenciana,2019,400.0,0.9967743538313801,1013.3208779166667,26-35,39.47,398.71,1
3,Alicante/Alacant,Comunitat Valenciana,2019,400.0,0.9967743538313801,1289.3526600000002,36-45,31.02,398.71,1
3,Alicante/Alacant,Comunitat Valenciana,2020,412.4983333333333,1.0,486.12154166666664,18-25,84.85,412.5,1
3,Alicante/Alacant,Comunitat Valenciana,2020,412.4983333333333,1.0,979.8808041666666,26-35,42.1,412.5,1
3,Alicante/Alacant,Comunitat Valenciana,2020,412.4983333333333,1.0,1251.9269983333334,36-45,32.95,412.5,1
3,Alicante/Alacant,Comunitat Valenciana,2021,430.0,0.9699974935414286,521.864625,18-25,82.4,417.1,1
3,Alicante/Alacant,Comunitat Valenciana,2021,430.0,0.9699974935414286,1061.6793966666667,26-35,40.5,417.1,1
3,Alicante/Alacant,Comunitat Valenciana,2021,430.0,0.9699974935414286,1309.2220683333333,36-45,32.84,417.1,1
3,Alicante/Alacant,Comunitat Valenciana,2022,450.0,0.8949107299739896,582.3469166666667,18-25,77.27,402.71,1
3,Alicante/Alacant,Comunitat Valenciana,2022,450.0,0.8949107299739896,1150.6819833333332,26-35,39.11,402.71,1
3,Alicante/Alacant,Comunitat Valenciana,2022,450.0,0.8949107299739896,1408.1539283333334,36-45,31.96,402.71,1
3,Alicante/Alacant,Comunitat Valenciana,2023,479.1666666666667,0.8643768521205406,630.6248354166667,18-25,75.98,414.18,1
3,Alicante/Alacant,Comunitat Valenciana,2023,479.1666666666667,0.8643768521205406,1219.6614516666666,26-35,39.29,414.18,1
3,Alicante/Alacant,Comunitat Valenciana,2023,479.1666666666667,0.8643768521205406,1473.3967616666666,36-45,32.52,414.18,1
3,Alicante/Alacant,Comunitat Valenciana,2024,500.0,0.8410456579083591,660.9674354166666,18-25,75.65,420.52,1
3,Alicante/Alacant,Comunitat Valenciana,2024,500.0,0.8410456579083591,1273.6943800000001,26-35,39.26,420.52,1
3,Alicante/Alacant,Comunitat Valenciana,2024,500.0,0.8410456579083591,1525.8282749999998,36-45,32.77,420.52,1
4,Almería,Andalucía,2011,375.1294444444444,1.0717791932800231,492.2087916666667,18-25,76.21,402.06,1
4,Almería,Andalucía,2011,375.1294444444444,1.0717791932800231,865.1478479166667,26-35,43.36,402.06,1
4,Almería,Andalucía,2011,375.1294444444444,1.0717791932800231,1088.8613091666666,36-45,34.45,402.06,1
4,Almería,Andalucía,2012,350.0,1.0461898360861621,457.24612499999995,18-25,76.55,366.17,1
4,Almería,Andalucía,2012,350.0,1.0461898360861621,824.9439029166666,26-35,42.43,366.17,1
4,Almería,Andalucía,2012,350.0,1.0461898360861621,1047.5827304166667,36-45,33.41,366.17,1
4,Almería,Andalucía,2013,347.1467391304348,1.031656722448744,417.91312500000004,18-25,83.07,358.14,1
4,Almería,Andalucía,2013,347.1467391304348,1.031656722448744,790.6188366666667,26-35,43.91,358.14,1
4,Almería,Andalucía,2013,347.1467391304348,1.031656722448744,1026.2164829166666,36-45,33.83,358.14,1
4,Almería,Andalucía,2014,329.5138888888889,1.0332160647146191,403.24129166666665,18-25,81.72,340.46,1
4,Almería,Andalucía,2014,329.5138888888889,1.0332160647146191,774.8786129166666,26-35,42.52,340.46,1
4,Almería,Andalucía,2014,329.5138888888889,1.0332160647146191,1010.1601904166668,36-45,32.62,340.46,1
4,Almería,Andalucía,2015,322.18523550724643,1.0384115222946557,413.0745416666667,18-25,78.0,334.56,1
4,Almería,Andalucía,2015,322.18523550724643,1.0384115222946557,782.1481941666667,26-35,41.19,334.56,1
4,Almería,Andalucía,2015,322.18523550724643,1.0384115222946557,1024.3832841666665,36-45,31.45,334.56,1
4,Almería,Andalucía,2016,330.0,1.0405208860397714,424.1564583333333,18-25,77.8,343.37,1
4,Almería,Andalucía,2016,330.0,1.0405208860397714,797.3194941666667,26-35,41.39,343.37,1
4,Almería,Andalucía,2016,330.0,1.0405208860397714,1039.0488741666666,36-45,31.76,343.37,1
4,Almería,Andalucía,2017,337.5,1.0205611862446453,442.028,18-25,76.35,344.44,1
4,Almería,Andalucía,2017,337.5,1.0205611862446453,816.5364741666667,26-35,41.33,344.44,1
4,Almería,Andalucía,2017,337.5,1.0205611862446453,1058.2658541666667,36-45,31.89,344.44,1
4,Almería,Andalucía,2018,350.0,1.0037444693258832,468.25,18-25,74.75,351.31,1
4,Almería,Andalucía,2018,350.0,1.0037444693258832,858.5736179166666,26-35,40.77,351.31,1
4,Almería,Andalucía,2018,350.0,1.0037444693258832,1093.7287679166666,36-45,32.0,351.31,1
4,Almería,Andalucía,2019,360.0,0.9967743538313801,507.7390833333333,18-25,70.9,358.84,1
4,Almería,Andalucía,2019,360.0,0.9967743538313801,912.5581604166667,26-35,39.45,358.84,1
4,Almería,Andalucía,2019,360.0,0.9967743538313801,1135.61682,36-45,31.7,358.84,1
4,Almería,Andalucía,2020,377.6727987735787,1.0,531.229625,18-25,71.09,377.67,1
4,Almería,Andalucía,2020,377.6727987735787,1.0,916.3509854166667,26-35,41.21,377.67,1
4,Almería,Andalucía,2020,377.6727987735787,1.0,1145.759115,36-45,32.96,377.67,1
4,Almería,Andalucía,2021,400.0,0.9699974935414286,567.98725,18-25,70.42,388.0,1
4,Almería,Andalucía,2021,400.0,0.9699974935414286,971.9790854166666,26-35,41.15,388.0,1
4,Almería,Andalucía,2021,400.0,0.9699974935414286,1183.9558283333333,36-45,33.79,388.0,1
4,Almería,Andalucía,2022,400.0,0.8949107299739896,601.6232083333333,18-25,66.49,357.96,1
4,Almería,Andalucía,2022,400.0,0.8949107299739896,1015.6597866666667,26-35,39.38,357.96,1
4,Almería,Andalucía,2022,400.0,0.8949107299739896,1231.34585,36-45,32.48,357.96,1
4,Almería,Andalucía,2023,425.04250850170035,0.8643768521205406,650.8532354166667,18-25,65.31,367.4,1
4,Almería,Andalucía,2023,425.04250850170035,0.8643768521205406,1089.9991566666665,26-35,38.99,367.4,1
4,Almería,Andalucía,2023,425.04250850170035,0.8643768521205406,1290.8947633333335,36-45,32.93,367.4,1
4,Almería,Andalucía,2024,450.0,0.8410456579083591,675.0641016666667,18-25,66.66,378.47,1
4,Almería,Andalucía,2024,450.0,0.8410456579083591,1131.168445,26-35,39.78,378.47,1
4,Almería,Andalucía,2024,450.0,0.8410456579083591,1331.8198133333333,36-45,33.79,378.47,1
5,Ávila,Castilla y León,2011,347.1467391304348,1.0717791932800231,537.6290416666667,18-25,64.57,372.06,1
5,Ávila,Castilla y León,2011,347.1467391304348,1.0717791932800231,1071.9832379166667,26-35,32.38,372.06,1
5,Ávila,Castilla y León,2011,347.1467391304348,1.0717791932800231,1232.7100183333332,36-45,28.16,372.06,0
5,Ávila,Castilla y León,2012,325.0,1.0461898360861621,490.8040416666667,18-25,66.22,340.01,1
5,Ávila,Castilla y León,2012,325.0,1.0461898360861621,1016.1022829166667,26-35,31.98,340.01,1
5,Ávila,Castilla y León,2012,325.0,1.0461898360861621,1207.14669,36-45,26.92,340.01,0
5,Ávila,Castilla y León,2013,300.0,1.031656722448744,435.08229166666666,18-25,68.95,309.5,1
5,Ávila,Castilla y León,2013,300.0,1.031656722448744,982.7886366666667,26-35,30.53,309.5,1
5,Ávila,Castilla y León,2013,300.0,1.031656722448744,1211.7136883333335,36-45,24.76,309.5,0
5,Ávila,Castilla y León,2014,300.0,1.0332160647146191,409.1724583333333,18-25,73.32,309.96,1
5,Ávila,Castilla y León,2014,300.0,1.0332160647146191,952.0667541666667,26-35,31.51,309.96,1
5,Ávila,Castilla y León,2014,300.0,1.0332160647146191,1196.7078366666667,36-45,25.07,309.96,0
5,Ávila,Castilla y León,2015,300.0,1.0384115222946557,415.4938333333334,18-25,72.2,311.52,1
5,Ávila,Castilla y León,2015,300.0,1.0384115222946557,954.6585179166667,26-35,31.42,311.52,1
5,Ávila,Castilla y León,2015,300.0,1.0384115222946557,1216.2806866666667,36-45,24.67,311.52,0
5,Ávila,Castilla y León,2016,300.0,1.0405208860397714,440.7012916666667,18-25,68.07,312.16,1
5,Ávila,Castilla y León,2016,300.0,1.0405208860397714,948.6532116666667,26-35,31.62,312.16,1
5,Ávila,Castilla y León,2016,300.0,1.0405208860397714,1226.541605,36-45,24.46,312.16,0
5,Ávila,Castilla y León,2017,300.0,1.0205611862446453,466.45504166666666,18-25,64.31,306.17,1
5,Ávila,Castilla y León,2017,300.0,1.0205611862446453,958.3249154166666,26-35,31.3,306.17,1
5,Ávila,Castilla y León,2017,300.0,1.0205611862446453,1244.2757933333332,36-45,24.11,306.17,0
5,Ávila,Castilla y León,2018,310.0,1.0037444693258832,497.04737500000005,18-25,62.37,311.16,1
5,Ávila,Castilla y León,2018,310.0,1.0037444693258832,1002.3848991666667,26-35,30.93,311.16,1
5,Ávila,Castilla y León,2018,310.0,1.0037444693258832,1286.9208816666667,36-45,24.09,311.16,0
5,Ávila,Castilla y León,2019,347.56785714285706,0.9967743538313801,519.9135833333333,18-25,66.85,346.45,1
5,Ávila,Castilla y León,2019,347.56785714285706,0.9967743538313801,1051.3123416666667,26-35,33.06,346.45,1
5,Ávila,Castilla y León,2019,347.56785714285706,0.9967743538313801,1330.27771,36-45,26.13,346.45,0
5,Ávila,Castilla y León,2020,350.0,1.0,539.5020416666666,18-25,64.87,350.0,1
5,Ávila,Castilla y León,2020,350.0,1.0,1044.1691879166667,26-35,33.52,350.0,1
5,Ávila,Castilla y León,2020,350.0,1.0,1317.4663899999998,36-45,26.57,350.0,0
5,Ávila,Castilla y León,2021,359.7,0.9699974935414286,552.2228333333334,18-25,65.14,348.91,1
5,Ávila,Castilla y León,2021,359.7,0.9699974935414286,1114.2053083333333,26-35,32.28,348.91,1
5,Ávila,Castilla y León,2021,359.7,0.9699974935414286,1376.0070049999997,36-45,26.14,348.91,0
5,Ávila,Castilla y León,2022,377.8467908902691,0.8949107299739896,612.1588333333333,18-25,61.72,338.14,1
5,Ávila,Castilla y León,2022,377.8467908902691,0.8949107299739896,1183.5999583333335,26-35,31.92,338.14,1
5,Ávila,Castilla y León,2022,377.8467908902691,0.8949107299739896,1436.0304116666666,36-45,26.31,338.14,0
5,Ávila,Castilla y León,2023,400.0,0.8643768521205406,652.4335791666666,18-25,61.31,345.75,1
5,Ávila,Castilla y León,2023,400.0,0.8643768521205406,1248.5462333333332,26-35,32.04,345.75,1
5,Ávila,Castilla y León,2023,400.0,0.8643768521205406,1492.8509883333334,36-45,26.79,345.75,0
5,Ávila,Castilla y León,2024,420.0,0.8410456579083591,677.1501554166667,18-25,62.02,353.24,1
5,Ávila,Castilla y León,2024,420.0,0.8410456579083591,1300.4439416666667,26-35,32.3,353.24,1
5,Ávila,Castilla y León,2024,420.0,0.8410456579083591,1547.7142800000001,36-45,27.14,353.24,0
6,Badajoz,Extremadura,2011,350.0,1.0717791932800231,473.5568333333333,18-25,73.91,375.12,1
6,Badajoz,Extremadura,2011,350.0,1.0717791932800231,931.3326441666667,26-35,37.58,375.12,1
6,Badajoz,Extremadura,2011,350.0,1.0717791932800231,1090.1887979166668,36-45,32.1,375.12,1
6,Badajoz,Extremadura,2012,350.0,1.0461898360861621,413.933,18-25,84.55,366.17,1
6,Badajoz,Extremadura,2012,350.0,1.0461898360861621,867.4235429166666,26-35,40.35,366.17,1
6,Badajoz,Extremadura,2012,350.0,1.0461898360861621,1042.5256304166667,36-45,33.57,366.17,1
6,Badajoz,Extremadura,2013,348.40909090909093,1.031656722448744,359.53795833333334,18-25,96.9,359.44,1
6,Badajoz,Extremadura,2013,348.40909090909093,1.031656722448744,832.5927666666666,26-35,41.85,359.44,1
6,Badajoz,Extremadura,2013,348.40909090909093,1.031656722448744,1047.7723716666667,36-45,33.25,359.44,1
6,Badajoz,Extremadura,2014,337.5,1.0332160647146191,350.485125,18-25,96.3,348.71,1
6,Badajoz,Extremadura,2014,337.5,1.0332160647146191,820.7085816666666,26-35,41.12,348.71,1
6,Badajoz,Extremadura,2014,337.5,1.0332160647146191,1054.3466016666666,36-45,32.01,348.71,1
6,Badajoz,Extremadura,2015,332.7348066298343,1.0384115222946557,354.8554583333333,18-25,93.77,345.52,1
6,Badajoz,Extremadura,2015,332.7348066298343,1.0384115222946557,820.6453679166666,26-35,40.55,345.52,1
6,Badajoz,Extremadura,2015,332.7348066298343,1.0384115222946557,1070.8453904166668,36-45,31.07,345.52,1
6,Badajoz,Extremadura,2016,345.8912037037037,1.0405208860397714,362.89375,18-25,95.31,359.91,1
6,Badajoz,Extremadura,2016,345.8912037037037,1.0405208860397714,816.4732604166667,26-35,42.36,359.91,1
6,Badajoz,Extremadura,2016,345.8912037037037,1.0405208860397714,1089.9991566666665,36-45,31.73,359.91,1
6,Badajoz,Extremadura,2017,350.0,1.0205611862446453,390.8326666666667,18-25,89.55,357.2,1
6,Badajoz,Extremadura,2017,350.0,1.0205611862446453,822.2257116666666,26-35,42.57,357.2,1
6,Badajoz,Extremadura,2017,350.0,1.0205611862446453,1104.1816366666667,36-45,31.7,357.2,1
6,Badajoz,Extremadura,2018,350.0,1.0037444693258832,418.22529166666664,18-25,83.69,351.31,1
6,Badajoz,Extremadura,2018,350.0,1.0037444693258832,854.2750829166666,26-35,40.97,351.31,1
6,Badajoz,Extremadura,2018,350.0,1.0037444693258832,1136.9809883333335,36-45,30.78,351.31,1
6,Badajoz,Extremadura,2019,360.6922782342292,0.9967743538313801,463.56750000000005,18-25,77.81,359.53,1
6,Badajoz,Extremadura,2019,360.6922782342292,0.9967743538313801,909.2710454166667,26-35,39.67,359.53,1
6,Badajoz,Extremadura,2019,360.6922782342292,0.9967743538313801,1183.9558283333333,36-45,30.47,359.53,1
6,Badajoz,Extremadura,2020,375.0,1.0,466.92329166666667,18-25,80.31,375.0,1
6,Badajoz,Extremadura,2020,375.0,1.0,902.8864566666666,26-35,41.53,375.0,1
6,Badajoz,Extremadura,2020,375.0,1.0,1183.1847766666667,36-45,31.69,375.0,1
6,Badajoz,Extremadura,2021,380.0,0.9699974935414286,501.65183333333334,18-25,75.75,368.6,1
6,Badajoz,Extremadura,2021,380.0,0.9699974935414286,962.6234504166667,26-35,39.48,368.6,1
6,Badajoz,Extremadura,2021,380.0,0.9699974935414286,1230.98998,36-45,30.87,368.6,1
6,Badajoz,Extremadura,2022,400.0,0.8949107299739896,543.63825,18-25,73.58,357.96,1
6,Badajoz,Extremadura,2022,400.0,0.8949107299739896,1019.7054666666667,26-35,39.23,357.96,1
6,Badajoz,Extremadura,2022,400.0,0.8949107299739896,1279.566235,36-45,31.26,357.96,1
6,Badajoz,Extremadura,2023,400.0,0.8643768521205406,589.1365416666666,18-25,67.9,345.75,1
6,Badajoz,Extremadura,2023,400.0,0.8643768521205406,1083.6145679166666,26-35,36.91,345.75,1
6,Badajoz,Extremadura,2023,400.0,0.8643768521205406,1336.2088766666668,36-45,29.94,345.75,0
6,Badajoz,Extremadura,2024,430.0,0.8410456579083591,617.2315416666667,18-25,69.67,361.65,1
6,Badajoz,Extremadura,2024,430.0,0.8410456579083591,1148.606075,26-35,37.44,361.65,1
6,Badajoz,Extremadura,2024,430.0,0.8410456579083591,1387.1575983333332,36-45,31.0,361.65,1
7,"Balears, Illes","Balears, Illes",2011,500.0,1.0717791932800231,590.9315,18-25,84.61,535.89,1
7,"Balears, Illes","Balears, Illes",2011,500.0,1.0717791932800231,1082.7927891666666,26-35,46.18,535.89,1
7,"Balears, Illes","Balears, Illes",2011,500.0,1.0717791932800231,1345.58012,36-45,37.16,535.89,1
7,"Balears, Illes","Balears, Illes",2012,491.6660416666667,1.0461898360861621,546.681875,18-25,89.94,514.38,1
7,"Balears, Illes","Balears, Illes",2012,491.6660416666667,1.0461898360861621,1034.0549879166667,26-35,47.55,514.38,1
7,"Balears, Illes","Balears, Illes",2012,491.6660416666667,1.0461898360861621,1303.23159,36-45,37.73,514.38,1
7,"Balears, Illes","Balears, Illes",2013,476.6666666666667,1.031656722448744,506.10020833333334,18-25,94.18,491.76,1
7,"Balears, Illes","Balears, Illes",2013,476.6666666666667,1.031656722448744,1019.1365429166667,26-35,46.77,491.76,1
7,"Balears, Illes","Balears, Illes",2013,476.6666666666667,1.031656722448744,1299.3763316666666,36-45,36.68,491.76,1
7,"Balears, Illes","Balears, Illes",2014,480.0,1.0332160647146191,493.9257083333334,18-25,97.18,495.94,1
7,"Balears, Illes","Balears, Illes",2014,480.0,1.0332160647146191,1006.8098616666666,26-35,47.68,495.94,1
7,"Balears, Illes","Balears, Illes",2014,480.0,1.0332160647146191,1301.2743050000001,36-45,36.89,495.94,1
7,"Balears, Illes","Balears, Illes",2015,500.0,1.0384115222946557,511.17291666666665,18-25,97.81,519.21,1
7,"Balears, Illes","Balears, Illes",2015,500.0,1.0384115222946557,1027.4175441666666,26-35,48.67,519.21,1
7,"Balears, Illes","Balears, Illes",2015,500.0,1.0384115222946557,1326.4224516666668,36-45,37.7,519.21,1
7,"Balears, Illes","Balears, Illes",2016,500.0,1.0405208860397714,546.213625,18-25,91.54,520.26,1
7,"Balears, Illes","Balears, Illes",2016,500.0,1.0405208860397714,1049.4159291666667,26-35,47.65,520.26,1
7,"Balears, Illes","Balears, Illes",2016,500.0,1.0405208860397714,1343.8600816666667,36-45,37.21,520.26,1
7,"Balears, Illes","Balears, Illes",2017,506.94444444444446,1.0205611862446453,591.2436666666666,18-25,85.74,517.37,1
7,"Balears, Illes","Balears, Illes",2017,506.94444444444446,1.0205611862446453,1084.7524154166667,26-35,46.73,517.37,1
7,"Balears, Illes","Balears, Illes",2017,506.94444444444446,1.0205611862446453,1381.2857433333331,36-45,36.7,517.37,1
7,"Balears, Illes","Balears, Illes",2018,550.0,1.0037444693258832,635.4290804166667,18-25,86.56,552.06,1
7,"Balears, Illes","Balears, Illes",2018,550.0,1.0037444693258832,1134.4305866666666,26-35,48.48,552.06,1
7,"Balears, Illes","Balears, Illes",2018,550.0,1.0037444693258832,1422.2701049999998,36-45,38.67,552.06,1
7,"Balears, Illes","Balears, Illes",2019,600.0,0.9967743538313801,659.7663741666667,18-25,90.94,598.06,1
7,"Balears, Illes","Balears, Illes",2019,600.0,0.9967743538313801,1176.3046233333334,26-35,51.01,598.06,1
7,"Balears, Illes","Balears, Illes",2019,600.0,0.9967743538313801,1463.9662066666667,36-45,40.98,598.06,1
7,"Balears, Illes","Balears, Illes",2020,605.0,1.0,573.7623333333333,18-25,105.44,605.0,1
7,"Balears, Illes","Balears, Illes",2020,605.0,1.0,1042.9681266666666,26-35,58.01,605.0,1
7,"Balears, Illes","Balears, Illes",2020,605.0,1.0,1335.3785133333333,36-45,45.31,605.0,1
7,"Balears, Illes","Balears, Illes",2021,644.1176470588235,0.9699974935414286,638.1472716666667,18-25,100.94,624.79,1
7,"Balears, Illes","Balears, Illes",2021,644.1176470588235,0.9699974935414286,1172.9831700000002,26-35,54.91,624.79,1
7,"Balears, Illes","Balears, Illes",2021,644.1176470588235,0.9699974935414286,1424.108766666667,36-45,45.23,624.79,1
7,"Balears, Illes","Balears, Illes",2022,670.8333333333334,0.8949107299739896,720.7676429166667,18-25,93.07,600.34,1
7,"Balears, Illes","Balears, Illes",2022,670.8333333333334,0.8949107299739896,1311.4165999999998,26-35,51.15,600.34,1
7,"Balears, Illes","Balears, Illes",2022,670.8333333333334,0.8949107299739896,1568.5326749999997,36-45,42.77,600.34,1
7,"Balears, Illes","Balears, Illes",2023,700.0,0.8643768521205406,782.2114079166666,18-25,89.49,605.06,1
7,"Balears, Illes","Balears, Illes",2023,700.0,0.8643768521205406,1399.0199316666667,26-35,50.04,605.06,1
7,"Balears, Illes","Balears, Illes",2023,700.0,0.8643768521205406,1644.4607500000002,36-45,42.57,605.06,1
7,"Balears, Illes","Balears, Illes",2024,750.0,0.8410456579083591,827.5988804166667,18-25,90.62,630.78,1
7,"Balears, Illes","Balears, Illes",2024,750.0,0.8410456579083591,1465.3303750000002,26-35,51.18,630.78,1
7,"Balears, Illes","Balears, Illes",2024,750.0,0.8410456579083591,1711.2175916666667,36-45,43.83,630.78,1
8,Barcelona,Cataluña,2011,596.7866666666666,1.0717791932800231,638.1472716666667,18-25,93.52,639.62,1
8,Barcelona,Cataluña,2011,596.7866666666666,1.0717791932800231,1278.498625,26-35,46.68,639.62,1
8,Barcelona,Cataluña,2011,596.7866666666666,1.0717791932800231,1635.2284208333333,36-45,36.5,639.62,1
8,Barcelona,Cataluña,2012,570.0,1.0461898360861621,602.8718749999999,18-25,94.55,596.33,1
8,Barcelona,Cataluña,2012,570.0,1.0461898360861621,1238.81912,26-35,46.01,596.33,1
8,Barcelona,Cataluña,2012,570.0,1.0461898360861621,1601.4675958333335,36-45,35.59,596.33,1
8,Barcelona,Cataluña,2013,545.8333333333334,1.031656722448744,550.0376666666667,18-25,99.24,563.11,1
8,Barcelona,Cataluña,2013,545.8333333333334,1.031656722448744,1207.14669,26-35,45.22,563.11,1
8,Barcelona,Cataluña,2013,545.8333333333334,1.031656722448744,1583.479215,36-45,34.47,563.11,1
8,Barcelona,Cataluña,2014,526.03,1.0332160647146191,528.4981666666666,18-25,99.53,543.5,1
8,Barcelona,Cataluña,2014,526.03,1.0332160647146191,1193.9201883333333,26-35,44.06,543.5,1
8,Barcelona,Cataluña,2014,526.03,1.0332160647146191,1578.259788333333,36-45,33.33,543.5,1
8,Barcelona,Cataluña,2015,529.0,1.0384115222946557,539.3459583333333,18-25,98.08,549.32,1
8,Barcelona,Cataluña,2015,529.0,1.0384115222946557,1211.8323116666668,26-35,43.65,549.32,1
8,Barcelona,Cataluña,2015,529.0,1.0384115222946557,1606.3295916666666,36-45,32.93,549.32,1
8,Barcelona,Cataluña,2016,550.0,1.0405208860397714,568.7676666666666,18-25,96.7,572.29,1
8,Barcelona,Cataluña,2016,550.0,1.0405208860397714,1226.6602283333332,26-35,44.84,572.29,1
8,Barcelona,Cataluña,2016,550.0,1.0405208860397714,1626.2146083333334,36-45,33.82,572.29,1
8,Barcelona,Cataluña,2017,550.9605788423153,1.0205611862446453,609.0371666666666,18-25,90.46,562.29,1
8,Barcelona,Cataluña,2017,550.9605788423153,1.0205611862446453,1263.3741499999999,26-35,43.61,562.29,1
8,Barcelona,Cataluña,2017,550.9605788423153,1.0205611862446453,1653.0375291666667,36-45,33.33,562.29,1
8,Barcelona,Cataluña,2018,595.8333333333334,1.0037444693258832,643.0779441666667,18-25,92.65,598.06,1
8,Barcelona,Cataluña,2018,595.8333333333334,1.0037444693258832,1323.0416866666667,26-35,45.04,598.06,1
8,Barcelona,Cataluña,2018,595.8333333333334,1.0037444693258832,1694.7195833333333,36-45,35.16,598.06,1
8,Barcelona,Cataluña,2019,646.1056644880174,0.9967743538313801,669.8173604166667,18-25,96.46,644.02,1
8,Barcelona,Cataluña,2019,646.1056644880174,0.9967743538313801,1380.7519383333336,26-35,46.79,644.02,1
8,Barcelona,Cataluña,2019,646.1056644880174,0.9967743538313801,1742.9571375000003,36-45,37.07,644.02,1
8,Barcelona,Cataluña,2020,654.1666666666666,1.0,659.9560154166667,18-25,99.12,654.17,1
8,Barcelona,Cataluña,2020,654.1666666666666,1.0,1344.15664,26-35,48.67,654.17,1
8,Barcelona,Cataluña,2020,654.1666666666666,1.0,1698.1612208333336,36-45,38.52,654.17,1
8,Barcelona,Cataluña,2021,675.0,0.9699974935414286,699.7806779166667,18-25,96.46,654.75,1
8,Barcelona,Cataluña,2021,675.0,0.9699974935414286,1449.4348483333333,26-35,46.57,654.75,1
8,Barcelona,Cataluña,2021,675.0,0.9699974935414286,1786.387325,36-45,37.79,654.75,1
8,Barcelona,Cataluña,2022,700.0,0.8949107299739896,743.3981654166665,18-25,94.16,626.44,1
8,Barcelona,Cataluña,2022,700.0,0.8949107299739896,1546.112865,26-35,45.27,626.44,1
8,Barcelona,Cataluña,2022,700.0,0.8949107299739896,1872.5375208333332,36-45,37.38,626.44,1
8,Barcelona,Cataluña,2023,728.9711041666667,0.8643768521205406,789.2913479166667,18-25,92.36,630.11,1
8,Barcelona,Cataluña,2023,728.9711041666667,0.8643768521205406,1627.4710791666666,26-35,44.79,630.11,1
8,Barcelona,Cataluña,2023,728.9711041666667,0.8643768521205406,1956.4479208333332,36-45,37.26,630.11,1
8,Barcelona,Cataluña,2024,753.1566666666666,0.8410456579083591,827.7885216666667,18-25,90.98,633.44,1
8,Barcelona,Cataluña,2024,753.1566666666666,0.8410456579083591,1685.7057708333334,26-35,44.68,633.44,1
8,Barcelona,Cataluña,2024,753.1566666666666,0.8410456579083591,2030.907475,36-45,37.08,633.44,1
9,Burgos,Castilla y León,2011,430.0,1.0717791932800231,611.1442916666666,18-25,70.36,460.87,1
9,Burgos,Castilla y León,2011,430.0,1.0717791932800231,1216.2806866666667,26-35,35.35,460.87,1
9,Burgos,Castilla y León,2011,430.0,1.0717791932800231,1442.9698766666668,36-45,29.8,460.87,0
9,Burgos,Castilla y León,2012,416.6666666666667,1.0461898360861621,583.5175416666667,18-25,71.41,435.91,1
9,Burgos,Castilla y León,2012,416.6666666666667,1.0461898360861621,1179.0922716666666,26-35,35.34,435.91,1
9,Burgos,Castilla y León,2012,416.6666666666667,1.0461898360861621,1413.729225,36-45,29.47,435.91,0
9,Burgos,Castilla y León,2013,400.0,1.031656722448744,523.269375,18-25,76.44,412.66,1
9,Burgos,Castilla y León,2013,400.0,1.031656722448744,1139.8279483333333,26-35,35.09,412.66,1
9,Burgos,Castilla y León,2013,400.0,1.031656722448744,1404.2393583333333,36-45,28.49,412.66,0
9,Burgos,Castilla y León,2014,400.0,1.0332160647146191,492.364875,18-25,81.24,413.29,1
9,Burgos,Castilla y León,2014,400.0,1.0332160647146191,1111.4769716666667,26-35,35.99,413.29,1
9,Burgos,Castilla y León,2014,400.0,1.0332160647146191,1399.6130483333334,36-45,28.58,413.29,0
9,Burgos,Castilla y León,2015,400.0,1.0384115222946557,498.5301666666667,18-25,80.24,415.36,1
9,Burgos,Castilla y León,2015,400.0,1.0384115222946557,1115.6881,26-35,35.85,415.36,1
9,Burgos,Castilla y León,2015,400.0,1.0384115222946557,1414.6189000000002,36-45,28.28,415.36,0
9,Burgos,Castilla y León,2016,400.0,1.0405208860397714,518.2747083333334,18-25,77.18,416.21,1
9,Burgos,Castilla y León,2016,400.0,1.0405208860397714,1128.6180433333334,26-35,35.44,416.21,1
9,Burgos,Castilla y León,2016,400.0,1.0405208860397714,1429.8026866666667,36-45,27.98,416.21,0
9,Burgos,Castilla y León,2017,400.0,1.0205611862446453,557.1394583333333,18-25,71.8,408.22,1
9,Burgos,Castilla y León,2017,400.0,1.0205611862446453,1158.1552533333333,26-35,34.54,408.22,1
9,Burgos,Castilla y León,2017,400.0,1.0205611862446453,1459.2805849999997,36-45,27.41,408.22,0
9,Burgos,Castilla y León,2018,403.0348785871965,1.0037444693258832,584.141875,18-25,69.0,404.54,1
9,Burgos,Castilla y León,2018,403.0348785871965,1.0037444693258832,1213.9675316666667,26-35,33.2,404.54,1
9,Burgos,Castilla y León,2018,403.0348785871965,1.0037444693258832,1493.9779100000003,36-45,26.98,404.54,0
9,Burgos,Castilla y León,2019,435.04350435043506,0.9967743538313801,572.2795416666667,18-25,76.02,433.64,1
9,Burgos,Castilla y León,2019,435.04350435043506,0.9967743538313801,1219.424205,26-35,35.68,433.64,1
9,Burgos,Castilla y León,2019,435.04350435043506,0.9967743538313801,1509.8734366666667,36-45,28.81,433.64,0
9,Burgos,Castilla y León,2020,450.0,1.0,571.1869583333333,18-25,78.78,450.0,1
9,Burgos,Castilla y León,2020,450.0,1.0,1193.3863833333332,26-35,37.71,450.0,1
9,Burgos,Castilla y León,2020,450.0,1.0,1483.5983683333334,36-45,30.33,450.0,1
9,Burgos,Castilla y León,2021,450.0,0.9699974935414286,614.109875,18-25,73.28,436.5,1
9,Burgos,Castilla y León,2021,450.0,0.9699974935414286,1276.6006516666669,26-35,35.25,436.5,1
9,Burgos,Castilla y León,2021,450.0,0.9699974935414286,1554.2385633333333,36-45,28.95,436.5,0
9,Burgos,Castilla y León,2022,465.8333333333333,0.8949107299739896,660.5249391666666,18-25,70.52,416.88,1
9,Burgos,Castilla y León,2022,465.8333333333333,0.8949107299739896,1358.0948816666667,26-35,34.3,416.88,1
9,Burgos,Castilla y León,2022,465.8333333333333,0.8949107299739896,1625.0127666666667,36-45,28.67,416.88,0
9,Burgos,Castilla y León,2023,489.59999999999997,0.8643768521205406,692.0053866666667,18-25,70.75,423.2,1
9,Burgos,Castilla y León,2023,489.59999999999997,0.8643768521205406,1424.93913,26-35,34.36,423.2,1
9,Burgos,Castilla y León,2023,489.59999999999997,0.8643768521205406,1689.5844416666666,36-45,28.98,423.2,0
9,Burgos,Castilla y León,2024,500.0,0.8410456579083591,718.9344441666667,18-25,69.55,420.52,1
9,Burgos,Castilla y León,2024,500.0,0.8410456579083591,1503.2898416666667,26-35,33.26,420.52,1
9,Burgos,Castilla y León,2024,500.0,0.8410456579083591,1743.8312041666668,36-45,28.67,420.52,0
10,Cáceres,Extremadura,2011,346.70833333333337,1.0717791932800231,502.9785416666667,18-25,68.93,371.59,1
10,Cáceres,Extremadura,2011,346.70833333333337,1.0717791932800231,944.0386079166666,26-35,36.73,371.59,1
10,Cáceres,Extremadura,2011,346.70833333333337,1.0717791932800231,1115.3915416666666,36-45,31.08,371.59,1
10,Cáceres,Extremadura,2012,348.09782608695656,1.0461898360861621,437.5015833333334,18-25,79.56,364.18,1
10,Cáceres,Extremadura,2012,348.09782608695656,1.0461898360861621,883.4798354166668,26-35,39.4,364.18,1
10,Cáceres,Extremadura,2012,348.09782608695656,1.0461898360861621,1066.3572141666666,36-45,32.64,364.18,1
10,Cáceres,Extremadura,2013,327.8078193832599,1.031656722448744,372.10266666666666,18-25,88.1,338.19,1
10,Cáceres,Extremadura,2013,327.8078193832599,1.031656722448744,842.5805391666667,26-35,38.91,338.19,1
10,Cáceres,Extremadura,2013,327.8078193832599,1.031656722448744,1068.8857641666666,36-45,30.67,338.19,1
10,Cáceres,Extremadura,2014,320.0,1.0332160647146191,364.76675,18-25,87.73,330.63,1
10,Cáceres,Extremadura,2014,320.0,1.0332160647146191,831.5181329166667,26-35,38.48,330.63,1
10,Cáceres,Extremadura,2014,320.0,1.0332160647146191,1070.9718179166666,36-45,29.88,330.63,0
10,Cáceres,Extremadura,2015,308.60827864861113,1.0384115222946557,367.18604166666665,18-25,84.05,320.46,1
10,Cáceres,Extremadura,2015,308.60827864861113,1.0384115222946557,830.2538579166667,26-35,37.17,320.46,1
10,Cáceres,Extremadura,2015,308.60827864861113,1.0384115222946557,1085.6374079166667,36-45,28.43,320.46,0
10,Cáceres,Extremadura,2016,320.25000000000006,1.0405208860397714,383.4187083333333,18-25,83.52,333.23,1
10,Cáceres,Extremadura,2016,320.25000000000006,1.0405208860397714,820.8982229166668,26-35,39.01,333.23,1
10,Cáceres,Extremadura,2016,320.25000000000006,1.0405208860397714,1100.0891316666666,36-45,29.11,333.23,0
10,Cáceres,Extremadura,2017,326.4052672955974,1.0205611862446453,404.72408333333334,18-25,80.65,333.12,1
10,Cáceres,Extremadura,2017,326.4052672955974,1.0205611862446453,832.1502704166668,26-35,39.22,333.12,1
10,Cáceres,Extremadura,2017,326.4052672955974,1.0205611862446453,1112.7818283333334,36-45,29.33,333.12,0
10,Cáceres,Extremadura,2018,334.58333333333337,1.0037444693258832,434.06775,18-25,77.08,335.84,1
10,Cáceres,Extremadura,2018,334.58333333333337,1.0037444693258832,869.3831691666668,26-35,38.49,335.84,1
10,Cáceres,Extremadura,2018,334.58333333333337,1.0037444693258832,1146.3522316666665,36-45,29.19,335.84,0
10,Cáceres,Extremadura,2019,350.0,0.9967743538313801,467.079375,18-25,74.93,348.87,1
10,Cáceres,Extremadura,2019,350.0,0.9967743538313801,929.6890866666666,26-35,37.65,348.87,1
10,Cáceres,Extremadura,2019,350.0,0.9967743538313801,1196.292655,36-45,29.26,348.87,0
10,Cáceres,Extremadura,2020,351.9230769230769,1.0,476.44437500000004,18-25,73.86,351.92,1
10,Cáceres,Extremadura,2020,351.9230769230769,1.0,919.1323904166667,26-35,38.29,351.92,1
10,Cáceres,Extremadura,2020,351.9230769230769,1.0,1195.2843566666668,36-45,29.44,351.92,0
10,Cáceres,Extremadura,2021,366.6666666666667,0.9699974935414286,514.372625,18-25,71.28,355.67,1
10,Cáceres,Extremadura,2021,366.6666666666667,0.9699974935414286,986.8343166666667,26-35,37.16,355.67,1
10,Cáceres,Extremadura,2021,366.6666666666667,0.9699974935414286,1254.9518933333331,36-45,29.22,355.67,0
10,Cáceres,Extremadura,2022,380.0,0.8949107299739896,568.2994166666666,18-25,66.87,340.07,1
10,Cáceres,Extremadura,2022,380.0,0.8949107299739896,1065.0929391666666,26-35,35.68,340.07,1
10,Cáceres,Extremadura,2022,380.0,0.8949107299739896,1315.2125466666666,36-45,28.89,340.07,0
10,Cáceres,Extremadura,2023,400.0,0.8643768521205406,615.2024583333333,18-25,65.02,345.75,1
10,Cáceres,Extremadura,2023,400.0,0.8643768521205406,1136.2099366666666,26-35,35.2,345.75,1
10,Cáceres,Extremadura,2023,400.0,0.8643768521205406,1380.7519383333336,36-45,28.97,345.75,0
10,Cáceres,Extremadura,2024,415.4725877192982,0.8410456579083591,652.3071516666668,18-25,63.69,349.43,1
10,Cáceres,Extremadura,2024,415.4725877192982,0.8410456579083591,1210.4681433333333,26-35,34.32,349.43,1
10,Cáceres,Extremadura,2024,415.4725877192982,0.8410456579083591,1442.1988250000002,36-45,28.81,349.43,0
11,Cádiz,Andalucía,2011,412.5,1.0717791932800231,476.6785,18-25,86.54,442.11,1
11,Cádiz,Andalucía,2011,412.5,1.0717791932800231,965.4680691666667,26-35,42.73,442.11,1
11,Cádiz,Andalucía,2011,412.5,1.0717791932800231,1213.018545,36-45,34.01,442.11,1
11,Cádiz,Andalucía,2012,410.0,1.0461898360861621,433.59950000000003,18-25,94.56,428.94,1
11,Cádiz,Andalucía,2012,410.0,1.0461898360861621,917.4256191666667,26-35,44.69,428.94,1
11,Cádiz,Andalucía,2012,410.0,1.0461898360861621,1174.5252733333334,36-45,34.91,428.94,1
11,Cádiz,Andalucía,2013,400.0,1.031656722448744,384.1210833333333,18-25,104.13,412.66,1
11,Cádiz,Andalucía,2013,400.0,1.031656722448744,870.9002991666666,26-35,45.93,412.66,1
11,Cádiz,Andalucía,2013,400.0,1.031656722448744,1153.3510083333333,36-45,34.68,412.66,1
11,Cádiz,Andalucía,2014,400.0,1.0332160647146191,359.77208333333334,18-25,111.18,413.29,1
11,Cádiz,Andalucía,2014,400.0,1.0332160647146191,850.2294029166668,26-35,47.05,413.29,1
11,Cádiz,Andalucía,2014,400.0,1.0332160647146191,1156.079345,36-45,34.6,413.29,1
11,Cádiz,Andalucía,2015,400.0,1.0384115222946557,372.49287499999997,18-25,107.38,415.36,1
11,Cádiz,Andalucía,2015,400.0,1.0384115222946557,845.8044404166667,26-35,47.29,415.36,1
11,Cádiz,Andalucía,2015,400.0,1.0384115222946557,1177.4315450000001,36-45,33.97,415.36,1
11,Cádiz,Andalucía,2016,400.0,1.0405208860397714,388.64750000000004,18-25,102.92,416.21,1
11,Cádiz,Andalucía,2016,400.0,1.0405208860397714,850.7351129166667,26-35,47.02,416.21,1
11,Cádiz,Andalucía,2016,400.0,1.0405208860397714,1195.8774733333332,36-45,33.45,416.21,1
11,Cádiz,Andalucía,2017,400.0,1.0205611862446453,402.460875,18-25,99.39,408.22,1
11,Cádiz,Andalucía,2017,400.0,1.0205611862446453,859.0793279166666,26-35,46.56,408.22,1
11,Cádiz,Andalucía,2017,400.0,1.0205611862446453,1214.2047783333333,36-45,32.94,408.22,1
11,Cádiz,Andalucía,2018,400.0,1.0037444693258832,431.80454166666664,18-25,92.63,401.5,1
11,Cádiz,Andalucía,2018,400.0,1.0037444693258832,894.6686691666667,26-35,44.71,401.5,1
11,Cádiz,Andalucía,2018,400.0,1.0037444693258832,1246.64826,36-45,32.09,401.5,1
11,Cádiz,Andalucía,2019,446.6060897954778,0.9967743538313801,468.32804166666665,18-25,95.36,445.17,1
11,Cádiz,Andalucía,2019,446.6060897954778,0.9967743538313801,942.7111191666667,26-35,47.37,445.17,1
11,Cádiz,Andalucía,2019,446.6060897954778,0.9967743538313801,1279.8034816666668,36-45,34.9,445.17,1
11,Cádiz,Andalucía,2020,450.0,1.0,459.8215,18-25,97.86,450.0,1
11,Cádiz,Andalucía,2020,450.0,1.0,916.3509854166667,26-35,49.11,450.0,1
11,Cádiz,Andalucía,2020,450.0,1.0,1256.96849,36-45,35.8,450.0,1
11,Cádiz,Andalucía,2021,452.2739651416122,0.9699974935414286,492.44291666666663,18-25,91.84,438.7,1
11,Cádiz,Andalucía,2021,452.2739651416122,0.9699974935414286,1005.9248691666666,26-35,44.96,438.7,1
11,Cádiz,Andalucía,2021,452.2739651416122,0.9699974935414286,1316.576715,36-45,34.35,438.7,1
11,Cádiz,Andalucía,2022,482.4235700197239,0.8949107299739896,532.7124166666666,18-25,90.56,431.73,1
11,Cádiz,Andalucía,2022,482.4235700197239,0.8949107299739896,1074.7646429166666,26-35,44.89,431.73,1
11,Cádiz,Andalucía,2022,482.4235700197239,0.8949107299739896,1379.38777,36-45,34.97,431.73,1
11,Cádiz,Andalucía,2023,500.0,0.8643768521205406,574.6988333333334,18-25,87.0,432.19,1
11,Cádiz,Andalucía,2023,500.0,0.8643768521205406,1141.4886749999998,26-35,43.8,432.19,1
11,Cádiz,Andalucía,2023,500.0,0.8643768521205406,1433.5986333333333,36-45,34.88,432.19,1
11,Cádiz,Andalucía,2024,530.0,0.8410456579083591,605.44725,18-25,87.54,445.75,1
11,Cádiz,Andalucía,2024,530.0,0.8410456579083591,1199.9699783333333,26-35,44.17,445.75,1
11,Cádiz,Andalucía,2024,530.0,0.8410456579083591,1484.01355,36-45,35.71,445.75,1
12,Castellón/Castelló,Comunitat Valenciana,2011,340.1864035087719,1.0717791932800231,528.186,18-25,64.41,364.6,1
12,Castellón/Castelló,Comunitat Valenciana,2011,340.1864035087719,1.0717791932800231,1058.3290679166666,26-35,32.14,364.6,1
12,Castellón/Castelló,Comunitat Valenciana,2011,340.1864035087719,1.0717791932800231,1293.1486066666666,36-45,26.31,364.6,0
12,Castellón/Castelló,Comunitat Valenciana,2012,320.8333333333333,1.0461898360861621,476.75654166666664,18-25,67.3,335.65,1
12,Castellón/Castelló,Comunitat Valenciana,2012,320.8333333333333,1.0461898360861621,1016.9872754166666,26-35,31.55,335.65,1
12,Castellón/Castelló,Comunitat Valenciana,2012,320.8333333333333,1.0461898360861621,1259.5782033333335,36-45,25.47,335.65,0
12,Castellón/Castelló,Comunitat Valenciana,2013,300.0,1.031656722448744,429.69741666666664,18-25,69.82,309.5,1
12,Castellón/Castelló,Comunitat Valenciana,2013,300.0,1.031656722448744,984.7482629166667,26-35,30.46,309.5,1
12,Castellón/Castelló,Comunitat Valenciana,2013,300.0,1.031656722448744,1249.1393500000001,36-45,24.02,309.5,0
12,Castellón/Castelló,Comunitat Valenciana,2014,300.0,1.0332160647146191,414.4792916666667,18-25,72.38,309.96,1
12,Castellón/Castelló,Comunitat Valenciana,2014,300.0,1.0332160647146191,973.5594291666666,26-35,30.81,309.96,1
12,Castellón/Castelló,Comunitat Valenciana,2014,300.0,1.0332160647146191,1247.3006883333335,36-45,24.05,309.96,0
12,Castellón/Castelló,Comunitat Valenciana,2015,300.0,1.0384115222946557,427.9024583333333,18-25,70.11,311.52,1
12,Castellón/Castelló,Comunitat Valenciana,2015,300.0,1.0384115222946557,986.7711029166667,26-35,30.4,311.52,1
12,Castellón/Castelló,Comunitat Valenciana,2015,300.0,1.0384115222946557,1269.77981,36-45,23.63,311.52,0
12,Castellón/Castelló,Comunitat Valenciana,2016,300.0,1.0405208860397714,450.4565,18-25,66.6,312.16,1
12,Castellón/Castelló,Comunitat Valenciana,2016,300.0,1.0405208860397714,1020.4008179166667,26-35,29.4,312.16,0
12,Castellón/Castelló,Comunitat Valenciana,2016,300.0,1.0405208860397714,1292.7334250000001,36-45,23.21,312.16,0
12,Castellón/Castelló,Comunitat Valenciana,2017,300.0,1.0205611862446453,497.6717083333333,18-25,60.28,306.17,1
12,Castellón/Castelló,Comunitat Valenciana,2017,300.0,1.0205611862446453,1065.0929391666666,26-35,28.17,306.17,0
12,Castellón/Castelló,Comunitat Valenciana,2017,300.0,1.0205611862446453,1325.9479583333334,36-45,22.63,306.17,0
12,Castellón/Castelló,Comunitat Valenciana,2018,305.0,1.0037444693258832,550.0376666666667,18-25,55.45,306.14,1
12,Castellón/Castelló,Comunitat Valenciana,2018,305.0,1.0037444693258832,1117.7046966666667,26-35,27.29,306.14,0
12,Castellón/Castelló,Comunitat Valenciana,2018,305.0,1.0037444693258832,1362.6618799999999,36-45,22.38,306.14,0
12,Castellón/Castelló,Comunitat Valenciana,2019,347.675,0.9967743538313801,580.5519583333333,18-25,59.89,346.55,1
12,Castellón/Castelló,Comunitat Valenciana,2019,347.675,0.9967743538313801,1160.2904733333335,26-35,29.96,346.55,0
12,Castellón/Castelló,Comunitat Valenciana,2019,347.675,0.9967743538313801,1412.7802383333335,36-45,24.61,346.55,0
12,Castellón/Castelló,Comunitat Valenciana,2020,350.0,1.0,596.1602916666667,18-25,58.71,350.0,1
12,Castellón/Castelló,Comunitat Valenciana,2020,350.0,1.0,1155.0710466666667,26-35,30.3,350.0,1
12,Castellón/Castelló,Comunitat Valenciana,2020,350.0,1.0,1408.3318633333336,36-45,24.85,350.0,0
12,Castellón/Castelló,Comunitat Valenciana,2021,360.0,0.9699974935414286,643.3940129166666,18-25,55.95,349.2,1
12,Castellón/Castelló,Comunitat Valenciana,2021,360.0,0.9699974935414286,1248.07174,26-35,28.84,349.2,0
12,Castellón/Castelló,Comunitat Valenciana,2021,360.0,0.9699974935414286,1476.8368383333334,36-45,24.38,349.2,0
12,Castellón/Castelló,Comunitat Valenciana,2022,385.9755254564316,0.8949107299739896,662.7374204166666,18-25,58.24,345.41,1
12,Castellón/Castelló,Comunitat Valenciana,2022,385.9755254564316,0.8949107299739896,1305.4854333333333,26-35,29.57,345.41,0
12,Castellón/Castelló,Comunitat Valenciana,2022,385.9755254564316,0.8949107299739896,1540.3596333333335,36-45,25.06,345.41,0
12,Castellón/Castelló,Comunitat Valenciana,2023,400.0,0.8643768521205406,682.7761791666667,18-25,58.58,345.75,1
12,Castellón/Castelló,Comunitat Valenciana,2023,400.0,0.8643768521205406,1355.366545,26-35,29.51,345.75,0
12,Castellón/Castelló,Comunitat Valenciana,2023,400.0,0.8643768521205406,1590.4871333333333,36-45,25.15,345.75,0
12,Castellón/Castelló,Comunitat Valenciana,2024,440.0,0.8410456579083591,720.5147879166667,18-25,61.07,370.06,1
12,Castellón/Castelló,Comunitat Valenciana,2024,440.0,0.8410456579083591,1403.4683066666666,26-35,31.35,370.06,1
12,Castellón/Castelló,Comunitat Valenciana,2024,440.0,0.8410456579083591,1644.5700083333334,36-45,26.75,370.06,0
13,Ciudad Real,Castilla - La Mancha,2011,350.0,1.0717791932800231,532.0880833333333,18-25,65.78,375.12,1
13,Ciudad Real,Castilla - La Mancha,2011,350.0,1.0717791932800231,1040.7556454166668,26-35,33.63,375.12,1
13,Ciudad Real,Castilla - La Mancha,2011,350.0,1.0717791932800231,1231.34585,36-45,28.42,375.12,0
13,Ciudad Real,Castilla - La Mancha,2012,345.05606060606067,1.0461898360861621,463.801625,18-25,74.4,360.99,1
13,Ciudad Real,Castilla - La Mancha,2012,345.05606060606067,1.0461898360861621,961.1695341666667,26-35,35.9,360.99,1
13,Ciudad Real,Castilla - La Mancha,2012,345.05606060606067,1.0461898360861621,1180.1005699999998,36-45,29.24,360.99,0
13,Ciudad Real,Castilla - La Mancha,2013,322.1479028697572,1.031656722448744,404.33387500000003,18-25,79.67,332.35,1
13,Ciudad Real,Castilla - La Mancha,2013,322.1479028697572,1.031656722448744,918.0577566666667,26-35,35.09,332.35,1
13,Ciudad Real,Castilla - La Mancha,2013,322.1479028697572,1.031656722448744,1175.5928833333332,36-45,27.4,332.35,0
13,Ciudad Real,Castilla - La Mancha,2014,300.0,1.0332160647146191,379.048375,18-25,79.15,309.96,1
13,Ciudad Real,Castilla - La Mancha,2014,300.0,1.0332160647146191,894.2893866666667,26-35,33.55,309.96,1
13,Ciudad Real,Castilla - La Mancha,2014,300.0,1.0332160647146191,1171.9155600000001,36-45,25.6,309.96,0
13,Ciudad Real,Castilla - La Mancha,2015,300.0,1.0384115222946557,393.79825,18-25,76.18,311.52,1
13,Ciudad Real,Castilla - La Mancha,2015,300.0,1.0384115222946557,904.7196554166667,26-35,33.16,311.52,1
13,Ciudad Real,Castilla - La Mancha,2015,300.0,1.0384115222946557,1201.6900166666667,36-45,24.96,311.52,0
13,Ciudad Real,Castilla - La Mancha,2016,300.0,1.0405208860397714,403.7875833333333,18-25,74.3,312.16,1
13,Ciudad Real,Castilla - La Mancha,2016,300.0,1.0405208860397714,903.7082354166665,26-35,33.2,312.16,1
13,Ciudad Real,Castilla - La Mancha,2016,300.0,1.0405208860397714,1208.748105,36-45,24.82,312.16,0
13,Ciudad Real,Castilla - La Mancha,2017,300.0,1.0205611862446453,439.76479166666667,18-25,68.22,306.17,1
13,Ciudad Real,Castilla - La Mancha,2017,300.0,1.0205611862446453,926.7180404166667,26-35,32.37,306.17,1
13,Ciudad Real,Castilla - La Mancha,2017,300.0,1.0205611862446453,1243.0895600000001,36-45,24.13,306.17,0
13,Ciudad Real,Castilla - La Mancha,2018,300.68051575931236,1.0037444693258832,477.92716666666666,18-25,62.91,301.81,1
13,Ciudad Real,Castilla - La Mancha,2018,300.68051575931236,1.0037444693258832,961.9913129166667,26-35,31.26,301.81,1
13,Ciudad Real,Castilla - La Mancha,2018,300.68051575931236,1.0037444693258832,1278.67656,36-45,23.51,301.81,0
13,Ciudad Real,Castilla - La Mancha,2019,330.0,0.9967743538313801,522.567,18-25,63.15,328.94,1
13,Ciudad Real,Castilla - La Mancha,2019,330.0,0.9967743538313801,1018.5676191666666,26-35,32.4,328.94,1
13,Ciudad Real,Castilla - La Mancha,2019,330.0,0.9967743538313801,1332.5315533333332,36-45,24.76,328.94,0
13,Ciudad Real,Castilla - La Mancha,2020,340.04794520547944,1.0,528.8103333333333,18-25,64.3,340.05,1
13,Ciudad Real,Castilla - La Mancha,2020,340.04794520547944,1.0,1010.4130454166666,26-35,33.65,340.05,1
13,Ciudad Real,Castilla - La Mancha,2020,340.04794520547944,1.0,1330.6928916666668,36-45,25.55,340.05,0
13,Ciudad Real,Castilla - La Mancha,2021,350.0,0.9699974935414286,577.8204999999999,18-25,60.57,339.5,1
13,Ciudad Real,Castilla - La Mancha,2021,350.0,0.9699974935414286,1095.581445,26-35,31.95,339.5,1
13,Ciudad Real,Castilla - La Mancha,2021,350.0,0.9699974935414286,1387.9879616666667,36-45,25.22,339.5,0
13,Ciudad Real,Castilla - La Mancha,2022,350.6112774451097,0.8949107299739896,606.3057083333333,18-25,57.83,313.77,1
13,Ciudad Real,Castilla - La Mancha,2022,350.6112774451097,0.8949107299739896,1147.7164,26-35,30.55,313.77,1
13,Ciudad Real,Castilla - La Mancha,2022,350.6112774451097,0.8949107299739896,1438.46219,36-45,24.37,313.77,0
13,Ciudad Real,Castilla - La Mancha,2023,371.38786069651746,0.8643768521205406,653.9507091666667,18-25,56.79,321.02,1
13,Ciudad Real,Castilla - La Mancha,2023,371.38786069651746,0.8643768521205406,1223.694645,26-35,30.35,321.02,1
13,Ciudad Real,Castilla - La Mancha,2023,371.38786069651746,0.8643768521205406,1499.9090766666666,36-45,24.76,321.02,0
13,Ciudad Real,Castilla - La Mancha,2024,398.3673469387756,0.8410456579083591,683.7243854166667,18-25,58.26,335.05,1
13,Ciudad Real,Castilla - La Mancha,2024,398.3673469387756,0.8410456579083591,1279.03243,26-35,31.15,335.05,1
13,Ciudad Real,Castilla - La Mancha,2024,398.3673469387756,0.8410456579083591,1544.9859433333334,36-45,25.78,335.05,0
14,Córdoba,Andalucía,2011,400.219298245614,1.0717791932800231,471.52774999999997,18-25,84.88,428.95,1
14,Córdoba,Andalucía,2011,400.219298245614,1.0717791932800231,920.5230929166668,26-35,43.48,428.95,1
14,Córdoba,Andalucía,2011,400.219298245614,1.0717791932800231,1079.6321016666668,36-45,37.07,428.95,1
14,Córdoba,Andalucía,2012,400.0,1.0461898360861621,426.8879166666666,18-25,93.7,418.48,1
14,Córdoba,Andalucía,2012,400.0,1.0461898360861621,862.8721529166666,26-35,46.36,418.48,1
14,Córdoba,Andalucía,2012,400.0,1.0461898360861621,1031.4632241666666,36-45,38.78,418.48,1
14,Córdoba,Andalucía,2013,395.8333333333333,1.031656722448744,380.8433333333333,18-25,103.94,408.36,1
14,Córdoba,Andalucía,2013,395.8333333333333,1.031656722448744,820.3292991666667,26-35,48.25,408.36,1
14,Córdoba,Andalucía,2013,395.8333333333333,1.031656722448744,1016.6712066666668,36-45,38.93,408.36,1
14,Córdoba,Andalucía,2014,385.8333333333333,1.0332160647146191,360.9427083333333,18-25,106.9,398.65,1
14,Córdoba,Andalucía,2014,385.8333333333333,1.0332160647146191,805.6004954166668,26-35,47.89,398.65,1
14,Córdoba,Andalucía,2014,385.8333333333333,1.0332160647146191,1021.7915204166667,36-45,37.76,398.65,1
14,Córdoba,Andalucía,2015,380.0,1.0384115222946557,372.4148333333333,18-25,102.04,394.6,1
14,Córdoba,Andalucía,2015,380.0,1.0384115222946557,813.8182829166667,26-35,46.69,394.6,1
14,Córdoba,Andalucía,2015,380.0,1.0384115222946557,1046.4448829166665,36-45,36.31,394.6,1
14,Córdoba,Andalucía,2016,390.5,1.0405208860397714,377.2534166666667,18-25,103.51,406.32,1
14,Córdoba,Andalucía,2016,390.5,1.0405208860397714,817.8007491666667,26-35,47.75,406.32,1
14,Córdoba,Andalucía,2016,390.5,1.0405208860397714,1077.0403379166667,36-45,36.26,406.32,1
14,Córdoba,Andalucía,2017,400.0,1.0205611862446453,406.5190416666667,18-25,98.4,408.22,1
14,Córdoba,Andalucía,2017,400.0,1.0205611862446453,838.0923629166667,26-35,47.73,408.22,1
14,Córdoba,Andalucía,2017,400.0,1.0205611862446453,1104.1816366666667,36-45,36.23,408.22,1
14,Córdoba,Andalucía,2018,400.0,1.0037444693258832,431.7265,18-25,92.65,401.5,1
14,Córdoba,Andalucía,2018,400.0,1.0037444693258832,877.3481016666668,26-35,45.59,401.5,1
14,Córdoba,Andalucía,2018,400.0,1.0037444693258832,1143.0307783333335,36-45,34.99,401.5,1
14,Córdoba,Andalucía,2019,425.0,0.9967743538313801,472.0740416666667,18-25,90.03,423.63,1
14,Córdoba,Andalucía,2019,425.0,0.9967743538313801,932.7233466666667,26-35,45.57,423.63,1
14,Córdoba,Andalucía,2019,425.0,0.9967743538313801,1194.6912399999999,36-45,35.57,423.63,1
14,Córdoba,Andalucía,2020,428.99532710280386,1.0,455.9974583333333,18-25,94.08,429.0,1
14,Córdoba,Andalucía,2020,428.99532710280386,1.0,908.3228391666668,26-35,47.23,429.0,1
14,Córdoba,Andalucía,2020,428.99532710280386,1.0,1182.1764783333333,36-45,36.29,429.0,1
14,Córdoba,Andalucía,2021,447.3039215686274,0.9699974935414286,525.3765,18-25,85.14,433.88,1
14,Córdoba,Andalucía,2021,447.3039215686274,0.9699974935414286,1010.9819691666667,26-35,44.24,433.88,1
14,Córdoba,Andalucía,2021,447.3039215686274,0.9699974935414286,1254.3587766666667,36-45,35.66,433.88,1
14,Córdoba,Andalucía,2022,450.0,0.8949107299739896,554.5640833333333,18-25,81.14,402.71,1
14,Córdoba,Andalucía,2022,450.0,0.8949107299739896,1072.1728791666667,26-35,41.97,402.71,1
14,Córdoba,Andalucía,2022,450.0,0.8949107299739896,1313.373885,36-45,34.26,402.71,1
14,Córdoba,Andalucía,2023,462.4829700272479,0.8643768521205406,603.0279583333333,18-25,76.69,399.76,1
14,Córdoba,Andalucía,2023,462.4829700272479,0.8643768521205406,1141.4293633333334,26-35,40.52,399.76,1
14,Córdoba,Andalucía,2023,462.4829700272479,0.8643768521205406,1377.3711733333332,36-45,33.58,399.76,1
14,Córdoba,Andalucía,2024,483.41503267973854,0.8410456579083591,628.4695416666667,18-25,76.92,406.57,1
14,Córdoba,Andalucía,2024,483.41503267973854,0.8410456579083591,1197.8347583333332,26-35,40.36,406.57,1
14,Córdoba,Andalucía,2024,483.41503267973854,0.8410456579083591,1433.7172566666668,36-45,33.72,406.57,1
15,"Coruña, A",Galicia,2011,360.0,1.0717791932800231,603.808375,18-25,59.62,385.84,1
15,"Coruña, A",Galicia,2011,360.0,1.0717791932800231,1108.5113883333333,26-35,32.48,385.84,1
15,"Coruña, A",Galicia,2011,360.0,1.0717791932800231,1392.0211550000001,36-45,25.86,385.84,0
15,"Coruña, A",Galicia,2012,360.0,1.0461898360861621,563.6169166666667,18-25,63.87,376.63,1
15,"Coruña, A",Galicia,2012,360.0,1.0461898360861621,1063.7022366666667,26-35,33.84,376.63,1
15,"Coruña, A",Galicia,2012,360.0,1.0461898360861621,1354.9513633333333,36-45,26.57,376.63,0
15,"Coruña, A",Galicia,2013,350.0,1.031656722448744,516.5577916666667,18-25,67.76,361.08,1
15,"Coruña, A",Galicia,2013,350.0,1.031656722448744,1038.4799504166667,26-35,33.7,361.08,1
15,"Coruña, A",Galicia,2013,350.0,1.031656722448744,1349.7319366666668,36-45,25.93,361.08,0
15,"Coruña, A",Galicia,2014,350.0,1.0332160647146191,484.7948333333334,18-25,72.2,361.63,1
15,"Coruña, A",Galicia,2014,350.0,1.0332160647146191,1022.5500854166667,26-35,34.23,361.63,1
15,"Coruña, A",Galicia,2014,350.0,1.0332160647146191,1339.7675766666666,36-45,26.12,361.63,0
15,"Coruña, A",Galicia,2015,350.0,1.0384115222946557,484.01441666666665,18-25,72.31,363.44,1
15,"Coruña, A",Galicia,2015,350.0,1.0384115222946557,1037.9110266666667,26-35,33.72,363.44,1
15,"Coruña, A",Galicia,2015,350.0,1.0384115222946557,1360.0521666666666,36-45,25.73,363.44,0
15,"Coruña, A",Galicia,2016,350.0,1.0405208860397714,507.2708333333333,18-25,69.0,364.18,1
15,"Coruña, A",Galicia,2016,350.0,1.0405208860397714,1043.1577679166667,26-35,33.55,364.18,1
15,"Coruña, A",Galicia,2016,350.0,1.0405208860397714,1376.0663166666666,36-45,25.43,364.18,0
15,"Coruña, A",Galicia,2017,350.0,1.0205611862446453,524.7521666666667,18-25,66.7,357.2,1
15,"Coruña, A",Galicia,2017,350.0,1.0205611862446453,1071.2878866666667,26-35,32.67,357.2,1
15,"Coruña, A",Galicia,2017,350.0,1.0205611862446453,1390.2418049999999,36-45,25.18,357.2,0
15,"Coruña, A",Galicia,2018,353.0,1.0037444693258832,553.7836666666667,18-25,63.74,354.32,1
15,"Coruña, A",Galicia,2018,353.0,1.0037444693258832,1117.7640083333333,26-35,31.58,354.32,1
15,"Coruña, A",Galicia,2018,353.0,1.0037444693258832,1425.5915583333333,36-45,24.76,354.32,0
15,"Coruña, A",Galicia,2019,378.0763239875389,0.9967743538313801,580.16175,18-25,65.17,376.86,1
15,"Coruña, A",Galicia,2019,378.0763239875389,0.9967743538313801,1156.8503966666667,26-35,32.68,376.86,1
15,"Coruña, A",Galicia,2019,378.0763239875389,0.9967743538313801,1474.7016183333335,36-45,25.64,376.86,0
15,"Coruña, A",Galicia,2020,387.37226277372264,1.0,568.2994166666666,18-25,68.16,387.37,1
15,"Coruña, A",Galicia,2020,387.37226277372264,1.0,1130.9905099999999,26-35,34.25,387.37,1
15,"Coruña, A",Galicia,2020,387.37226277372264,1.0,1442.02089,36-45,26.86,387.37,0
15,"Coruña, A",Galicia,2021,400.0,0.9699974935414286,586.249,18-25,68.23,388.0,1
15,"Coruña, A",Galicia,2021,400.0,0.9699974935414286,1206.5535733333334,26-35,33.15,388.0,1
15,"Coruña, A",Galicia,2021,400.0,0.9699974935414286,1502.9932833333332,36-45,26.61,388.0,0
15,"Coruña, A",Galicia,2022,401.0989010989011,0.8949107299739896,638.6529816666667,18-25,62.8,358.95,1
15,"Coruña, A",Galicia,2022,401.0989010989011,0.8949107299739896,1293.3858533333332,26-35,31.01,358.95,1
15,"Coruña, A",Galicia,2022,401.0989010989011,0.8949107299739896,1594.9120958333333,36-45,25.15,358.95,0
15,"Coruña, A",Galicia,2023,430.0,0.8643768521205406,685.1783016666667,18-25,62.76,371.68,1
15,"Coruña, A",Galicia,2023,430.0,0.8643768521205406,1372.1517466666667,26-35,31.34,371.68,1
15,"Coruña, A",Galicia,2023,430.0,0.8643768521205406,1676.8012166666667,36-45,25.64,371.68,0
15,"Coruña, A",Galicia,2024,450.0,0.8410456579083591,721.2733529166667,18-25,62.39,378.47,1
15,"Coruña, A",Galicia,2024,450.0,0.8410456579083591,1443.6223049999999,26-35,31.17,378.47,1
15,"Coruña, A",Galicia,2024,450.0,0.8410456579083591,1742.8478791666669,36-45,25.82,378.47,0
16,Cuenca,Castilla - La Mancha,2011,416.6666666666667,1.0717791932800231,577.4302916666667,18-25,72.16,446.57,1
16,Cuenca,Castilla - La Mancha,2011,416.6666666666667,1.0717791932800231,1003.5859604166666,26-35,41.52,446.57,1
16,Cuenca,Castilla - La Mancha,2011,416.6666666666667,1.0717791932800231,1160.2311616666668,36-45,35.91,446.57,1
16,Cuenca,Castilla - La Mancha,2012,400.0,1.0461898360861621,510.86075,18-25,78.3,418.48,1
16,Cuenca,Castilla - La Mancha,2012,400.0,1.0461898360861621,930.7637204166666,26-35,42.98,418.48,1
16,Cuenca,Castilla - La Mancha,2012,400.0,1.0461898360861621,1120.9668383333333,36-45,35.68,418.48,1
16,Cuenca,Castilla - La Mancha,2013,370.762014049051,1.031656722448744,457.63633333333337,18-25,81.02,382.5,1
16,Cuenca,Castilla - La Mancha,2013,370.762014049051,1.031656722448744,896.6282954166667,26-35,41.35,382.5,1
16,Cuenca,Castilla - La Mancha,2013,370.762014049051,1.031656722448744,1113.019075,36-45,33.31,382.5,1
16,Cuenca,Castilla - La Mancha,2014,350.0,1.0332160647146191,445.1496666666667,18-25,78.63,361.63,1
16,Cuenca,Castilla - La Mancha,2014,350.0,1.0332160647146191,893.7836766666668,26-35,39.16,361.63,1
16,Cuenca,Castilla - La Mancha,2014,350.0,1.0332160647146191,1110.2314266666665,36-45,31.52,361.63,1
16,Cuenca,Castilla - La Mancha,2015,350.0,1.0384115222946557,450.14433333333335,18-25,77.75,363.44,1
16,Cuenca,Castilla - La Mancha,2015,350.0,1.0384115222946557,905.0989379166667,26-35,38.67,363.44,1
16,Cuenca,Castilla - La Mancha,2015,350.0,1.0384115222946557,1128.5587316666667,36-45,31.01,363.44,1
16,Cuenca,Castilla - La Mancha,2016,350.0,1.0405208860397714,463.56750000000005,18-25,75.5,364.18,1
16,Cuenca,Castilla - La Mancha,2016,350.0,1.0405208860397714,914.5177866666667,26-35,38.27,364.18,1
16,Cuenca,Castilla - La Mancha,2016,350.0,1.0405208860397714,1142.6749083333332,36-45,30.63,364.18,1
16,Cuenca,Castilla - La Mancha,2017,350.0,1.0205611862446453,494.472,18-25,70.78,357.2,1
16,Cuenca,Castilla - La Mancha,2017,350.0,1.0205611862446453,949.4749904166666,26-35,36.86,357.2,1
16,Cuenca,Castilla - La Mancha,2017,350.0,1.0205611862446453,1174.3473383333333,36-45,29.8,357.2,0
16,Cuenca,Castilla - La Mancha,2018,350.0,1.0037444693258832,514.0604583333334,18-25,68.09,351.31,1
16,Cuenca,Castilla - La Mancha,2018,350.0,1.0037444693258832,993.4085466666666,26-35,35.23,351.31,1
16,Cuenca,Castilla - La Mancha,2018,350.0,1.0037444693258832,1212.5440516666665,36-45,28.86,351.31,0
16,Cuenca,Castilla - La Mancha,2019,377.3801986754967,0.9967743538313801,556.9053333333333,18-25,67.76,376.16,1
16,Cuenca,Castilla - La Mancha,2019,377.3801986754967,0.9967743538313801,1052.0709066666666,26-35,35.87,376.16,1
16,Cuenca,Castilla - La Mancha,2019,377.3801986754967,0.9967743538313801,1256.61262,36-45,30.03,376.16,1
16,Cuenca,Castilla - La Mancha,2020,390.0,1.0,591.3217083333333,18-25,65.95,390.0,1
16,Cuenca,Castilla - La Mancha,2020,390.0,1.0,1065.1561529166665,26-35,36.61,390.0,1
16,Cuenca,Castilla - La Mancha,2020,390.0,1.0,1274.584055,36-45,30.6,390.0,1
16,Cuenca,Castilla - La Mancha,2021,400.0,0.9699974935414286,607.7885,18-25,65.81,388.0,1
16,Cuenca,Castilla - La Mancha,2021,400.0,0.9699974935414286,1132.8884833333334,26-35,35.31,388.0,1
16,Cuenca,Castilla - La Mancha,2021,400.0,0.9699974935414286,1331.8791250000002,36-45,30.03,388.0,1
16,Cuenca,Castilla - La Mancha,2022,410.4166666666667,0.8949107299739896,653.8242816666667,18-25,62.77,367.29,1
16,Cuenca,Castilla - La Mancha,2022,410.4166666666667,0.8949107299739896,1192.0222150000002,26-35,34.43,367.29,1
16,Cuenca,Castilla - La Mancha,2022,410.4166666666667,0.8949107299739896,1372.9227983333333,36-45,29.89,367.29,0
16,Cuenca,Castilla - La Mancha,2023,446.6666666666667,0.8643768521205406,690.9939666666666,18-25,64.64,386.09,1
16,Cuenca,Castilla - La Mancha,2023,446.6666666666667,0.8643768521205406,1244.51304,26-35,35.89,386.09,1
16,Cuenca,Castilla - La Mancha,2023,446.6666666666667,0.8643768521205406,1427.9047133333333,36-45,31.28,386.09,1
16,Cuenca,Castilla - La Mancha,2024,460.0,0.8410456579083591,708.2513204166667,18-25,64.95,386.88,1
16,Cuenca,Castilla - La Mancha,2024,460.0,0.8410456579083591,1302.6384733333332,26-35,35.31,386.88,1
16,Cuenca,Castilla - La Mancha,2024,460.0,0.8410456579083591,1473.9305666666667,36-45,31.21,386.88,1
17,Girona,Cataluña,2011,450.0,1.0717791932800231,581.2543333333333,18-25,77.42,482.3,1
17,Girona,Cataluña,2011,450.0,1.0717791932800231,1112.0700883333332,26-35,40.47,482.3,1
17,Girona,Cataluña,2011,450.0,1.0717791932800231,1369.9572150000001,36-45,32.85,482.3,1
17,Girona,Cataluña,2012,430.0,1.0461898360861621,543.3260833333334,18-25,79.14,449.86,1
17,Girona,Cataluña,2012,430.0,1.0461898360861621,1077.9253304166666,26-35,39.89,449.86,1
17,Girona,Cataluña,2012,430.0,1.0461898360861621,1339.1151483333335,36-45,32.11,449.86,1
17,Girona,Cataluña,2013,405.5555555555555,1.031656722448744,500.0129583333333,18-25,81.11,418.39,1
17,Girona,Cataluña,2013,405.5555555555555,1.031656722448744,1053.0191129166667,26-35,38.51,418.39,1
17,Girona,Cataluña,2013,405.5555555555555,1.031656722448744,1324.5244783333335,36-45,30.62,418.39,1
17,Girona,Cataluña,2014,400.0,1.0332160647146191,485.341125,18-25,82.42,413.29,1
17,Girona,Cataluña,2014,400.0,1.0332160647146191,1047.3298754166667,26-35,38.19,413.29,1
17,Girona,Cataluña,2014,400.0,1.0332160647146191,1321.1437133333334,36-45,30.28,413.29,1
17,Girona,Cataluña,2015,400.0,1.0384115222946557,503.91504166666664,18-25,79.38,415.36,1
17,Girona,Cataluña,2015,400.0,1.0384115222946557,1064.7768704166667,26-35,37.57,415.36,1
17,Girona,Cataluña,2015,400.0,1.0384115222946557,1346.8849766666667,36-45,29.7,415.36,0
17,Girona,Cataluña,2016,400.5322574626865,1.0405208860397714,533.4928333333334,18-25,75.08,416.76,1
17,Girona,Cataluña,2016,400.5322574626865,1.0405208860397714,1084.1202779166667,26-35,36.95,416.76,1
17,Girona,Cataluña,2016,400.5322574626865,1.0405208860397714,1368.2371766666665,36-45,29.27,416.76,0
17,Girona,Cataluña,2017,418.75,1.0205611862446453,578.054625,18-25,72.44,427.36,1
17,Girona,Cataluña,2017,418.75,1.0205611862446453,1116.8150216666668,26-35,37.5,427.36,1
17,Girona,Cataluña,2017,418.75,1.0205611862446453,1393.2073883333335,36-45,30.06,427.36,1
17,Girona,Cataluña,2018,435.66333333333336,1.0037444693258832,614.5000833333334,18-25,70.9,437.29,1
17,Girona,Cataluña,2018,435.66333333333336,1.0037444693258832,1177.9653500000002,26-35,36.98,437.29,1
17,Girona,Cataluña,2018,435.66333333333336,1.0037444693258832,1433.12414,36-45,30.4,437.29,1
17,Girona,Cataluña,2019,453.96000000000004,0.9967743538313801,643.7732954166667,18-25,70.52,452.5,1
17,Girona,Cataluña,2019,453.96000000000004,0.9967743538313801,1228.6175133333334,26-35,36.95,452.5,1
17,Girona,Cataluña,2019,453.96000000000004,0.9967743538313801,1479.38724,36-45,30.69,452.5,1
17,Girona,Cataluña,2020,475.0,1.0,613.0953333333333,18-25,77.48,475.0,1
17,Girona,Cataluña,2020,475.0,1.0,1182.59166,26-35,40.17,475.0,1
17,Girona,Cataluña,2020,475.0,1.0,1442.6140066666667,36-45,32.93,475.0,1
17,Girona,Cataluña,2021,497.89186507936506,0.9699974935414286,658.6917404166667,18-25,75.59,482.95,1
17,Girona,Cataluña,2021,497.89186507936506,0.9699974935414286,1270.4322383333335,26-35,39.19,482.95,1
17,Girona,Cataluña,2021,497.89186507936506,0.9699974935414286,1519.6598616666668,36-45,32.76,482.95,1
17,Girona,Cataluña,2022,500.0,0.8949107299739896,709.8948779166667,18-25,70.43,447.46,1
17,Girona,Cataluña,2022,500.0,0.8949107299739896,1340.95381,26-35,37.29,447.46,1
17,Girona,Cataluña,2022,500.0,0.8949107299739896,1592.3445249999997,36-45,31.4,447.46,1
17,Girona,Cataluña,2023,530.0,0.8643768521205406,764.8908404166665,18-25,69.29,458.12,1
17,Girona,Cataluña,2023,530.0,0.8643768521205406,1417.10999,26-35,37.4,458.12,1
17,Girona,Cataluña,2023,530.0,0.8643768521205406,1655.3865833333332,36-45,32.02,458.12,1
17,Girona,Cataluña,2024,550.0,0.8410456579083591,805.0315716666665,18-25,68.32,462.58,1
17,Girona,Cataluña,2024,550.0,0.8410456579083591,1487.9874316666665,26-35,36.96,462.58,1
17,Girona,Cataluña,2024,550.0,0.8410456579083591,1714.4953416666667,36-45,32.08,462.58,1
18,Granada,Andalucía,2011,389.0375,1.0717791932800231,477.30283333333335,18-25,81.51,416.96,1
18,Granada,Andalucía,2011,389.0375,1.0717791932800231,946.6303716666666,26-35,41.1,416.96,1
18,Granada,Andalucía,2011,389.0375,1.0717791932800231,1171.2631316666666,36-45,33.22,416.96,1
18,Granada,Andalucía,2012,375.0,1.0461898360861621,448.9737083333334,18-25,83.52,392.32,1
18,Granada,Andalucía,2012,375.0,1.0461898360861621,891.7608366666667,26-35,42.05,392.32,1
18,Granada,Andalucía,2012,375.0,1.0461898360861621,1126.4235116666666,36-45,33.29,392.32,1
18,Granada,Andalucía,2013,354.86111111111114,1.031656722448744,389.818125,18-25,91.03,366.09,1
18,Granada,Andalucía,2013,354.86111111111114,1.031656722448744,842.5173254166666,26-35,42.12,366.09,1
18,Granada,Andalucía,2013,354.86111111111114,1.031656722448744,1103.7071433333333,36-45,32.15,366.09,1
18,Granada,Andalucía,2014,350.0,1.0332160647146191,364.9228333333333,18-25,95.91,361.63,1
18,Granada,Andalucía,2014,350.0,1.0332160647146191,816.2836191666665,26-35,42.88,361.63,1
18,Granada,Andalucía,2014,350.0,1.0332160647146191,1096.47112,36-45,31.92,361.63,1
18,Granada,Andalucía,2015,350.0,1.0384115222946557,372.88308333333333,18-25,93.86,363.44,1
18,Granada,Andalucía,2015,350.0,1.0384115222946557,821.3407191666665,26-35,42.61,363.44,1
18,Granada,Andalucía,2015,350.0,1.0384115222946557,1116.577775,36-45,31.35,363.44,1
18,Granada,Andalucía,2016,350.0,1.0405208860397714,385.7599583333333,18-25,90.73,364.18,1
18,Granada,Andalucía,2016,350.0,1.0405208860397714,825.5128266666667,26-35,42.4,364.18,1
18,Granada,Andalucía,2016,350.0,1.0405208860397714,1136.5658066666667,36-45,30.79,364.18,1
18,Granada,Andalucía,2017,355.0152488332332,1.0205611862446453,415.1816666666667,18-25,85.51,362.31,1
18,Granada,Andalucía,2017,355.0152488332332,1.0205611862446453,843.6551729166667,26-35,42.08,362.31,1
18,Granada,Andalucía,2017,355.0152488332332,1.0205611862446453,1150.5040483333332,36-45,30.86,362.31,1
18,Granada,Andalucía,2018,370.0,1.0037444693258832,428.7609166666667,18-25,86.3,371.39,1
18,Granada,Andalucía,2018,370.0,1.0037444693258832,883.9855454166667,26-35,41.86,371.39,1
18,Granada,Andalucía,2018,370.0,1.0037444693258832,1184.4303216666667,36-45,31.24,371.39,1
18,Granada,Andalucía,2019,400.0,0.9967743538313801,467.547625,18-25,85.55,398.71,1
18,Granada,Andalucía,2019,400.0,0.9967743538313801,938.2861566666667,26-35,42.63,398.71,1
18,Granada,Andalucía,2019,400.0,0.9967743538313801,1232.7693299999999,36-45,32.45,398.71,1
18,Granada,Andalucía,2020,400.0,1.0,463.25533333333334,18-25,86.35,400.0,1
18,Granada,Andalucía,2020,400.0,1.0,913.7592216666667,26-35,43.78,400.0,1
18,Granada,Andalucía,2020,400.0,1.0,1210.5867666666666,36-45,33.04,400.0,1
18,Granada,Andalucía,2021,420.0,0.9699974935414286,519.2112083333333,18-25,80.89,407.4,1
18,Granada,Andalucía,2021,420.0,0.9699974935414286,1014.1426566666665,26-35,41.41,407.4,1
18,Granada,Andalucía,2021,420.0,0.9699974935414286,1284.37048,36-45,32.7,407.4,1
18,Granada,Andalucía,2022,444.4797222222222,0.8949107299739896,545.4332083333334,18-25,81.49,397.77,1
18,Granada,Andalucía,2022,444.4797222222222,0.8949107299739896,1082.3502929166668,26-35,41.07,397.77,1
18,Granada,Andalucía,2022,444.4797222222222,0.8949107299739896,1352.9347666666667,36-45,32.85,397.77,1
18,Granada,Andalucía,2023,458.87458333333336,0.8643768521205406,587.8098333333334,18-25,78.07,396.64,1
18,Granada,Andalucía,2023,458.87458333333336,0.8643768521205406,1154.5965533333333,26-35,39.74,396.64,1
18,Granada,Andalucía,2023,458.87458333333336,0.8643768521205406,1414.0257833333333,36-45,32.45,396.64,1
18,Granada,Andalucía,2024,499.1666666666667,0.8410456579083591,620.8214583333333,18-25,80.4,419.82,1
18,Granada,Andalucía,2024,499.1666666666667,0.8410456579083591,1214.9165183333334,26-35,41.09,419.82,1
18,Granada,Andalucía,2024,499.1666666666667,0.8410456579083591,1470.2532433333333,36-45,33.95,419.82,1
19,Guadalajara,Castilla - La Mancha,2011,470.0,1.0717791932800231,638.6529816666667,18-25,73.59,503.74,1
19,Guadalajara,Castilla - La Mancha,2011,470.0,1.0717791932800231,1216.1620633333334,26-35,38.65,503.74,1
19,Guadalajara,Castilla - La Mancha,2011,470.0,1.0717791932800231,1466.5166083333334,36-45,32.05,503.74,1
19,Guadalajara,Castilla - La Mancha,2012,448.3333333333333,1.0461898360861621,588.356125,18-25,76.2,469.04,1
19,Guadalajara,Castilla - La Mancha,2012,448.3333333333333,1.0461898360861621,1162.30707,26-35,38.57,469.04,1
19,Guadalajara,Castilla - La Mancha,2012,448.3333333333333,1.0461898360861621,1424.405325,36-45,31.48,469.04,1
19,Guadalajara,Castilla - La Mancha,2013,400.0,1.031656722448744,539.1118333333333,18-25,74.2,412.66,1
19,Guadalajara,Castilla - La Mancha,2013,400.0,1.031656722448744,1138.5230916666667,26-35,35.13,412.66,1
19,Guadalajara,Castilla - La Mancha,2013,400.0,1.031656722448744,1418.2962233333335,36-45,28.2,412.66,0
19,Guadalajara,Castilla - La Mancha,2014,400.0,1.0332160647146191,501.0275,18-25,79.84,413.29,1
19,Guadalajara,Castilla - La Mancha,2014,400.0,1.0332160647146191,1125.4745249999999,26-35,35.54,413.29,1
19,Guadalajara,Castilla - La Mancha,2014,400.0,1.0332160647146191,1414.7375233333332,36-45,28.27,413.29,0
19,Guadalajara,Castilla - La Mancha,2015,390.0,1.0384115222946557,522.4889583333334,18-25,74.64,404.98,1
19,Guadalajara,Castilla - La Mancha,2015,390.0,1.0384115222946557,1133.7781583333333,26-35,34.4,404.98,1
19,Guadalajara,Castilla - La Mancha,2015,390.0,1.0384115222946557,1435.3186716666667,36-45,27.17,404.98,0
19,Guadalajara,Castilla - La Mancha,2016,400.0,1.0405208860397714,536.4584166666667,18-25,74.56,416.21,1
19,Guadalajara,Castilla - La Mancha,2016,400.0,1.0405208860397714,1124.4662266666667,26-35,35.57,416.21,1
19,Guadalajara,Castilla - La Mancha,2016,400.0,1.0405208860397714,1443.5036816666668,36-45,27.71,416.21,0
19,Guadalajara,Castilla - La Mancha,2017,400.0,1.0205611862446453,549.5694166666666,18-25,72.78,408.22,1
19,Guadalajara,Castilla - La Mancha,2017,400.0,1.0205611862446453,1137.0996116666668,26-35,35.18,408.22,1
19,Guadalajara,Castilla - La Mancha,2017,400.0,1.0205611862446453,1467.169036666667,36-45,27.26,408.22,0
19,Guadalajara,Castilla - La Mancha,2018,400.0,1.0037444693258832,565.0216666666666,18-25,70.79,401.5,1
19,Guadalajara,Castilla - La Mancha,2018,400.0,1.0037444693258832,1172.093495,26-35,34.13,401.5,1
19,Guadalajara,Castilla - La Mancha,2018,400.0,1.0037444693258832,1500.6801283333334,36-45,26.65,401.5,0
19,Guadalajara,Castilla - La Mancha,2019,450.0,0.9967743538313801,588.122,18-25,76.51,448.55,1
19,Guadalajara,Castilla - La Mancha,2019,450.0,0.9967743538313801,1207.7398066666667,26-35,37.26,448.55,1
19,Guadalajara,Castilla - La Mancha,2019,450.0,0.9967743538313801,1542.2576066666668,36-45,29.18,448.55,0
19,Guadalajara,Castilla - La Mancha,2020,451.9364049678421,1.0,594.7555416666667,18-25,75.99,451.94,1
19,Guadalajara,Castilla - La Mancha,2020,451.9364049678421,1.0,1193.9795000000001,26-35,37.85,451.94,1
19,Guadalajara,Castilla - La Mancha,2020,451.9364049678421,1.0,1514.4404349999998,36-45,29.84,451.94,0
19,Guadalajara,Castilla - La Mancha,2021,482.40000000000003,0.9699974935414286,637.3254929166667,18-25,75.69,467.93,1
19,Guadalajara,Castilla - La Mancha,2021,482.40000000000003,0.9699974935414286,1264.5010716666666,26-35,38.15,467.93,1
19,Guadalajara,Castilla - La Mancha,2021,482.40000000000003,0.9699974935414286,1578.793593333333,36-45,30.55,467.93,1
19,Guadalajara,Castilla - La Mancha,2022,500.0,0.8949107299739896,658.7549541666667,18-25,75.9,447.46,1
19,Guadalajara,Castilla - La Mancha,2022,500.0,0.8949107299739896,1333.302605,26-35,37.5,447.46,1
19,Guadalajara,Castilla - La Mancha,2022,500.0,0.8949107299739896,1647.410725,36-45,30.35,447.46,1
19,Guadalajara,Castilla - La Mancha,2023,525.0,0.8643768521205406,707.4927554166667,18-25,74.21,453.8,1
19,Guadalajara,Castilla - La Mancha,2023,525.0,0.8643768521205406,1401.2144633333335,26-35,37.47,453.8,1
19,Guadalajara,Castilla - La Mancha,2023,525.0,0.8643768521205406,1709.032425,36-45,30.72,453.8,1
19,Guadalajara,Castilla - La Mancha,2024,550.0,0.8410456579083591,744.9785091666666,18-25,73.83,462.58,1
19,Guadalajara,Castilla - La Mancha,2024,550.0,0.8410456579083591,1468.6518283333335,26-35,37.45,462.58,1
19,Guadalajara,Castilla - La Mancha,2024,550.0,0.8410456579083591,1759.5097750000002,36-45,31.26,462.58,1
21,Huelva,Andalucía,2011,400.0,1.0717791932800231,404.1777916666667,18-25,98.97,428.71,1
21,Huelva,Andalucía,2011,400.0,1.0717791932800231,816.5996879166665,26-35,48.98,428.71,1
21,Huelva,Andalucía,2011,400.0,1.0717791932800231,996.5692341666667,36-45,40.14,428.71,1
21,Huelva,Andalucía,2012,387.30158730158723,1.0461898360861621,382.326125,18-25,101.3,405.19,1
21,Huelva,Andalucía,2012,387.30158730158723,1.0461898360861621,782.2114079166666,26-35,49.51,405.19,1
21,Huelva,Andalucía,2012,387.30158730158723,1.0461898360861621,965.9105654166666,36-45,40.1,405.19,1
21,Huelva,Andalucía,2013,368.0634735202492,1.031656722448744,347.9877916666667,18-25,105.77,379.72,1
21,Huelva,Andalucía,2013,368.0634735202492,1.031656722448744,748.1391966666666,26-35,49.2,379.72,1
21,Huelva,Andalucía,2013,368.0634735202492,1.031656722448744,956.7445716666666,36-45,38.47,379.72,1
21,Huelva,Andalucía,2014,354.51388888888886,1.0332160647146191,328.86758333333336,18-25,107.8,366.29,1
21,Huelva,Andalucía,2014,354.51388888888886,1.0332160647146191,724.2443991666665,26-35,48.95,366.29,1
21,Huelva,Andalucía,2014,354.51388888888886,1.0332160647146191,938.4757979166667,36-45,37.78,366.29,1
21,Huelva,Andalucía,2015,350.0,1.0384115222946557,339.0910416666666,18-25,103.22,363.44,1
21,Huelva,Andalucía,2015,350.0,1.0384115222946557,730.1232779166667,26-35,47.94,363.44,1
21,Huelva,Andalucía,2015,350.0,1.0384115222946557,956.1124341666667,36-45,36.61,363.44,1
21,Huelva,Andalucía,2016,350.5223880597014,1.0405208860397714,352.51420833333333,18-25,99.43,364.73,1
21,Huelva,Andalucía,2016,350.5223880597014,1.0405208860397714,735.2435916666667,26-35,47.67,364.73,1
21,Huelva,Andalucía,2016,350.5223880597014,1.0405208860397714,980.8290104166666,36-45,35.74,364.73,1
21,Huelva,Andalucía,2017,354.8611111111111,1.0205611862446453,371.4783333333333,18-25,95.53,362.16,1
21,Huelva,Andalucía,2017,354.8611111111111,1.0205611862446453,763.1840691666666,26-35,46.5,362.16,1
21,Huelva,Andalucía,2017,354.8611111111111,1.0205611862446453,1011.9933891666666,36-45,35.07,362.16,1
21,Huelva,Andalucía,2018,371.94293478260875,1.0037444693258832,399.3392083333333,18-25,93.14,373.34,1
21,Huelva,Andalucía,2018,371.94293478260875,1.0037444693258832,804.6522891666667,26-35,46.22,373.34,1
21,Huelva,Andalucía,2018,371.94293478260875,1.0037444693258832,1050.9962729166666,36-45,35.39,373.34,1
21,Huelva,Andalucía,2019,400.0,0.9967743538313801,437.579625,18-25,91.41,398.71,1
21,Huelva,Andalucía,2019,400.0,0.9967743538313801,854.5911516666666,26-35,46.81,398.71,1
21,Huelva,Andalucía,2019,400.0,0.9967743538313801,1102.6988450000001,36-45,36.27,398.71,1
21,Huelva,Andalucía,2020,400.0,1.0,441.40366666666665,18-25,90.62,400.0,1
21,Huelva,Andalucía,2020,400.0,1.0,848.1433491666667,26-35,47.16,400.0,1
21,Huelva,Andalucía,2020,400.0,1.0,1100.8008716666666,36-45,36.34,400.0,1
21,Huelva,Andalucía,2021,410.0,0.9699974935414286,472.0740416666667,18-25,86.85,397.7,1
21,Huelva,Andalucía,2021,410.0,0.9699974935414286,909.9031829166667,26-35,45.06,397.7,1
21,Huelva,Andalucía,2021,410.0,0.9699974935414286,1142.200415,36-45,35.9,397.7,1
21,Huelva,Andalucía,2022,433.3333333333333,0.8949107299739896,511.17291666666665,18-25,84.77,387.79,1
21,Huelva,Andalucía,2022,433.3333333333333,0.8949107299739896,964.5198629166666,26-35,44.93,387.79,1
21,Huelva,Andalucía,2022,433.3333333333333,0.8949107299739896,1197.8347583333332,36-45,36.18,387.79,1
21,Huelva,Andalucía,2023,450.0,0.8643768521205406,560.49525,18-25,80.29,388.97,1
21,Huelva,Andalucía,2023,450.0,0.8643768521205406,1020.7801004166668,26-35,44.08,388.97,1
21,Huelva,Andalucía,2023,450.0,0.8643768521205406,1252.2828683333335,36-45,35.93,388.97,1
21,Huelva,Andalucía,2024,475.0,0.8410456579083591,597.8772083333333,18-25,79.45,399.5,1
21,Huelva,Andalucía,2024,475.0,0.8410456579083591,1085.5109804166666,26-35,43.76,399.5,1
21,Huelva,Andalucía,2024,475.0,0.8410456579083591,1305.4854333333333,36-45,36.38,399.5,1
22,Huesca,Aragón,2011,369.16499999999996,1.0717791932800231,594.443375,18-25,62.1,395.66,1
22,Huesca,Aragón,2011,369.16499999999996,1.0717791932800231,1099.0808333333332,26-35,33.59,395.66,1
22,Huesca,Aragón,2011,369.16499999999996,1.0717791932800231,1279.7441700000002,36-45,28.85,395.66,0
22,Huesca,Aragón,2012,355.0,1.0461898360861621,545.3551666666666,18-25,65.1,371.4,1
22,Huesca,Aragón,2012,355.0,1.0461898360861621,1054.4098154166666,26-35,33.67,371.4,1
22,Huesca,Aragón,2012,355.0,1.0461898360861621,1244.4537283333332,36-45,28.53,371.4,0
22,Huesca,Aragón,2013,350.0,1.031656722448744,508.12929166666663,18-25,68.88,361.08,1
22,Huesca,Aragón,2013,350.0,1.031656722448744,1025.9004141666667,26-35,34.12,361.08,1
22,Huesca,Aragón,2013,350.0,1.031656722448744,1229.5665,36-45,28.47,361.08,0
22,Huesca,Aragón,2014,343.07500000000005,1.0332160647146191,486.35566666666665,18-25,70.54,354.47,1
22,Huesca,Aragón,2014,343.07500000000005,1.0332160647146191,1016.2287104166667,26-35,33.76,354.47,1
22,Huesca,Aragón,2014,343.07500000000005,1.0332160647146191,1226.6009166666665,36-45,27.97,354.47,0
22,Huesca,Aragón,2015,340.0,1.0384115222946557,490.33579166666664,18-25,69.34,353.06,1
22,Huesca,Aragón,2015,340.0,1.0384115222946557,1025.7739866666668,26-35,33.15,353.06,1
22,Huesca,Aragón,2015,340.0,1.0384115222946557,1245.9958316666668,36-45,27.29,353.06,0
22,Huesca,Aragón,2016,350.0,1.0405208860397714,519.7575,18-25,67.34,364.18,1
22,Huesca,Aragón,2016,350.0,1.0405208860397714,1048.5309366666668,26-35,33.38,364.18,1
22,Huesca,Aragón,2016,350.0,1.0405208860397714,1259.81545,36-45,27.78,364.18,0
22,Huesca,Aragón,2017,350.0,1.0205611862446453,543.7943333333334,18-25,64.36,357.2,1
22,Huesca,Aragón,2017,350.0,1.0205611862446453,1080.3274529166667,26-35,32.4,357.2,1
22,Huesca,Aragón,2017,350.0,1.0205611862446453,1287.0988166666668,36-45,27.19,357.2,0
22,Huesca,Aragón,2018,350.0,1.0037444693258832,577.9765833333333,18-25,60.56,351.31,1
22,Huesca,Aragón,2018,350.0,1.0037444693258832,1122.6868766666666,26-35,31.18,351.31,1
22,Huesca,Aragón,2018,350.0,1.0037444693258832,1328.6169833333333,36-45,26.34,351.31,0
22,Huesca,Aragón,2019,378.0,0.9967743538313801,614.2659583333333,18-25,61.54,376.78,1
22,Huesca,Aragón,2019,378.0,0.9967743538313801,1172.9831700000002,26-35,32.23,376.78,1
22,Huesca,Aragón,2019,378.0,0.9967743538313801,1367.3475016666664,36-45,27.64,376.78,0
22,Huesca,Aragón,2020,399.99499999999995,1.0,644.6582879166667,18-25,62.05,399.99,1
22,Huesca,Aragón,2020,399.99499999999995,1.0,1192.3187733333334,26-35,33.55,399.99,1
22,Huesca,Aragón,2020,399.99499999999995,1.0,1368.948916666667,36-45,29.22,399.99,0
22,Huesca,Aragón,2021,400.0,0.9699974935414286,668.4898716666667,18-25,59.84,388.0,1
22,Huesca,Aragón,2021,400.0,0.9699974935414286,1252.9352966666665,26-35,31.93,388.0,1
22,Huesca,Aragón,2021,400.0,0.9699974935414286,1429.8026866666667,36-45,27.98,388.0,0
22,Huesca,Aragón,2022,420.0,0.8949107299739896,684.9254466666667,18-25,61.32,375.86,1
22,Huesca,Aragón,2022,420.0,0.8949107299739896,1293.6824116666667,26-35,32.47,375.86,1
22,Huesca,Aragón,2022,420.0,0.8949107299739896,1488.1653666666668,36-45,28.22,375.86,0
22,Huesca,Aragón,2023,441.80125786163524,0.8643768521205406,708.9466716666666,18-25,62.32,381.88,1
22,Huesca,Aragón,2023,441.80125786163524,0.8643768521205406,1363.8481133333332,26-35,32.39,381.88,1
22,Huesca,Aragón,2023,441.80125786163524,0.8643768521205406,1553.5861350000002,36-45,28.44,381.88,0
22,Huesca,Aragón,2024,452.5,0.8410456579083591,743.0188829166667,18-25,60.9,380.57,1
22,Huesca,Aragón,2024,452.5,0.8410456579083591,1423.9308316666666,26-35,31.78,380.57,1
22,Huesca,Aragón,2024,452.5,0.8410456579083591,1608.9517916666666,36-45,28.12,380.57,0
23,Jaén,Andalucía,2011,350.0,1.0717791932800231,450.6125833333333,18-25,77.67,375.12,1
23,Jaén,Andalucía,2011,350.0,1.0717791932800231,871.5956504166666,26-35,40.16,375.12,1
23,Jaén,Andalucía,2011,350.0,1.0717791932800231,1022.1075891666666,36-45,34.24,375.12,1
23,Jaén,Andalucía,2012,340.4,1.0461898360861621,395.7492916666667,18-25,86.01,356.12,1
23,Jaén,Andalucía,2012,340.4,1.0461898360861621,812.3011529166666,26-35,41.91,356.12,1
23,Jaén,Andalucía,2012,340.4,1.0461898360861621,973.3065741666668,36-45,34.97,356.12,1
23,Jaén,Andalucía,2013,329.25,1.031656722448744,327.30675,18-25,100.59,339.67,1
23,Jaén,Andalucía,2013,329.25,1.031656722448744,765.0804816666667,26-35,43.03,339.67,1
23,Jaén,Andalucía,2013,329.25,1.031656722448744,940.1193554166666,36-45,35.02,339.67,1
23,Jaén,Andalucía,2014,325.8333333333333,1.0332160647146191,340.49579166666666,18-25,95.69,336.66,1
23,Jaén,Andalucía,2014,325.8333333333333,1.0332160647146191,761.5405116666666,26-35,42.79,336.66,1
23,Jaén,Andalucía,2014,325.8333333333333,1.0332160647146191,957.5031366666667,36-45,34.03,336.66,1
23,Jaén,Andalucía,2015,320.0,1.0384115222946557,337.374125,18-25,94.85,332.29,1
23,Jaén,Andalucía,2015,320.0,1.0384115222946557,762.8680004166667,26-35,41.95,332.29,1
23,Jaén,Andalucía,2015,320.0,1.0384115222946557,975.2662004166667,36-45,32.81,332.29,1
23,Jaén,Andalucía,2016,325.0,1.0405208860397714,355.55783333333335,18-25,91.41,338.17,1
23,Jaén,Andalucía,2016,325.0,1.0405208860397714,773.6143379166666,26-35,42.01,338.17,1
23,Jaén,Andalucía,2016,325.0,1.0405208860397714,1004.1548841666666,36-45,32.37,338.17,1
23,Jaén,Andalucía,2017,330.0,1.0205611862446453,394.50062499999996,18-25,83.65,336.79,1
23,Jaén,Andalucía,2017,330.0,1.0205611862446453,803.4512279166667,26-35,41.07,336.79,1
23,Jaén,Andalucía,2017,330.0,1.0205611862446453,1034.4974841666667,36-45,31.9,336.79,1
23,Jaén,Andalucía,2018,338.59280845173504,1.0037444693258832,420.33241666666663,18-25,80.55,339.86,1
23,Jaén,Andalucía,2018,338.59280845173504,1.0037444693258832,836.5752329166667,26-35,40.47,339.86,1
23,Jaén,Andalucía,2018,338.59280845173504,1.0037444693258832,1080.3274529166667,36-45,31.34,339.86,1
23,Jaén,Andalucía,2019,350.0,0.9967743538313801,450.53454166666666,18-25,77.69,348.87,1
23,Jaén,Andalucía,2019,350.0,0.9967743538313801,891.9504779166665,26-35,39.24,348.87,1
23,Jaén,Andalucía,2019,350.0,0.9967743538313801,1123.1020583333332,36-45,31.16,348.87,1
23,Jaén,Andalucía,2020,350.7857981220658,1.0,423.6882083333333,18-25,82.79,350.79,1
23,Jaén,Andalucía,2020,350.7857981220658,1.0,862.6192979166667,26-35,40.67,350.79,1
23,Jaén,Andalucía,2020,350.7857981220658,1.0,1103.1733383333333,36-45,31.8,350.79,1
23,Jaén,Andalucía,2021,360.0,0.9699974935414286,479.1758333333333,18-25,75.13,349.2,1
23,Jaén,Andalucía,2021,360.0,0.9699974935414286,955.9860066666666,26-35,37.66,349.2,1
23,Jaén,Andalucía,2021,360.0,0.9699974935414286,1161.8918883333333,36-45,30.98,349.2,1
23,Jaén,Andalucía,2022,375.0,0.8949107299739896,523.03525,18-25,71.7,335.59,1
23,Jaén,Andalucía,2022,375.0,0.8949107299739896,1014.2690841666666,26-35,36.97,335.59,1
23,Jaén,Andalucía,2022,375.0,0.8949107299739896,1211.4764416666667,36-45,30.95,335.59,1
23,Jaén,Andalucía,2023,390.0,0.8643768521205406,558.62225,18-25,69.81,337.11,1
23,Jaén,Andalucía,2023,390.0,0.8643768521205406,1079.6953154166665,26-35,36.12,337.11,1
23,Jaén,Andalucía,2023,390.0,0.8643768521205406,1269.5425633333334,36-45,30.72,337.11,1
23,Jaén,Andalucía,2024,400.0,0.8410456579083591,591.0095416666667,18-25,67.68,336.42,1
23,Jaén,Andalucía,2024,400.0,0.8410456579083591,1136.862365,26-35,35.18,336.42,1
23,Jaén,Andalucía,2024,400.0,0.8410456579083591,1319.6609216666666,36-45,30.31,336.42,1
24,León,Castilla y León,2011,350.0,1.0717791932800231,598.4235,18-25,58.49,375.12,1
24,León,Castilla y León,2011,350.0,1.0717791932800231,1095.8780033333333,26-35,31.94,375.12,1
24,León,Castilla y León,2011,350.0,1.0717791932800231,1322.9823749999998,36-45,26.46,375.12,0
24,León,Castilla y León,2012,350.0,1.0461898360861621,546.4477499999999,18-25,64.05,366.17,1
24,León,Castilla y León,2012,350.0,1.0461898360861621,1044.0427604166666,26-35,33.52,366.17,1
24,León,Castilla y León,2012,350.0,1.0461898360861621,1276.3040933333332,36-45,27.42,366.17,0
24,León,Castilla y León,2013,340.0,1.031656722448744,499.4666666666667,18-25,68.07,350.76,1
24,León,Castilla y León,2013,340.0,1.031656722448744,1005.6720141666666,26-35,33.81,350.76,1
24,León,Castilla y León,2013,340.0,1.031656722448744,1251.2152583333334,36-45,27.17,350.76,0
24,León,Castilla y León,2014,338.7405303030303,1.0332160647146191,451.7051666666666,18-25,74.99,349.99,1
24,León,Castilla y León,2014,338.7405303030303,1.0332160647146191,991.3857066666666,26-35,34.17,349.99,1
24,León,Castilla y León,2014,338.7405303030303,1.0332160647146191,1252.34218,36-45,27.05,349.99,0
24,León,Castilla y León,2015,339.1666666666667,1.0384115222946557,449.754125,18-25,75.41,352.19,1
24,León,Castilla y León,2015,339.1666666666667,1.0384115222946557,992.8396229166666,26-35,34.16,352.19,1
24,León,Castilla y León,2015,339.1666666666667,1.0384115222946557,1263.196215,36-45,26.85,352.19,0
24,León,Castilla y León,2016,350.0,1.0405208860397714,461.14820833333334,18-25,75.9,364.18,1
24,León,Castilla y León,2016,350.0,1.0405208860397714,1001.4366929166666,26-35,34.95,364.18,1
24,León,Castilla y León,2016,350.0,1.0405208860397714,1268.1190833333333,36-45,27.6,364.18,0
24,León,Castilla y León,2017,350.0,1.0205611862446453,482.2194583333333,18-25,72.58,357.2,1
24,León,Castilla y León,2017,350.0,1.0205611862446453,1023.7511466666666,26-35,34.19,357.2,1
24,León,Castilla y León,2017,350.0,1.0205611862446453,1290.5388933333334,36-45,27.12,357.2,0
24,León,Castilla y León,2018,350.0,1.0037444693258832,503.6809166666667,18-25,69.49,351.31,1
24,León,Castilla y León,2018,350.0,1.0037444693258832,1064.3975879166667,26-35,32.88,351.31,1
24,León,Castilla y León,2018,350.0,1.0037444693258832,1331.4639433333332,36-45,26.29,351.31,0
24,León,Castilla y León,2019,364.82863849765255,0.9967743538313801,531.3076666666667,18-25,68.67,363.65,1
24,León,Castilla y León,2019,364.82863849765255,0.9967743538313801,1109.99418,26-35,32.87,363.65,1
24,León,Castilla y León,2019,364.82863849765255,0.9967743538313801,1367.99993,36-45,26.67,363.65,0
24,León,Castilla y León,2020,375.0,1.0,545.4332083333334,18-25,68.75,375.0,1
24,León,Castilla y León,2020,375.0,1.0,1101.80917,26-35,34.03,375.0,1
24,León,Castilla y León,2020,375.0,1.0,1363.4922433333334,36-45,27.5,375.0,0
24,León,Castilla y León,2021,386.0,0.9699974935414286,573.4501666666666,18-25,67.31,374.42,1
24,León,Castilla y León,2021,386.0,0.9699974935414286,1178.6177783333333,26-35,32.75,374.42,1
24,León,Castilla y León,2021,386.0,0.9699974935414286,1422.6852866666668,36-45,27.13,374.42,0
24,León,Castilla y León,2022,400.0,0.8949107299739896,625.2698333333334,18-25,63.97,357.96,1
24,León,Castilla y León,2022,400.0,0.8949107299739896,1245.5806499999999,26-35,32.11,357.96,1
24,León,Castilla y León,2022,400.0,0.8949107299739896,1488.817795,36-45,26.87,357.96,0
24,León,Castilla y León,2023,403.9325,0.8643768521205406,659.1974504166666,18-25,61.28,349.15,1
24,León,Castilla y León,2023,403.9325,0.8643768521205406,1312.7807683333333,26-35,30.77,349.15,1
24,León,Castilla y León,2023,403.9325,0.8643768521205406,1560.2883533333334,36-45,25.89,349.15,0
24,León,Castilla y León,2024,428.7539936102237,0.8410456579083591,701.8667316666666,18-25,61.09,360.6,1
24,León,Castilla y León,2024,428.7539936102237,0.8410456579083591,1384.4292616666664,26-35,30.97,360.6,1
24,León,Castilla y León,2024,428.7539936102237,0.8410456579083591,1623.3192625,36-45,26.41,360.6,0
25,Lleida,Cataluña,2011,377.4034706475182,1.0717791932800231,564.7875416666667,18-25,66.82,404.49,1
25,Lleida,Cataluña,2011,377.4034706475182,1.0717791932800231,1106.3168566666666,26-35,34.11,404.49,1
25,Lleida,Cataluña,2011,377.4034706475182,1.0717791932800231,1300.4439416666667,36-45,29.02,404.49,0
25,Lleida,Cataluña,2012,360.13308943089424,1.0461898360861621,526.0008333333334,18-25,68.47,376.77,1
25,Lleida,Cataluña,2012,360.13308943089424,1.0461898360861621,1069.3282604166668,26-35,33.68,376.77,1
25,Lleida,Cataluña,2012,360.13308943089424,1.0461898360861621,1265.7466166666666,36-45,28.45,376.77,0
25,Lleida,Cataluña,2013,350.0,1.031656722448744,481.51708333333335,18-25,72.69,361.08,1
25,Lleida,Cataluña,2013,350.0,1.031656722448744,1037.2788891666667,26-35,33.74,361.08,1
25,Lleida,Cataluña,2013,350.0,1.031656722448744,1246.3517016666667,36-45,28.08,361.08,0
25,Lleida,Cataluña,2014,350.0,1.0332160647146191,467.2354583333333,18-25,74.91,361.63,1
25,Lleida,Cataluña,2014,350.0,1.0332160647146191,1017.7458404166667,26-35,34.39,361.63,1
25,Lleida,Cataluña,2014,350.0,1.0332160647146191,1239.9460416666668,36-45,28.23,361.63,0
25,Lleida,Cataluña,2015,350.0,1.0384115222946557,477.69304166666666,18-25,73.27,363.44,1
25,Lleida,Cataluña,2015,350.0,1.0384115222946557,1043.2841954166668,26-35,33.55,363.44,1
25,Lleida,Cataluña,2015,350.0,1.0384115222946557,1276.4227166666667,36-45,27.42,363.44,0
25,Lleida,Cataluña,2016,350.0,1.0405208860397714,500.4812083333333,18-25,69.93,364.18,1
25,Lleida,Cataluña,2016,350.0,1.0405208860397714,1056.8751516666669,26-35,33.12,364.18,1
25,Lleida,Cataluña,2016,350.0,1.0405208860397714,1295.6990083333333,36-45,27.01,364.18,0
25,Lleida,Cataluña,2017,350.0,1.0205611862446453,539.658125,18-25,64.86,357.2,1
25,Lleida,Cataluña,2017,350.0,1.0205611862446453,1091.9587829166667,26-35,32.05,357.2,1
25,Lleida,Cataluña,2017,350.0,1.0205611862446453,1331.0487616666667,36-45,26.3,357.2,0
25,Lleida,Cataluña,2018,350.48010973936897,1.0037444693258832,574.776875,18-25,60.98,351.79,1
25,Lleida,Cataluña,2018,350.48010973936897,1.0037444693258832,1149.5550616666667,26-35,30.49,351.79,1
25,Lleida,Cataluña,2018,350.48010973936897,1.0037444693258832,1372.2110583333333,36-45,25.54,351.79,0
25,Lleida,Cataluña,2019,375.625,0.9967743538313801,621.2116666666667,18-25,60.47,374.41,1
25,Lleida,Cataluña,2019,375.625,0.9967743538313801,1207.85843,26-35,31.1,374.41,1
25,Lleida,Cataluña,2019,375.625,0.9967743538313801,1424.049455,36-45,26.38,374.41,0
25,Lleida,Cataluña,2020,390.0,1.0,627.3769583333334,18-25,62.16,390.0,1
25,Lleida,Cataluña,2020,390.0,1.0,1200.74103,26-35,32.48,390.0,1
25,Lleida,Cataluña,2020,390.0,1.0,1422.5073516666664,36-45,27.42,390.0,0
25,Lleida,Cataluña,2021,400.0,0.9699974935414286,665.1395429166666,18-25,60.14,388.0,1
25,Lleida,Cataluña,2021,400.0,0.9699974935414286,1281.4642083333333,26-35,31.21,388.0,1
25,Lleida,Cataluña,2021,400.0,0.9699974935414286,1489.7667816666665,36-45,26.85,388.0,0
25,Lleida,Cataluña,2022,408.75,0.8949107299739896,701.1081666666665,18-25,58.3,365.79,1
25,Lleida,Cataluña,2022,408.75,0.8949107299739896,1350.6809233333336,26-35,30.26,365.79,1
25,Lleida,Cataluña,2022,408.75,0.8949107299739896,1550.383305,36-45,26.36,365.79,0
25,Lleida,Cataluña,2023,432.5,0.8643768521205406,733.4103929166668,18-25,58.97,373.84,1
25,Lleida,Cataluña,2023,432.5,0.8643768521205406,1413.9664716666666,26-35,30.59,373.84,1
25,Lleida,Cataluña,2023,432.5,0.8643768521205406,1607.9684666666665,36-45,26.9,373.84,0
25,Lleida,Cataluña,2024,450.0,0.8410456579083591,779.6196441666667,18-25,57.72,378.47,1
25,Lleida,Cataluña,2024,450.0,0.8410456579083591,1481.5817716666668,26-35,30.37,378.47,1
25,Lleida,Cataluña,2024,450.0,0.8410456579083591,1673.1410625,36-45,26.9,378.47,0
26,"Rioja, La","Rioja, La",2011,400.0,1.0717791932800231,595.3018333333333,18-25,67.19,428.71,1
26,"Rioja, La","Rioja, La",2011,400.0,1.0717791932800231,1127.609745,26-35,35.47,428.71,1
26,"Rioja, La","Rioja, La",2011,400.0,1.0717791932800231,1363.01775,36-45,29.35,428.71,0
26,"Rioja, La","Rioja, La",2012,391.6666666666667,1.0461898360861621,551.364375,18-25,71.04,409.76,1
26,"Rioja, La","Rioja, La",2012,391.6666666666667,1.0461898360861621,1081.5285141666666,26-35,36.21,409.76,1
26,"Rioja, La","Rioja, La",2012,391.6666666666667,1.0461898360861621,1323.694115,36-45,29.59,409.76,0
26,"Rioja, La","Rioja, La",2013,366.6666666666667,1.031656722448744,501.1055416666666,18-25,73.17,378.27,1
26,"Rioja, La","Rioja, La",2013,366.6666666666667,1.031656722448744,1054.8523116666668,26-35,34.76,378.27,1
26,"Rioja, La","Rioja, La",2013,366.6666666666667,1.031656722448744,1321.6775183333332,36-45,27.74,378.27,0
26,"Rioja, La","Rioja, La",2014,350.0,1.0332160647146191,490.88208333333336,18-25,71.3,361.63,1
26,"Rioja, La","Rioja, La",2014,350.0,1.0332160647146191,1046.1920279166668,26-35,33.45,361.63,1
26,"Rioja, La","Rioja, La",2014,350.0,1.0332160647146191,1327.964555,36-45,26.36,361.63,0
26,"Rioja, La","Rioja, La",2015,350.0,1.0384115222946557,494.5500416666667,18-25,70.77,363.44,1
26,"Rioja, La","Rioja, La",2015,350.0,1.0384115222946557,1067.3686341666667,26-35,32.79,363.44,1
26,"Rioja, La","Rioja, La",2015,350.0,1.0384115222946557,1346.4104833333333,36-45,26.0,363.44,0
26,"Rioja, La","Rioja, La",2016,358.8235294117647,1.0405208860397714,509.8462083333333,18-25,70.38,373.36,1
26,"Rioja, La","Rioja, La",2016,358.8235294117647,1.0405208860397714,1080.6435216666666,26-35,33.2,373.36,1
26,"Rioja, La","Rioja, La",2016,358.8235294117647,1.0405208860397714,1374.9987066666665,36-45,26.1,373.36,0
26,"Rioja, La","Rioja, La",2017,367.68354166666666,1.0205611862446453,537.8631666666666,18-25,68.36,375.24,1
26,"Rioja, La","Rioja, La",2017,367.68354166666666,1.0205611862446453,1102.6395333333332,26-35,33.35,375.24,1
26,"Rioja, La","Rioja, La",2017,367.68354166666666,1.0205611862446453,1399.7316716666667,36-45,26.27,375.24,0
26,"Rioja, La","Rioja, La",2018,375.0,1.0037444693258832,566.11425,18-25,66.24,376.4,1
26,"Rioja, La","Rioja, La",2018,375.0,1.0037444693258832,1142.2597266666667,26-35,32.83,376.4,1
26,"Rioja, La","Rioja, La",2018,375.0,1.0037444693258832,1438.5215016666668,36-45,26.07,376.4,0
26,"Rioja, La","Rioja, La",2019,400.0,0.9967743538313801,554.7201666666666,18-25,72.11,398.71,1
26,"Rioja, La","Rioja, La",2019,400.0,0.9967743538313801,1127.1352516666666,26-35,35.49,398.71,1
26,"Rioja, La","Rioja, La",2019,400.0,0.9967743538313801,1428.7350766666666,36-45,28.0,398.71,0
26,"Rioja, La","Rioja, La",2020,403.3057851239669,1.0,547.9305416666667,18-25,73.61,403.31,1
26,"Rioja, La","Rioja, La",2020,403.3057851239669,1.0,1104.5375066666666,26-35,36.51,403.31,1
26,"Rioja, La","Rioja, La",2020,403.3057851239669,1.0,1400.5027233333333,36-45,28.8,403.31,0
26,"Rioja, La","Rioja, La",2021,422.97096491228075,0.9699974935414286,590.697375,18-25,71.61,410.28,1
26,"Rioja, La","Rioja, La",2021,422.97096491228075,0.9699974935414286,1171.6190016666667,26-35,36.1,410.28,1
26,"Rioja, La","Rioja, La",2021,422.97096491228075,0.9699974935414286,1463.37309,36-45,28.9,410.28,0
26,"Rioja, La","Rioja, La",2022,450.0,0.8949107299739896,629.0158333333333,18-25,71.54,402.71,1
26,"Rioja, La","Rioja, La",2022,450.0,0.8949107299739896,1244.7502866666666,26-35,36.15,402.71,1
26,"Rioja, La","Rioja, La",2022,450.0,0.8949107299739896,1513.1355783333336,36-45,29.74,402.71,0
26,"Rioja, La","Rioja, La",2023,452.97916666666663,0.8643768521205406,669.1852229166667,18-25,67.69,391.54,1
26,"Rioja, La","Rioja, La",2023,452.97916666666663,0.8643768521205406,1316.1615333333332,26-35,34.42,391.54,1
26,"Rioja, La","Rioja, La",2023,452.97916666666663,0.8643768521205406,1576.53975,36-45,28.73,391.54,0
26,"Rioja, La","Rioja, La",2024,482.8245833333333,0.8410456579083591,694.3442954166667,18-25,69.54,406.08,1
26,"Rioja, La","Rioja, La",2024,482.8245833333333,0.8410456579083591,1372.448305,26-35,35.18,406.08,1
26,"Rioja, La","Rioja, La",2024,482.8245833333333,0.8410456579083591,1626.4877541666665,36-45,29.69,406.08,0
27,Lugo,Galicia,2011,300.0,1.0717791932800231,620.8214583333333,18-25,48.32,321.53,1
27,Lugo,Galicia,2011,300.0,1.0717791932800231,1050.1744941666666,26-35,28.57,321.53,0
27,Lugo,Galicia,2011,300.0,1.0717791932800231,1241.9626383333334,36-45,24.16,321.53,0
27,Lugo,Galicia,2012,300.0,1.0461898360861621,569.626125,18-25,52.67,313.86,1
27,Lugo,Galicia,2012,300.0,1.0461898360861621,1007.6316404166668,26-35,29.77,313.86,0
27,Lugo,Galicia,2012,300.0,1.0461898360861621,1204.4183533333332,36-45,24.91,313.86,0
27,Lugo,Galicia,2013,300.0,1.031656722448744,520.3037916666666,18-25,57.66,309.5,1
27,Lugo,Galicia,2013,300.0,1.031656722448744,983.5472016666666,26-35,30.5,309.5,1
27,Lugo,Galicia,2013,300.0,1.031656722448744,1201.5713933333334,36-45,24.97,309.5,0
27,Lugo,Galicia,2014,300.0,1.0332160647146191,483.0779166666667,18-25,62.1,309.96,1
27,Lugo,Galicia,2014,300.0,1.0332160647146191,966.8587716666666,26-35,31.03,309.96,1
27,Lugo,Galicia,2014,300.0,1.0332160647146191,1212.48474,36-45,24.74,309.96,0
27,Lugo,Galicia,2015,300.0,1.0384115222946557,480.19037499999996,18-25,62.48,311.52,1
27,Lugo,Galicia,2015,300.0,1.0384115222946557,971.7262304166667,26-35,30.87,311.52,1
27,Lugo,Galicia,2015,300.0,1.0384115222946557,1224.8215666666667,36-45,24.49,311.52,0
27,Lugo,Galicia,2016,300.0,1.0405208860397714,495.33045833333335,18-25,60.57,312.16,1
27,Lugo,Galicia,2016,300.0,1.0405208860397714,977.7947504166667,26-35,30.68,312.16,1
27,Lugo,Galicia,2016,300.0,1.0405208860397714,1237.5142633333335,36-45,24.24,312.16,0
27,Lugo,Galicia,2017,300.0,1.0205611862446453,520.5379166666667,18-25,57.63,306.17,1
27,Lugo,Galicia,2017,300.0,1.0205611862446453,994.4831804166666,26-35,30.17,306.17,1
27,Lugo,Galicia,2017,300.0,1.0205611862446453,1259.6375150000001,36-45,23.82,306.17,0
27,Lugo,Galicia,2018,300.0,1.0037444693258832,540.9067916666667,18-25,55.46,301.12,1
27,Lugo,Galicia,2018,300.0,1.0037444693258832,1037.8478129166667,26-35,28.91,301.12,0
27,Lugo,Galicia,2018,300.0,1.0037444693258832,1294.7500216666667,36-45,23.17,301.12,0
27,Lugo,Galicia,2019,305.0,0.9967743538313801,566.5825,18-25,53.83,304.02,1
27,Lugo,Galicia,2019,305.0,0.9967743538313801,1096.5304316666668,26-35,27.82,304.02,0
27,Lugo,Galicia,2019,305.0,0.9967743538313801,1339.2930833333332,36-45,22.77,304.02,0
27,Lugo,Galicia,2020,319.99666666666667,1.0,570.9528333333334,18-25,56.05,320.0,1
27,Lugo,Galicia,2020,319.99666666666667,1.0,1086.6488279166667,26-35,29.45,320.0,0
27,Lugo,Galicia,2020,319.99666666666667,1.0,1338.3440966666667,36-45,23.91,320.0,0
27,Lugo,Galicia,2021,325.1841156613444,0.9699974935414286,598.8137083333334,18-25,54.3,315.43,1
27,Lugo,Galicia,2021,325.1841156613444,0.9699974935414286,1158.0366299999998,26-35,28.08,315.43,0
27,Lugo,Galicia,2021,325.1841156613444,0.9699974935414286,1396.291595,36-45,23.29,315.43,0
27,Lugo,Galicia,2022,342.20500000000004,0.8949107299739896,645.5432804166667,18-25,53.01,306.24,1
27,Lugo,Galicia,2022,342.20500000000004,0.8949107299739896,1220.66975,26-35,28.03,306.24,0
27,Lugo,Galicia,2022,342.20500000000004,0.8949107299739896,1459.45852,36-45,23.45,306.24,0
27,Lugo,Galicia,2023,350.0,0.8643768521205406,691.6261041666667,18-25,50.61,302.53,1
27,Lugo,Galicia,2023,350.0,0.8643768521205406,1284.9635966666667,26-35,27.24,302.53,0
27,Lugo,Galicia,2023,350.0,0.8643768521205406,1534.9029600000001,36-45,22.8,302.53,0
27,Lugo,Galicia,2024,370.0,0.8410456579083591,711.7280766666667,18-25,51.99,311.19,1
27,Lugo,Galicia,2024,370.0,0.8410456579083591,1340.8944983333333,26-35,27.59,311.19,0
27,Lugo,Galicia,2024,370.0,0.8410456579083591,1571.0830766666668,36-45,23.55,311.19,0
28,Madrid,"Madrid, Comunidad de",2011,650.0,1.0717791932800231,632.2683929166667,18-25,102.8,696.66,1
28,Madrid,"Madrid, Comunidad de",2011,650.0,1.0717791932800231,1347.537405,26-35,48.24,696.66,1
28,Madrid,"Madrid, Comunidad de",2011,650.0,1.0717791932800231,1795.7289125,36-45,36.2,696.66,1
28,Madrid,"Madrid, Comunidad de",2012,622.9575163398692,1.0461898360861621,600.2184583333334,18-25,103.79,651.73,1
28,Madrid,"Madrid, Comunidad de",2012,622.9575163398692,1.0461898360861621,1307.0275366666667,26-35,47.66,651.73,1
28,Madrid,"Madrid, Comunidad de",2012,622.9575163398692,1.0461898360861621,1759.7282916666666,36-45,35.4,651.73,1
28,Madrid,"Madrid, Comunidad de",2013,600.0,1.031656722448744,547.618375,18-25,109.57,618.99,1
28,Madrid,"Madrid, Comunidad de",2013,600.0,1.031656722448744,1279.1510533333333,26-35,46.91,618.99,1
28,Madrid,"Madrid, Comunidad de",2013,600.0,1.031656722448744,1749.5672666666667,36-45,34.29,618.99,1
28,Madrid,"Madrid, Comunidad de",2014,575.0,1.0332160647146191,517.8064583333334,18-25,111.05,594.1,1
28,Madrid,"Madrid, Comunidad de",2014,575.0,1.0332160647146191,1259.6375150000001,26-35,45.65,594.1,1
28,Madrid,"Madrid, Comunidad de",2014,575.0,1.0332160647146191,1744.8691583333336,36-45,32.95,594.1,1
28,Madrid,"Madrid, Comunidad de",2015,570.0,1.0384115222946557,510.62662500000005,18-25,111.63,591.89,1
28,Madrid,"Madrid, Comunidad de",2015,570.0,1.0384115222946557,1267.466655,26-35,44.97,591.89,1
28,Madrid,"Madrid, Comunidad de",2015,570.0,1.0384115222946557,1762.1866041666665,36-45,32.35,591.89,1
28,Madrid,"Madrid, Comunidad de",2016,587.495,1.0405208860397714,530.52725,18-25,110.74,611.3,1
28,Madrid,"Madrid, Comunidad de",2016,587.495,1.0405208860397714,1277.075145,26-35,46.0,611.3,1
28,Madrid,"Madrid, Comunidad de",2016,587.495,1.0405208860397714,1771.965225,36-45,33.15,611.3,1
28,Madrid,"Madrid, Comunidad de",2017,600.0,1.0205611862446453,547.150125,18-25,109.66,612.34,1
28,Madrid,"Madrid, Comunidad de",2017,600.0,1.0205611862446453,1295.04658,26-35,46.33,612.34,1
28,Madrid,"Madrid, Comunidad de",2017,600.0,1.0205611862446453,1781.5253291666668,36-45,33.68,612.34,1
28,Madrid,"Madrid, Comunidad de",2018,612.5,1.0037444693258832,577.0400833333333,18-25,106.15,614.79,1
28,Madrid,"Madrid, Comunidad de",2018,612.5,1.0037444693258832,1345.1649383333333,26-35,45.53,614.79,1
28,Madrid,"Madrid, Comunidad de",2018,612.5,1.0037444693258832,1817.1435458333333,36-45,33.71,614.79,1
28,Madrid,"Madrid, Comunidad de",2019,677.53125,0.9967743538313801,608.8810833333333,18-25,111.27,675.35,1
28,Madrid,"Madrid, Comunidad de",2019,677.53125,0.9967743538313801,1401.629645,26-35,48.34,675.35,1
28,Madrid,"Madrid, Comunidad de",2019,677.53125,0.9967743538313801,1860.3005875,36-45,36.42,675.35,1
28,Madrid,"Madrid, Comunidad de",2020,700.0,1.0,624.1772500000001,18-25,112.15,700.0,1
28,Madrid,"Madrid, Comunidad de",2020,700.0,1.0,1376.8373683333332,26-35,50.84,700.0,1
28,Madrid,"Madrid, Comunidad de",2020,700.0,1.0,1831.8387916666668,36-45,38.21,700.0,1
28,Madrid,"Madrid, Comunidad de",2021,700.0,0.9699974935414286,639.8540429166667,18-25,109.4,679.0,1
28,Madrid,"Madrid, Comunidad de",2021,700.0,0.9699974935414286,1470.7277366666667,26-35,47.6,679.0,1
28,Madrid,"Madrid, Comunidad de",2021,700.0,0.9699974935414286,1905.7520541666665,36-45,36.73,679.0,1
28,Madrid,"Madrid, Comunidad de",2022,737.5,0.8949107299739896,676.2651629166666,18-25,109.05,660.0,1
28,Madrid,"Madrid, Comunidad de",2022,737.5,0.8949107299739896,1572.9810499999996,26-35,46.89,660.0,1
28,Madrid,"Madrid, Comunidad de",2022,737.5,0.8949107299739896,2000.9160624999997,36-45,36.86,660.0,1
28,Madrid,"Madrid, Comunidad de",2023,759.27,0.8643768521205406,724.9397504166667,18-25,104.74,656.3,1
28,Madrid,"Madrid, Comunidad de",2023,759.27,0.8643768521205406,1648.5579375,26-35,46.06,656.3,1
28,Madrid,"Madrid, Comunidad de",2023,759.27,0.8643768521205406,2077.8885583333335,36-45,36.54,656.3,1
28,Madrid,"Madrid, Comunidad de",2024,800.0,0.8410456579083591,761.7933666666667,18-25,105.02,672.84,1
28,Madrid,"Madrid, Comunidad de",2024,800.0,0.8410456579083591,1713.1296125,26-35,46.7,672.84,1
28,Madrid,"Madrid, Comunidad de",2024,800.0,0.8410456579083591,2146.6120499999997,36-45,37.27,672.84,1
29,Málaga,Andalucía,2011,470.0,1.0717791932800231,494.5500416666667,18-25,95.04,503.74,1
29,Málaga,Andalucía,2011,470.0,1.0717791932800231,986.3286066666666,26-35,47.65,503.74,1
29,Málaga,Andalucía,2011,470.0,1.0717791932800231,1222.6270350000002,36-45,38.44,503.74,1
29,Málaga,Andalucía,2012,450.0,1.0461898360861621,459.50933333333336,18-25,97.93,470.79,1
29,Málaga,Andalucía,2012,450.0,1.0461898360861621,938.2229429166665,26-35,47.96,470.79,1
29,Málaga,Andalucía,2012,450.0,1.0461898360861621,1179.03296,36-45,38.17,470.79,1
29,Málaga,Andalucía,2013,446.33152173913044,1.031656722448744,417.7570416666667,18-25,106.84,460.46,1
29,Málaga,Andalucía,2013,446.33152173913044,1.031656722448744,894.9847379166667,26-35,49.87,460.46,1
29,Málaga,Andalucía,2013,446.33152173913044,1.031656722448744,1159.2228633333334,36-45,38.5,460.46,1
29,Málaga,Andalucía,2014,432.55585748792276,1.0332160647146191,390.75462500000003,18-25,110.7,446.92,1
29,Málaga,Andalucía,2014,432.55585748792276,1.0332160647146191,873.1759941666666,26-35,49.54,446.92,1
29,Málaga,Andalucía,2014,432.55585748792276,1.0332160647146191,1156.7317733333332,36-45,37.39,446.92,1
29,Málaga,Andalucía,2015,430.9525,1.0384115222946557,400.587875,18-25,107.58,447.51,1
29,Málaga,Andalucía,2015,430.9525,1.0384115222946557,876.2734679166666,26-35,49.18,447.51,1
29,Málaga,Andalucía,2015,430.9525,1.0384115222946557,1178.0246616666666,36-45,36.58,447.51,1
29,Málaga,Andalucía,2016,450.0,1.0405208860397714,413.698875,18-25,108.77,468.23,1
29,Málaga,Andalucía,2016,450.0,1.0405208860397714,889.4851416666667,26-35,50.59,468.23,1
29,Málaga,Andalucía,2016,450.0,1.0405208860397714,1200.5037833333333,36-45,37.48,468.23,1
29,Málaga,Andalucía,2017,450.0,1.0205611862446453,442.88645833333334,18-25,101.61,459.25,1
29,Málaga,Andalucía,2017,450.0,1.0205611862446453,908.5756941666667,26-35,49.53,459.25,1
29,Málaga,Andalucía,2017,450.0,1.0205611862446453,1220.9069966666666,36-45,36.86,459.25,1
29,Málaga,Andalucía,2018,485.45303408146293,1.0037444693258832,471.52774999999997,18-25,102.95,487.27,1
29,Málaga,Andalucía,2018,485.45303408146293,1.0037444693258832,949.6014179166667,26-35,51.12,487.27,1
29,Málaga,Andalucía,2018,485.45303408146293,1.0037444693258832,1260.3492549999999,36-45,38.52,487.27,1
29,Málaga,Andalucía,2019,526.4423076923076,0.9967743538313801,509.3779583333333,18-25,103.35,524.74,1
29,Málaga,Andalucía,2019,526.4423076923076,0.9967743538313801,1005.2927316666666,26-35,52.37,524.74,1
29,Málaga,Andalucía,2019,526.4423076923076,0.9967743538313801,1308.391705,36-45,40.24,524.74,1
29,Málaga,Andalucía,2020,550.0,1.0,484.95091666666667,18-25,113.41,550.0,1
29,Málaga,Andalucía,2020,550.0,1.0,938.1597291666667,26-35,58.63,550.0,1
29,Málaga,Andalucía,2020,550.0,1.0,1251.63044,36-45,43.94,550.0,1
29,Málaga,Andalucía,2021,554.1666666666666,0.9699974935414286,521.7865833333334,18-25,106.21,537.54,1
29,Málaga,Andalucía,2021,554.1666666666666,0.9699974935414286,1038.8592329166668,26-35,53.34,537.54,1
29,Málaga,Andalucía,2021,554.1666666666666,0.9699974935414286,1334.9633316666668,36-45,41.51,537.54,1
29,Málaga,Andalucía,2022,600.0,0.8949107299739896,583.4395000000001,18-25,102.84,536.95,1
29,Málaga,Andalucía,2022,600.0,0.8949107299739896,1137.75204,26-35,52.74,536.95,1
29,Málaga,Andalucía,2022,600.0,0.8949107299739896,1428.2012716666668,36-45,42.01,536.95,1
29,Málaga,Andalucía,2023,630.0,0.8643768521205406,641.3079591666666,18-25,98.24,544.56,1
29,Málaga,Andalucía,2023,630.0,0.8643768521205406,1218.0007249999999,26-35,51.72,544.56,1
29,Málaga,Andalucía,2023,630.0,0.8643768521205406,1507.50097,36-45,41.79,544.56,1
29,Málaga,Andalucía,2024,676.6666666666666,0.8410456579083591,669.6277191666667,18-25,101.05,569.11,1
29,Málaga,Andalucía,2024,676.6666666666666,0.8410456579083591,1278.5579366666666,26-35,52.92,569.11,1
29,Málaga,Andalucía,2024,676.6666666666666,0.8410456579083591,1563.2539366666667,36-45,43.29,569.11,1
30,Murcia,"Murcia, Región de",2011,366.6666666666667,1.0717791932800231,534.3512916666667,18-25,68.62,392.99,1
30,Murcia,"Murcia, Región de",2011,366.6666666666667,1.0717791932800231,981.5243616666667,26-35,37.36,392.99,1
30,Murcia,"Murcia, Región de",2011,366.6666666666667,1.0717791932800231,1210.1122733333334,36-45,30.3,392.99,1
30,Murcia,"Murcia, Región de",2012,350.0,1.0461898360861621,483.5461666666667,18-25,72.38,366.17,1
30,Murcia,"Murcia, Región de",2012,350.0,1.0461898360861621,935.1254691666667,26-35,37.43,366.17,1
30,Murcia,"Murcia, Región de",2012,350.0,1.0461898360861621,1170.49208,36-45,29.9,366.17,0
30,Murcia,"Murcia, Región de",2013,345.8333333333333,1.031656722448744,435.1603333333333,18-25,79.47,356.78,1
30,Murcia,"Murcia, Región de",2013,345.8333333333333,1.031656722448744,910.9778166666666,26-35,37.96,356.78,1
30,Murcia,"Murcia, Región de",2013,345.8333333333333,1.031656722448744,1163.37468,36-45,29.73,356.78,0
30,Murcia,"Murcia, Región de",2014,330.0,1.0332160647146191,408.93833333333333,18-25,80.7,340.96,1
30,Murcia,"Murcia, Región de",2014,330.0,1.0332160647146191,897.0707916666667,26-35,36.79,340.96,1
30,Murcia,"Murcia, Región de",2014,330.0,1.0332160647146191,1153.588255,36-45,28.61,340.96,0
30,Murcia,"Murcia, Región de",2015,330.0,1.0384115222946557,408.7042083333333,18-25,80.74,342.68,1
30,Murcia,"Murcia, Región de",2015,330.0,1.0384115222946557,909.6503279166667,26-35,36.28,342.68,1
30,Murcia,"Murcia, Región de",2015,330.0,1.0384115222946557,1173.3983516666667,36-45,28.12,342.68,0
30,Murcia,"Murcia, Región de",2016,340.0,1.0405208860397714,422.4395416666666,18-25,80.48,353.78,1
30,Murcia,"Murcia, Región de",2016,340.0,1.0405208860397714,916.7302679166665,26-35,37.09,353.78,1
30,Murcia,"Murcia, Región de",2016,340.0,1.0405208860397714,1189.7683716666668,36-45,28.58,353.78,0
30,Murcia,"Murcia, Región de",2017,350.0,1.0205611862446453,441.71583333333336,18-25,79.24,357.2,1
30,Murcia,"Murcia, Región de",2017,350.0,1.0205611862446453,939.3607904166665,26-35,37.26,357.2,1
30,Murcia,"Murcia, Región de",2017,350.0,1.0205611862446453,1210.7647016666667,36-45,28.91,357.2,0
30,Murcia,"Murcia, Región de",2018,350.0,1.0037444693258832,464.738125,18-25,75.31,351.31,1
30,Murcia,"Murcia, Región de",2018,350.0,1.0037444693258832,978.3004604166667,26-35,35.78,351.31,1
30,Murcia,"Murcia, Región de",2018,350.0,1.0037444693258832,1246.64826,36-45,28.08,351.31,0
30,Murcia,"Murcia, Región de",2019,375.0,0.9967743538313801,498.7642916666667,18-25,75.19,373.79,1
30,Murcia,"Murcia, Región de",2019,375.0,0.9967743538313801,1027.0382616666668,26-35,36.51,373.79,1
30,Murcia,"Murcia, Región de",2019,375.0,0.9967743538313801,1290.1830233333333,36-45,29.07,373.79,0
30,Murcia,"Murcia, Región de",2020,390.0,1.0,524.4399999999999,18-25,74.37,390.0,1
30,Murcia,"Murcia, Región de",2020,390.0,1.0,1030.3885904166666,26-35,37.85,390.0,1
30,Murcia,"Murcia, Región de",2020,390.0,1.0,1297.3004233333334,36-45,30.06,390.0,1
30,Murcia,"Murcia, Región de",2021,400.0,0.9699974935414286,553.3934583333333,18-25,72.28,388.0,1
30,Murcia,"Murcia, Región de",2021,400.0,0.9699974935414286,1102.16504,26-35,36.29,388.0,1
30,Murcia,"Murcia, Región de",2021,400.0,0.9699974935414286,1355.4258566666667,36-45,29.51,388.0,0
30,Murcia,"Murcia, Región de",2022,404.0830917237745,0.8949107299739896,588.7463333333334,18-25,68.63,361.62,1
30,Murcia,"Murcia, Región de",2022,404.0830917237745,0.8949107299739896,1152.9358266666666,26-35,35.05,361.62,1
30,Murcia,"Murcia, Región de",2022,404.0830917237745,0.8949107299739896,1404.2986700000001,36-45,28.77,361.62,0
30,Murcia,"Murcia, Región de",2023,439.3518518518519,0.8643768521205406,635.1762254166666,18-25,69.17,379.77,1
30,Murcia,"Murcia, Región de",2023,439.3518518518519,0.8643768521205406,1221.7966716666667,26-35,35.96,379.77,1
30,Murcia,"Murcia, Región de",2023,439.3518518518519,0.8643768521205406,1473.2781383333331,36-45,29.82,379.77,0
30,Murcia,"Murcia, Región de",2024,450.0,0.8410456579083591,668.6162991666666,18-25,67.3,378.47,1
30,Murcia,"Murcia, Región de",2024,450.0,0.8410456579083591,1288.0478033333331,26-35,34.94,378.47,1
30,Murcia,"Murcia, Región de",2024,450.0,0.8410456579083591,1534.725025,36-45,29.32,378.47,0
32,Ourense,Galicia,2011,302.4861878453039,1.0717791932800231,567.8311666666667,18-25,53.27,324.2,1
32,Ourense,Galicia,2011,302.4861878453039,1.0717791932800231,1034.6871254166665,26-35,29.23,324.2,0
32,Ourense,Galicia,2011,302.4861878453039,1.0717791932800231,1247.2413766666666,36-45,24.25,324.2,0
32,Ourense,Galicia,2012,312.0,1.0461898360861621,528.3420833333333,18-25,59.05,326.41,1
32,Ourense,Galicia,2012,312.0,1.0461898360861621,996.1267379166666,26-35,31.32,326.41,1
32,Ourense,Galicia,2012,312.0,1.0461898360861621,1207.85843,36-45,25.83,326.41,0
32,Ourense,Galicia,2013,305.0,1.031656722448744,469.9669166666667,18-25,64.9,314.66,1
32,Ourense,Galicia,2013,305.0,1.031656722448744,968.1230466666667,26-35,31.5,314.66,1
32,Ourense,Galicia,2013,305.0,1.031656722448744,1205.545275,36-45,25.3,314.66,0
32,Ourense,Galicia,2014,304.1666666666667,1.0332160647146191,448.7395833333333,18-25,67.78,314.27,1
32,Ourense,Galicia,2014,304.1666666666667,1.0332160647146191,951.0553341666667,26-35,31.98,314.27,1
32,Ourense,Galicia,2014,304.1666666666667,1.0332160647146191,1209.5784683333334,36-45,25.15,314.27,0
32,Ourense,Galicia,2015,304.1666666666667,1.0384115222946557,442.73037500000004,18-25,68.7,315.85,1
32,Ourense,Galicia,2015,304.1666666666667,1.0384115222946557,949.3485629166667,26-35,32.04,315.85,1
32,Ourense,Galicia,2015,304.1666666666667,1.0384115222946557,1221.73736,36-45,24.9,315.85,0
32,Ourense,Galicia,2016,311.6666666666667,1.0405208860397714,455.9194166666667,18-25,68.36,324.3,1
32,Ourense,Galicia,2016,311.6666666666667,1.0405208860397714,950.6760516666667,26-35,32.78,324.3,1
32,Ourense,Galicia,2016,311.6666666666667,1.0405208860397714,1227.1347216666666,36-45,25.4,324.3,0
32,Ourense,Galicia,2017,320.0,1.0205611862446453,474.72745833333335,18-25,67.41,326.58,1
32,Ourense,Galicia,2017,320.0,1.0205611862446453,963.2555879166666,26-35,33.22,326.58,1
32,Ourense,Galicia,2017,320.0,1.0205611862446453,1241.9626383333334,36-45,25.77,326.58,0
32,Ourense,Galicia,2018,326.87911184210526,1.0037444693258832,501.5737916666667,18-25,65.17,328.1,1
32,Ourense,Galicia,2018,326.87911184210526,1.0037444693258832,999.9195629166667,26-35,32.69,328.1,1
32,Ourense,Galicia,2018,326.87911184210526,1.0037444693258832,1278.0241316666668,36-45,25.58,328.1,0
32,Ourense,Galicia,2019,346.6666666666667,0.9967743538313801,522.8791666666667,18-25,66.3,345.55,1
32,Ourense,Galicia,2019,346.6666666666667,0.9967743538313801,1044.1691879166667,26-35,33.2,345.55,1
32,Ourense,Galicia,2019,346.6666666666667,0.9967743538313801,1319.1864283333334,36-45,26.28,345.55,0
32,Ourense,Galicia,2020,350.0,1.0,530.9174583333333,18-25,65.92,350.0,1
32,Ourense,Galicia,2020,350.0,1.0,1021.7915204166667,26-35,34.25,350.0,1
32,Ourense,Galicia,2020,350.0,1.0,1301.7487983333333,36-45,26.89,350.0,0
32,Ourense,Galicia,2021,350.0,0.9699974935414286,572.9819166666667,18-25,61.08,339.5,1
32,Ourense,Galicia,2021,350.0,0.9699974935414286,1102.1057283333332,26-35,31.76,339.5,1
32,Ourense,Galicia,2021,350.0,0.9699974935414286,1356.6714016666667,36-45,25.8,339.5,0
32,Ourense,Galicia,2022,360.0,0.8949107299739896,598.4235,18-25,60.16,322.17,1
32,Ourense,Galicia,2022,360.0,0.8949107299739896,1167.4078733333333,26-35,30.84,322.17,1
32,Ourense,Galicia,2022,360.0,0.8949107299739896,1417.4658600000002,36-45,25.4,322.17,0
32,Ourense,Galicia,2023,373.97540983606547,0.8643768521205406,660.2088704166666,18-25,56.65,323.26,1
32,Ourense,Galicia,2023,373.97540983606547,0.8643768521205406,1230.6934216666666,26-35,30.39,323.26,1
32,Ourense,Galicia,2023,373.97540983606547,0.8643768521205406,1487.750185,36-45,25.14,323.26,0
32,Ourense,Galicia,2024,390.92,0.8410456579083591,685.1150879166667,18-25,57.06,328.78,1
32,Ourense,Galicia,2024,390.92,0.8410456579083591,1285.2601550000002,26-35,30.42,328.78,1
32,Ourense,Galicia,2024,390.92,0.8410456579083591,1540.4782566666665,36-45,25.38,328.78,0
33,Asturias,"Asturias, Principado de",2011,400.0,1.0717791932800231,589.2145833333333,18-25,67.89,428.71,1
33,Asturias,"Asturias, Principado de",2011,400.0,1.0717791932800231,1137.3368583333333,26-35,35.17,428.71,1
33,Asturias,"Asturias, Principado de",2011,400.0,1.0717791932800231,1424.7611949999998,36-45,28.07,428.71,0
33,Asturias,"Asturias, Principado de",2012,399.99999999999994,1.0461898360861621,531.3076666666667,18-25,75.29,418.48,1
33,Asturias,"Asturias, Principado de",2012,399.99999999999994,1.0461898360861621,1079.5688879166667,26-35,37.05,418.48,1
33,Asturias,"Asturias, Principado de",2012,399.99999999999994,1.0461898360861621,1371.8551883333337,36-45,29.16,418.48,0
33,Asturias,"Asturias, Principado de",2013,383.1370856353591,1.031656722448744,482.6877083333333,18-25,79.38,395.27,1
33,Asturias,"Asturias, Principado de",2013,383.1370856353591,1.031656722448744,1049.6687841666667,26-35,36.5,395.27,1
33,Asturias,"Asturias, Principado de",2013,383.1370856353591,1.031656722448744,1360.2894133333334,36-45,28.17,395.27,0
33,Asturias,"Asturias, Principado de",2014,380.0,1.0332160647146191,463.4894583333333,18-25,81.99,392.62,1
33,Asturias,"Asturias, Principado de",2014,380.0,1.0332160647146191,1037.4685304166667,26-35,36.63,392.62,1
33,Asturias,"Asturias, Principado de",2014,380.0,1.0332160647146191,1361.5349583333334,36-45,27.91,392.62,0
33,Asturias,"Asturias, Principado de",2015,375.0,1.0384115222946557,466.2989583333333,18-25,80.42,389.4,1
33,Asturias,"Asturias, Principado de",2015,375.0,1.0384115222946557,1049.3527154166666,26-35,35.74,389.4,1
33,Asturias,"Asturias, Principado de",2015,375.0,1.0384115222946557,1379.6843283333335,36-45,27.18,389.4,0
33,Asturias,"Asturias, Principado de",2016,380.0,1.0405208860397714,474.1811666666667,18-25,80.14,395.4,1
33,Asturias,"Asturias, Principado de",2016,380.0,1.0405208860397714,1059.1508466666667,26-35,35.88,395.4,1
33,Asturias,"Asturias, Principado de",2016,380.0,1.0405208860397714,1391.84322,36-45,27.3,395.4,0
33,Asturias,"Asturias, Principado de",2017,385.0,1.0205611862446453,491.11620833333336,18-25,78.39,392.92,1
33,Asturias,"Asturias, Principado de",2017,385.0,1.0205611862446453,1079.0631779166667,26-35,35.68,392.92,1
33,Asturias,"Asturias, Principado de",2017,385.0,1.0205611862446453,1410.1705250000002,36-45,27.3,392.92,0
33,Asturias,"Asturias, Principado de",2018,397.96656686626744,1.0037444693258832,503.2126666666666,18-25,79.09,399.46,1
33,Asturias,"Asturias, Principado de",2018,397.96656686626744,1.0037444693258832,1110.1128033333334,26-35,35.85,399.46,1
33,Asturias,"Asturias, Principado de",2018,397.96656686626744,1.0037444693258832,1439.1146183333333,36-45,27.65,399.46,0
33,Asturias,"Asturias, Principado de",2019,400.0,0.9967743538313801,529.6687916666666,18-25,75.52,398.71,1
33,Asturias,"Asturias, Principado de",2019,400.0,0.9967743538313801,1161.3580833333333,26-35,34.44,398.71,1
33,Asturias,"Asturias, Principado de",2019,400.0,0.9967743538313801,1479.38724,36-45,27.04,398.71,0
33,Asturias,"Asturias, Principado de",2020,410.0,1.0,544.8088750000001,18-25,75.26,410.0,1
33,Asturias,"Asturias, Principado de",2020,410.0,1.0,1123.1020583333332,26-35,36.51,410.0,1
33,Asturias,"Asturias, Principado de",2020,410.0,1.0,1449.7907183333334,36-45,28.28,410.0,0
33,Asturias,"Asturias, Principado de",2021,425.0,0.9699974935414286,576.9620416666667,18-25,73.66,412.25,1
33,Asturias,"Asturias, Principado de",2021,425.0,0.9699974935414286,1201.986575,26-35,35.36,412.25,1
33,Asturias,"Asturias, Principado de",2021,425.0,0.9699974935414286,1516.4570316666668,36-45,28.03,412.25,0
33,Asturias,"Asturias, Principado de",2022,440.0,0.8949107299739896,615.046375,18-25,71.54,393.76,1
33,Asturias,"Asturias, Principado de",2022,440.0,0.8949107299739896,1284.6077266666666,26-35,34.25,393.76,1
33,Asturias,"Asturias, Principado de",2022,440.0,0.8949107299739896,1594.6935791666667,36-45,27.59,393.76,0
33,Asturias,"Asturias, Principado de",2023,450.0,0.8643768521205406,651.2325179166667,18-25,69.1,388.97,1
33,Asturias,"Asturias, Principado de",2023,450.0,0.8643768521205406,1360.4673483333333,26-35,33.08,388.97,1
33,Asturias,"Asturias, Principado de",2023,450.0,0.8643768521205406,1668.6068416666665,36-45,26.97,388.97,0
33,Asturias,"Asturias, Principado de",2024,467.67,0.8410456579083591,687.7700654166666,18-25,68.0,393.33,1
33,Asturias,"Asturias, Principado de",2024,467.67,0.8410456579083591,1425.1763766666666,26-35,32.81,393.33,1
33,Asturias,"Asturias, Principado de",2024,467.67,0.8410456579083591,1728.3165208333332,36-45,27.06,393.33,0
34,Palencia,Castilla y León,2011,350.0,1.0717791932800231,626.752625,18-25,55.84,375.12,1
34,Palencia,Castilla y León,2011,350.0,1.0717791932800231,1114.3239316666666,26-35,31.41,375.12,1
34,Palencia,Castilla y León,2011,350.0,1.0717791932800231,1294.868645,36-45,27.03,375.12,0
34,Palencia,Castilla y León,2012,350.0,1.0461898360861621,596.6285416666666,18-25,58.66,366.17,1
34,Palencia,Castilla y León,2012,350.0,1.0461898360861621,1080.8331629166667,26-35,32.38,366.17,1
34,Palencia,Castilla y León,2012,350.0,1.0461898360861621,1259.993385,36-45,27.78,366.17,0
34,Palencia,Castilla y León,2013,345.2702702702702,1.031656722448744,603.0279583333333,18-25,57.26,356.2,1
34,Palencia,Castilla y León,2013,345.2702702702702,1.031656722448744,1058.5187091666667,26-35,32.62,356.2,1
34,Palencia,Castilla y León,2013,345.2702702702702,1.031656722448744,1268.2970183333334,36-45,27.22,356.2,0
34,Palencia,Castilla y León,2014,340.0,1.0332160647146191,543.3260833333334,18-25,62.58,351.29,1
34,Palencia,Castilla y León,2014,340.0,1.0332160647146191,1046.9505929166667,26-35,32.48,351.29,1
34,Palencia,Castilla y León,2014,340.0,1.0332160647146191,1276.4227166666667,36-45,26.64,351.29,0
34,Palencia,Castilla y León,2015,349.79166666666674,1.0384115222946557,559.7148333333333,18-25,62.49,363.23,1
34,Palencia,Castilla y León,2015,349.79166666666674,1.0384115222946557,1091.5795004166666,26-35,32.04,363.23,1
34,Palencia,Castilla y León,2015,349.79166666666674,1.0384115222946557,1308.92551,36-45,26.72,363.23,0
34,Palencia,Castilla y León,2016,350.0,1.0405208860397714,608.022625,18-25,57.56,364.18,1
34,Palencia,Castilla y León,2016,350.0,1.0405208860397714,1099.31808,26-35,31.84,364.18,1
34,Palencia,Castilla y León,2016,350.0,1.0405208860397714,1318.17813,36-45,26.55,364.18,0
34,Palencia,Castilla y León,2017,351.4166666666667,1.0205611862446453,590.8534583333334,18-25,59.48,358.64,1
34,Palencia,Castilla y León,2017,351.4166666666667,1.0205611862446453,1098.5470283333334,26-35,31.99,358.64,1
34,Palencia,Castilla y León,2017,351.4166666666667,1.0205611862446453,1329.0321649999998,36-45,26.44,358.64,0
34,Palencia,Castilla y León,2018,360.0,1.0037444693258832,579.6154583333333,18-25,62.11,361.35,1
34,Palencia,Castilla y León,2018,360.0,1.0037444693258832,1132.6512366666666,26-35,31.78,361.35,1
34,Palencia,Castilla y León,2018,360.0,1.0037444693258832,1368.474423333333,36-45,26.31,361.35,0
34,Palencia,Castilla y León,2019,380.0,0.9967743538313801,597.252875,18-25,63.62,378.77,1
34,Palencia,Castilla y León,2019,380.0,0.9967743538313801,1178.5584666666666,26-35,32.24,378.77,1
34,Palencia,Castilla y León,2019,380.0,0.9967743538313801,1415.1527049999997,36-45,26.85,378.77,0
34,Palencia,Castilla y León,2020,390.0,1.0,601.5451666666667,18-25,64.83,390.0,1
34,Palencia,Castilla y León,2020,390.0,1.0,1144.4542583333334,26-35,34.08,390.0,1
34,Palencia,Castilla y León,2020,390.0,1.0,1380.6926266666667,36-45,28.25,390.0,0
34,Palencia,Castilla y León,2021,400.0,0.9699974935414286,616.5291666666667,18-25,64.88,388.0,1
34,Palencia,Castilla y León,2021,400.0,0.9699974935414286,1196.3519666666668,26-35,33.43,388.0,1
34,Palencia,Castilla y León,2021,400.0,0.9699974935414286,1441.0719033333335,36-45,27.76,388.0,0
34,Palencia,Castilla y León,2022,400.0,0.8949107299739896,643.0779441666667,18-25,62.2,357.96,1
34,Palencia,Castilla y León,2022,400.0,0.8949107299739896,1262.7217216666668,26-35,31.68,357.96,1
34,Palencia,Castilla y León,2022,400.0,0.8949107299739896,1516.9908366666668,36-45,26.37,357.96,0
34,Palencia,Castilla y León,2023,411.93499999999995,0.8643768521205406,671.4609179166667,18-25,61.35,356.07,1
34,Palencia,Castilla y León,2023,411.93499999999995,0.8643768521205406,1330.6928916666668,26-35,30.96,356.07,1
34,Palencia,Castilla y León,2023,411.93499999999995,0.8643768521205406,1585.4958116666667,36-45,25.98,356.07,0
34,Palencia,Castilla y León,2024,429.275867907043,0.8410456579083591,712.6762829166668,18-25,60.23,361.04,1
34,Palencia,Castilla y León,2024,429.275867907043,0.8410456579083591,1399.2571783333333,26-35,30.68,361.04,1
34,Palencia,Castilla y León,2024,429.275867907043,0.8410456579083591,1644.0237166666666,36-45,26.11,361.04,0
35,"Palmas, Las",Canarias,2011,400.0,1.0717791932800231,542.8578333333334,18-25,73.68,428.71,1
35,"Palmas, Las",Canarias,2011,400.0,1.0717791932800231,995.8106691666667,26-35,40.17,428.71,1
35,"Palmas, Las",Canarias,2011,400.0,1.0717791932800231,1237.6328866666665,36-45,32.32,428.71,1
35,"Palmas, Las",Canarias,2012,400.0,1.0461898360861621,512.031375,18-25,78.12,418.48,1
35,"Palmas, Las",Canarias,2012,400.0,1.0461898360861621,959.2099079166668,26-35,41.7,418.48,1
35,"Palmas, Las",Canarias,2012,400.0,1.0461898360861621,1217.2296733333333,36-45,32.86,418.48,1
35,"Palmas, Las",Canarias,2013,396.7676207729469,1.031656722448744,468.25,18-25,84.73,409.33,1
35,"Palmas, Las",Canarias,2013,396.7676207729469,1.031656722448744,933.1658429166667,26-35,42.52,409.33,1
35,"Palmas, Las",Canarias,2013,396.7676207729469,1.031656722448744,1212.1881816666667,36-45,32.73,409.33,1
35,"Palmas, Las",Canarias,2014,396.9562841530055,1.0332160647146191,445.38379166666664,18-25,89.13,410.14,1
35,"Palmas, Las",Canarias,2014,396.9562841530055,1.0332160647146191,912.5581604166667,26-35,43.5,410.14,1
35,"Palmas, Las",Canarias,2014,396.9562841530055,1.0332160647146191,1207.5025600000001,36-45,32.87,410.14,1
35,"Palmas, Las",Canarias,2015,398.90710382513663,1.0384115222946557,448.8956666666666,18-25,88.86,414.23,1
35,"Palmas, Las",Canarias,2015,398.90710382513663,1.0384115222946557,915.2131379166667,26-35,43.59,414.23,1
35,"Palmas, Las",Canarias,2015,398.90710382513663,1.0384115222946557,1221.0849316666665,36-45,32.67,414.23,1
35,"Palmas, Las",Canarias,2016,400.0,1.0405208860397714,467.46958333333333,18-25,85.57,416.21,1
35,"Palmas, Las",Canarias,2016,400.0,1.0405208860397714,917.4888329166666,26-35,43.6,416.21,1
35,"Palmas, Las",Canarias,2016,400.0,1.0405208860397714,1231.1086033333333,36-45,32.49,416.21,1
35,"Palmas, Las",Canarias,2017,400.0,1.0205611862446453,506.25629166666664,18-25,79.01,408.22,1
35,"Palmas, Las",Canarias,2017,400.0,1.0205611862446453,943.6593254166665,26-35,42.39,408.22,1
35,"Palmas, Las",Canarias,2017,400.0,1.0205611862446453,1244.3351049999999,36-45,32.15,408.22,1
35,"Palmas, Las",Canarias,2018,418.75,1.0037444693258832,536.3803750000001,18-25,78.07,420.32,1
35,"Palmas, Las",Canarias,2018,418.75,1.0037444693258832,982.2829266666668,26-35,42.63,420.32,1
35,"Palmas, Las",Canarias,2018,418.75,1.0037444693258832,1278.498625,36-45,32.75,420.32,1
35,"Palmas, Las",Canarias,2019,450.0,0.9967743538313801,560.5732916666667,18-25,80.27,448.55,1
35,"Palmas, Las",Canarias,2019,450.0,0.9967743538313801,1022.6765129166666,26-35,44.0,448.55,1
35,"Palmas, Las",Canarias,2019,450.0,0.9967743538313801,1312.12834,36-45,34.3,448.55,1
35,"Palmas, Las",Canarias,2020,450.8211678832117,1.0,501.26162500000004,18-25,89.94,450.82,1
35,"Palmas, Las",Canarias,2020,450.8211678832117,1.0,915.9717029166667,26-35,49.22,450.82,1
35,"Palmas, Las",Canarias,2020,450.8211678832117,1.0,1212.48474,36-45,37.18,450.82,1
35,"Palmas, Las",Canarias,2021,475.2604166666667,0.9699974935414286,552.9252083333333,18-25,85.95,461.0,1
35,"Palmas, Las",Canarias,2021,475.2604166666667,0.9699974935414286,1028.6818191666669,26-35,46.2,461.0,1
35,"Palmas, Las",Canarias,2021,475.2604166666667,0.9699974935414286,1293.2079183333333,36-45,36.75,461.0,1
35,"Palmas, Las",Canarias,2022,500.0,0.8949107299739896,633.1533854166667,18-25,78.97,447.46,1
35,"Palmas, Las",Canarias,2022,500.0,0.8949107299739896,1164.1457316666667,26-35,42.95,447.46,1
35,"Palmas, Las",Canarias,2022,500.0,0.8949107299739896,1409.9332783333332,36-45,35.46,447.46,1
35,"Palmas, Las",Canarias,2023,500.0,0.8643768521205406,686.6954316666667,18-25,72.81,432.19,1
35,"Palmas, Las",Canarias,2023,500.0,0.8643768521205406,1244.4537283333332,26-35,40.18,432.19,1
35,"Palmas, Las",Canarias,2023,500.0,0.8643768521205406,1480.5734733333331,36-45,33.77,432.19,1
35,"Palmas, Las",Canarias,2024,550.0,0.8410456579083591,735.9389429166666,18-25,74.73,462.58,1
35,"Palmas, Las",Canarias,2024,550.0,0.8410456579083591,1313.4925083333333,26-35,41.87,462.58,1
35,"Palmas, Las",Canarias,2024,550.0,0.8410456579083591,1539.707205,36-45,35.72,462.58,1
36,Pontevedra,Galicia,2011,396.0851648351649,1.0717791932800231,561.3537083333333,18-25,70.56,424.52,1
36,Pontevedra,Galicia,2011,396.0851648351649,1.0717791932800231,1034.3078429166667,26-35,38.29,424.52,1
36,Pontevedra,Galicia,2011,396.0851648351649,1.0717791932800231,1303.7060833333333,36-45,30.38,424.52,1
36,Pontevedra,Galicia,2012,390.68500000000006,1.0461898360861621,513.9824166666666,18-25,76.01,408.73,1
36,Pontevedra,Galicia,2012,390.68500000000006,1.0461898360861621,984.3057666666667,26-35,39.69,408.73,1
36,Pontevedra,Galicia,2012,390.68500000000006,1.0461898360861621,1261.5947999999999,36-45,30.97,408.73,1
36,Pontevedra,Galicia,2013,375.89242342895125,1.031656722448744,482.3755416666667,18-25,77.93,387.79,1
36,Pontevedra,Galicia,2013,375.89242342895125,1.031656722448744,967.0484129166667,26-35,38.87,387.79,1
36,Pontevedra,Galicia,2013,375.89242342895125,1.031656722448744,1253.4691016666668,36-45,29.99,387.79,0
36,Pontevedra,Galicia,2014,370.202850877193,1.0332160647146191,455.9194166666667,18-25,81.2,382.5,1
36,Pontevedra,Galicia,2014,370.202850877193,1.0332160647146191,946.2510891666667,26-35,39.12,382.5,1
36,Pontevedra,Galicia,2014,370.202850877193,1.0332160647146191,1250.5035183333332,36-45,29.6,382.5,0
36,Pontevedra,Galicia,2015,366.6666666666667,1.0384115222946557,462.00666666666666,18-25,79.36,380.75,1
36,Pontevedra,Galicia,2015,366.6666666666667,1.0384115222946557,957.3767091666665,26-35,38.3,380.75,1
36,Pontevedra,Galicia,2015,366.6666666666667,1.0384115222946557,1266.399045,36-45,28.95,380.75,0
36,Pontevedra,Galicia,2016,375.0,1.0405208860397714,486.51174999999995,18-25,77.08,390.2,1
36,Pontevedra,Galicia,2016,375.0,1.0405208860397714,968.7551841666667,26-35,38.71,390.2,1
36,Pontevedra,Galicia,2016,375.0,1.0405208860397714,1280.3965983333333,36-45,29.29,390.2,0
36,Pontevedra,Galicia,2017,380.0,1.0205611862446453,505.86608333333334,18-25,75.12,387.81,1
36,Pontevedra,Galicia,2017,380.0,1.0205611862446453,997.2645854166667,26-35,38.1,387.81,1
36,Pontevedra,Galicia,2017,380.0,1.0205611862446453,1301.3336166666666,36-45,29.2,387.81,0
36,Pontevedra,Galicia,2018,385.77620646766167,1.0037444693258832,536.7705833333333,18-25,71.87,387.22,1
36,Pontevedra,Galicia,2018,385.77620646766167,1.0037444693258832,1041.5774241666668,26-35,37.04,387.22,1
36,Pontevedra,Galicia,2018,385.77620646766167,1.0037444693258832,1339.1151483333335,36-45,28.81,387.22,0
36,Pontevedra,Galicia,2019,400.0,0.9967743538313801,571.030875,18-25,70.05,398.71,1
36,Pontevedra,Galicia,2019,400.0,0.9967743538313801,1076.7874829166667,26-35,37.15,398.71,1
36,Pontevedra,Galicia,2019,400.0,0.9967743538313801,1375.11733,36-45,29.09,398.71,0
36,Pontevedra,Galicia,2020,405.0,1.0,550.896125,18-25,73.52,405.0,1
36,Pontevedra,Galicia,2020,405.0,1.0,1058.8979916666667,26-35,38.25,405.0,1
36,Pontevedra,Galicia,2020,405.0,1.0,1343.9193933333333,36-45,30.14,405.0,1
36,Pontevedra,Galicia,2021,425.0,0.9699974935414286,571.4991249999999,18-25,74.37,412.25,1
36,Pontevedra,Galicia,2021,425.0,0.9699974935414286,1133.9560933333335,26-35,37.48,412.25,1
36,Pontevedra,Galicia,2021,425.0,0.9699974935414286,1400.917905,36-45,30.34,412.25,1
36,Pontevedra,Galicia,2022,448.3333333333333,0.8949107299739896,595.6920416666667,18-25,75.26,401.22,1
36,Pontevedra,Galicia,2022,448.3333333333333,0.8949107299739896,1200.0886016666666,26-35,37.36,401.22,1
36,Pontevedra,Galicia,2022,448.3333333333333,0.8949107299739896,1468.7704516666665,36-45,30.52,401.22,1
36,Pontevedra,Galicia,2023,451.8982279693487,0.8643768521205406,640.8654629166666,18-25,70.51,390.61,1
36,Pontevedra,Galicia,2023,451.8982279693487,0.8643768521205406,1273.8130033333334,26-35,35.48,390.61,1
36,Pontevedra,Galicia,2023,451.8982279693487,0.8643768521205406,1548.6039549999998,36-45,29.18,390.61,0
36,Pontevedra,Galicia,2024,480.0,0.8410456579083591,681.1326216666666,18-25,70.47,403.7,1
36,Pontevedra,Galicia,2024,480.0,0.8410456579083591,1333.7177866666668,26-35,35.99,403.7,1
36,Pontevedra,Galicia,2024,480.0,0.8410456579083591,1610.2082625000003,36-45,29.81,403.7,0
37,Salamanca,Castilla y León,2011,396.7391304347827,1.0717791932800231,571.5771666666667,18-25,69.41,425.22,1
37,Salamanca,Castilla y León,2011,396.7391304347827,1.0717791932800231,1093.0966304166666,26-35,36.29,425.22,1
37,Salamanca,Castilla y León,2011,396.7391304347827,1.0717791932800231,1307.679965,36-45,30.34,425.22,1
37,Salamanca,Castilla y León,2012,393.86999999999995,1.0461898360861621,515.6212916666667,18-25,76.39,412.06,1
37,Salamanca,Castilla y León,2012,393.86999999999995,1.0461898360861621,1044.5484704166668,26-35,37.71,412.06,1
37,Salamanca,Castilla y León,2012,393.86999999999995,1.0461898360861621,1274.2874966666666,36-45,30.91,412.06,1
37,Salamanca,Castilla y León,2013,383.3333333333333,1.031656722448744,471.13754166666666,18-25,81.36,395.47,1
37,Salamanca,Castilla y León,2013,383.3333333333333,1.031656722448744,1019.1365429166667,26-35,37.61,395.47,1
37,Salamanca,Castilla y León,2013,383.3333333333333,1.031656722448744,1266.6362916666667,36-45,30.26,395.47,1
37,Salamanca,Castilla y León,2014,380.0,1.0332160647146191,432.74104166666666,18-25,87.81,392.62,1
37,Salamanca,Castilla y León,2014,380.0,1.0332160647146191,991.8914166666667,26-35,38.31,392.62,1
37,Salamanca,Castilla y León,2014,380.0,1.0332160647146191,1258.4512816666665,36-45,30.2,392.62,1
37,Salamanca,Castilla y León,2015,375.85812356979403,1.0384115222946557,441.793875,18-25,85.08,390.3,1
37,Salamanca,Castilla y León,2015,375.85812356979403,1.0384115222946557,998.2760054166666,26-35,37.65,390.3,1
37,Salamanca,Castilla y León,2015,375.85812356979403,1.0384115222946557,1275.295795,36-45,29.47,390.3,0
37,Salamanca,Castilla y León,2016,385.7032656209822,1.0405208860397714,462.0847083333333,18-25,83.47,401.33,1
37,Salamanca,Castilla y León,2016,385.7032656209822,1.0405208860397714,997.3277991666668,26-35,38.67,401.33,1
37,Salamanca,Castilla y León,2016,385.7032656209822,1.0405208860397714,1288.7595433333333,36-45,29.93,401.33,0
37,Salamanca,Castilla y León,2017,393.75,1.0205611862446453,489.94558333333333,18-25,80.37,401.85,1
37,Salamanca,Castilla y León,2017,393.75,1.0205611862446453,1017.6194129166666,26-35,38.69,401.85,1
37,Salamanca,Castilla y León,2017,393.75,1.0205611862446453,1297.2411116666665,36-45,30.35,401.85,1
37,Salamanca,Castilla y León,2018,400.0,1.0037444693258832,510.08033333333333,18-25,78.42,401.5,1
37,Salamanca,Castilla y León,2018,400.0,1.0037444693258832,1054.1569604166668,26-35,37.95,401.5,1
37,Salamanca,Castilla y León,2018,400.0,1.0037444693258832,1326.896945,36-45,30.15,401.5,1
37,Salamanca,Castilla y León,2019,410.0,0.9967743538313801,545.1210416666667,18-25,75.21,408.68,1
37,Salamanca,Castilla y León,2019,410.0,0.9967743538313801,1100.0891316666666,26-35,37.27,408.68,1
37,Salamanca,Castilla y León,2019,410.0,0.9967743538313801,1373.6938499999999,36-45,29.85,408.68,0
37,Salamanca,Castilla y León,2020,419.5833333333333,1.0,565.2557916666666,18-25,74.23,419.58,1
37,Salamanca,Castilla y León,2020,419.5833333333333,1.0,1073.4371541666667,26-35,39.09,419.58,1
37,Salamanca,Castilla y León,2020,419.5833333333333,1.0,1350.20643,36-45,31.08,419.58,1
37,Salamanca,Castilla y León,2021,430.0,0.9699974935414286,586.8733333333333,18-25,73.27,417.1,1
37,Salamanca,Castilla y León,2021,430.0,0.9699974935414286,1149.49575,26-35,37.41,417.1,1
37,Salamanca,Castilla y León,2021,430.0,0.9699974935414286,1414.26303,36-45,30.4,417.1,1
37,Salamanca,Castilla y León,2022,450.0,0.8949107299739896,612.7831666666667,18-25,73.44,402.71,1
37,Salamanca,Castilla y León,2022,450.0,0.8949107299739896,1213.8489083333334,26-35,37.07,402.71,1
37,Salamanca,Castilla y León,2022,450.0,0.8949107299739896,1479.505863333333,36-45,30.42,402.71,1
37,Salamanca,Castilla y León,2023,451.11813186813174,0.8643768521205406,654.1403504166666,18-25,68.96,389.94,1
37,Salamanca,Castilla y León,2023,451.11813186813174,0.8643768521205406,1283.0656233333334,26-35,35.16,389.94,1
37,Salamanca,Castilla y León,2023,451.11813186813174,0.8643768521205406,1548.3667083333332,36-45,29.14,389.94,0
37,Salamanca,Castilla y León,2024,480.0,0.8410456579083591,672.6619791666667,18-25,71.36,403.7,1
37,Salamanca,Castilla y León,2024,480.0,0.8410456579083591,1351.3926633333333,26-35,35.52,403.7,1
37,Salamanca,Castilla y León,2024,480.0,0.8410456579083591,1606.3842208333335,36-45,29.88,403.7,0
38,Santa Cruz de Tenerife,Canarias,2011,400.0,1.0717791932800231,529.9029166666667,18-25,75.49,428.71,1
38,Santa Cruz de Tenerife,Canarias,2011,400.0,1.0717791932800231,960.9166791666667,26-35,41.63,428.71,1
38,Santa Cruz de Tenerife,Canarias,2011,400.0,1.0717791932800231,1204.9521583333333,36-45,33.2,428.71,1
38,Santa Cruz de Tenerife,Canarias,2012,399.06542056074767,1.0461898360861621,481.4390416666667,18-25,82.89,417.5,1
38,Santa Cruz de Tenerife,Canarias,2012,399.06542056074767,1.0461898360861621,916.4141991666667,26-35,43.55,417.5,1
38,Santa Cruz de Tenerife,Canarias,2012,399.06542056074767,1.0461898360861621,1173.0424816666666,36-45,34.02,417.5,1
38,Santa Cruz de Tenerife,Canarias,2013,380.2083333333334,1.031656722448744,439.5306666666667,18-25,86.5,392.24,1
38,Santa Cruz de Tenerife,Canarias,2013,380.2083333333334,1.031656722448744,890.8758441666668,26-35,42.68,392.24,1
38,Santa Cruz de Tenerife,Canarias,2013,380.2083333333334,1.031656722448744,1163.4933033333334,36-45,32.68,392.24,1
38,Santa Cruz de Tenerife,Canarias,2014,379.1666666666667,1.0332160647146191,421.190875,18-25,90.02,391.76,1
38,Santa Cruz de Tenerife,Canarias,2014,379.1666666666667,1.0332160647146191,873.4288491666666,26-35,43.41,391.76,1
38,Santa Cruz de Tenerife,Canarias,2014,379.1666666666667,1.0332160647146191,1156.3759033333333,36-45,32.79,391.76,1
38,Santa Cruz de Tenerife,Canarias,2015,380.0,1.0384115222946557,420.6445833333333,18-25,90.34,394.6,1
38,Santa Cruz de Tenerife,Canarias,2015,380.0,1.0384115222946557,873.8081316666667,26-35,43.49,394.6,1
38,Santa Cruz de Tenerife,Canarias,2015,380.0,1.0384115222946557,1168.178925,36-45,32.53,394.6,1
38,Santa Cruz de Tenerife,Canarias,2016,390.0,1.0405208860397714,445.1496666666667,18-25,87.61,405.8,1
38,Santa Cruz de Tenerife,Canarias,2016,390.0,1.0405208860397714,880.6352166666666,26-35,44.29,405.8,1
38,Santa Cruz de Tenerife,Canarias,2016,390.0,1.0405208860397714,1181.5833616666666,36-45,33.01,405.8,1
38,Santa Cruz de Tenerife,Canarias,2017,400.0,1.0205611862446453,479.95625,18-25,83.34,408.22,1
38,Santa Cruz de Tenerife,Canarias,2017,400.0,1.0205611862446453,901.1796854166668,26-35,44.39,408.22,1
38,Santa Cruz de Tenerife,Canarias,2017,400.0,1.0205611862446453,1191.5477216666668,36-45,33.57,408.22,1
38,Santa Cruz de Tenerife,Canarias,2018,401.53642714570856,1.0037444693258832,506.6465,18-25,79.25,403.04,1
38,Santa Cruz de Tenerife,Canarias,2018,401.53642714570856,1.0037444693258832,943.6593254166665,26-35,42.55,403.04,1
38,Santa Cruz de Tenerife,Canarias,2018,401.53642714570856,1.0037444693258832,1223.0422166666667,36-45,32.83,403.04,1
38,Santa Cruz de Tenerife,Canarias,2019,450.0,0.9967743538313801,561.1195833333334,18-25,80.2,448.55,1
38,Santa Cruz de Tenerife,Canarias,2019,450.0,0.9967743538313801,994.2935391666666,26-35,45.26,448.55,1
38,Santa Cruz de Tenerife,Canarias,2019,450.0,0.9967743538313801,1270.313615,36-45,35.42,448.55,1
38,Santa Cruz de Tenerife,Canarias,2020,450.00013662015937,1.0,509.8462083333333,18-25,88.26,450.0,1
38,Santa Cruz de Tenerife,Canarias,2020,450.00013662015937,1.0,915.2131379166667,26-35,49.17,450.0,1
38,Santa Cruz de Tenerife,Canarias,2020,450.00013662015937,1.0,1188.5821383333334,36-45,37.86,450.0,1
38,Santa Cruz de Tenerife,Canarias,2021,472.0,0.9699974935414286,561.197625,18-25,84.11,457.84,1
38,Santa Cruz de Tenerife,Canarias,2021,472.0,0.9699974935414286,1017.4297716666666,26-35,46.39,457.84,1
38,Santa Cruz de Tenerife,Canarias,2021,472.0,0.9699974935414286,1264.8569416666667,36-45,37.32,457.84,1
38,Santa Cruz de Tenerife,Canarias,2022,500.0,0.8949107299739896,620.1190833333334,18-25,80.63,447.46,1
38,Santa Cruz de Tenerife,Canarias,2022,500.0,0.8949107299739896,1134.19334,26-35,44.08,447.46,1
38,Santa Cruz de Tenerife,Canarias,2022,500.0,0.8949107299739896,1375.7697583333331,36-45,36.34,447.46,1
38,Santa Cruz de Tenerife,Canarias,2023,520.0,0.8643768521205406,678.3512166666666,18-25,76.66,449.48,1
38,Santa Cruz de Tenerife,Canarias,2023,520.0,0.8643768521205406,1219.5428283333333,26-35,42.64,449.48,1
38,Santa Cruz de Tenerife,Canarias,2023,520.0,0.8643768521205406,1445.2830316666666,36-45,35.98,449.48,1
38,Santa Cruz de Tenerife,Canarias,2024,550.0,0.8410456579083591,725.9511704166666,18-25,75.76,462.58,1
38,Santa Cruz de Tenerife,Canarias,2024,550.0,0.8410456579083591,1285.3194666666666,26-35,42.79,462.58,1
38,Santa Cruz de Tenerife,Canarias,2024,550.0,0.8410456579083591,1506.0181783333335,36-45,36.52,462.58,1
39,Cantabria,Cantabria,2011,442.3779166666667,1.0717791932800231,602.0134166666667,18-25,73.48,474.13,1
39,Cantabria,Cantabria,2011,442.3779166666667,1.0717791932800231,1135.1423266666668,26-35,38.97,474.13,1
39,Cantabria,Cantabria,2011,442.3779166666667,1.0717791932800231,1417.2286133333334,36-45,31.21,474.13,1
39,Cantabria,Cantabria,2012,430.0149182084975,1.0461898360861621,553.00325,18-25,77.76,449.88,1
39,Cantabria,Cantabria,2012,430.0149182084975,1.0461898360861621,1085.8902629166666,26-35,39.6,449.88,1
39,Cantabria,Cantabria,2012,430.0149182084975,1.0461898360861621,1372.9227983333333,36-45,31.32,449.88,1
39,Cantabria,Cantabria,2013,405.55555555555566,1.031656722448744,501.26162500000004,18-25,80.91,418.39,1
39,Cantabria,Cantabria,2013,405.55555555555566,1.031656722448744,1045.3070354166666,26-35,38.8,418.39,1
39,Cantabria,Cantabria,2013,405.55555555555566,1.031656722448744,1355.1292983333335,36-45,29.93,418.39,0
39,Cantabria,Cantabria,2014,400.0,1.0332160647146191,467.2354583333333,18-25,85.61,413.29,1
39,Cantabria,Cantabria,2014,400.0,1.0332160647146191,1034.3710566666666,26-35,38.67,413.29,1
39,Cantabria,Cantabria,2014,400.0,1.0332160647146191,1356.6714016666667,36-45,29.48,413.29,0
39,Cantabria,Cantabria,2015,400.0,1.0384115222946557,459.4312916666667,18-25,87.06,415.36,1
39,Cantabria,Cantabria,2015,400.0,1.0384115222946557,1035.1928354166666,26-35,38.64,415.36,1
39,Cantabria,Cantabria,2015,400.0,1.0384115222946557,1361.2977116666668,36-45,29.38,415.36,0
39,Cantabria,Cantabria,2016,400.0,1.0405208860397714,456.777875,18-25,87.57,416.21,1
39,Cantabria,Cantabria,2016,400.0,1.0405208860397714,1037.1524616666668,26-35,38.57,416.21,1
39,Cantabria,Cantabria,2016,400.0,1.0405208860397714,1364.1446716666667,36-45,29.32,416.21,0
39,Cantabria,Cantabria,2017,400.0,1.0205611862446453,476.2882916666667,18-25,83.98,408.22,1
39,Cantabria,Cantabria,2017,400.0,1.0205611862446453,1051.3123416666667,26-35,38.05,408.22,1
39,Cantabria,Cantabria,2017,400.0,1.0205611862446453,1383.4209633333332,36-45,28.91,408.22,0
39,Cantabria,Cantabria,2018,410.1666666666667,1.0037444693258832,507.19279166666666,18-25,80.87,411.7,1
39,Cantabria,Cantabria,2018,410.1666666666667,1.0037444693258832,1099.0808333333332,26-35,37.32,411.7,1
39,Cantabria,Cantabria,2018,410.1666666666667,1.0037444693258832,1418.0589766666665,36-45,28.92,411.7,0
39,Cantabria,Cantabria,2019,447.72196261682234,0.9967743538313801,514.372625,18-25,87.04,446.28,1
39,Cantabria,Cantabria,2019,447.72196261682234,0.9967743538313801,1126.00833,26-35,39.76,446.28,1
39,Cantabria,Cantabria,2019,447.72196261682234,0.9967743538313801,1431.5820366666667,36-45,31.27,446.28,1
39,Cantabria,Cantabria,2020,450.0,1.0,508.05125,18-25,88.57,450.0,1
39,Cantabria,Cantabria,2020,450.0,1.0,1111.3583483333334,26-35,40.49,450.0,1
39,Cantabria,Cantabria,2020,450.0,1.0,1409.814655,36-45,31.92,450.0,1
39,Cantabria,Cantabria,2021,452.96467948717947,0.9699974935414286,552.300875,18-25,82.01,439.37,1
39,Cantabria,Cantabria,2021,452.96467948717947,0.9699974935414286,1181.2274916666668,26-35,38.35,439.37,1
39,Cantabria,Cantabria,2021,452.96467948717947,0.9699974935414286,1476.6589033333332,36-45,30.67,439.37,1
39,Cantabria,Cantabria,2022,479.86439929328617,0.8949107299739896,594.8335833333333,18-25,80.67,429.44,1
39,Cantabria,Cantabria,2022,479.86439929328617,0.8949107299739896,1254.9518933333331,26-35,38.24,429.44,1
39,Cantabria,Cantabria,2022,479.86439929328617,0.8949107299739896,1553.2302650000001,36-45,30.89,429.44,1
39,Cantabria,Cantabria,2023,500.0,0.8643768521205406,639.7276154166667,18-25,78.16,432.19,1
39,Cantabria,Cantabria,2023,500.0,0.8643768521205406,1325.2362183333332,26-35,37.73,432.19,1
39,Cantabria,Cantabria,2023,500.0,0.8643768521205406,1612.7758333333331,36-45,31.0,432.19,1
39,Cantabria,Cantabria,2024,520.0,0.8410456579083591,669.0587954166666,18-25,77.72,437.34,1
39,Cantabria,Cantabria,2024,520.0,0.8410456579083591,1375.4732000000001,26-35,37.81,437.34,1
39,Cantabria,Cantabria,2024,520.0,0.8410456579083591,1665.4383500000001,36-45,31.22,437.34,1
40,Segovia,Castilla y León,2011,405.5555555555556,1.0717791932800231,561.2756666666667,18-25,72.26,434.67,1
40,Segovia,Castilla y León,2011,405.5555555555556,1.0717791932800231,1087.1545379166666,26-35,37.3,434.67,1
40,Segovia,Castilla y León,2011,405.5555555555556,1.0717791932800231,1283.8959866666667,36-45,31.59,434.67,1
40,Segovia,Castilla y León,2012,400.0,1.0461898360861621,499.7788333333333,18-25,80.04,418.48,1
40,Segovia,Castilla y León,2012,400.0,1.0461898360861621,1041.7038516666667,26-35,38.4,418.48,1
40,Segovia,Castilla y León,2012,400.0,1.0461898360861621,1253.943595,36-45,31.9,418.48,1
40,Segovia,Castilla y León,2013,395.8333333333333,1.031656722448744,455.60725,18-25,86.88,408.36,1
40,Segovia,Castilla y León,2013,395.8333333333333,1.031656722448744,1015.0908629166667,26-35,38.99,408.36,1
40,Segovia,Castilla y León,2013,395.8333333333333,1.031656722448744,1255.18914,36-45,31.54,408.36,1
40,Segovia,Castilla y León,2014,375.1388888888889,1.0332160647146191,437.0333333333333,18-25,85.84,387.6,1
40,Segovia,Castilla y León,2014,375.1388888888889,1.0332160647146191,1000.2988454166666,26-35,37.5,387.6,1
40,Segovia,Castilla y León,2014,375.1388888888889,1.0332160647146191,1243.9199233333334,36-45,30.16,387.6,1
40,Segovia,Castilla y León,2015,367.0,1.0384115222946557,439.8428333333333,18-25,83.44,381.1,1
40,Segovia,Castilla y León,2015,367.0,1.0384115222946557,1005.7352279166666,26-35,36.49,381.1,1
40,Segovia,Castilla y León,2015,367.0,1.0384115222946557,1270.313615,36-45,28.89,381.1,0
40,Segovia,Castilla y León,2016,370.0,1.0405208860397714,457.09004166666665,18-25,80.95,384.99,1
40,Segovia,Castilla y León,2016,370.0,1.0405208860397714,1006.0512966666666,26-35,36.78,384.99,1
40,Segovia,Castilla y León,2016,370.0,1.0405208860397714,1292.8520483333334,36-45,28.62,384.99,0
40,Segovia,Castilla y León,2017,374.0711728395062,1.0205611862446453,477.53695833333336,18-25,78.33,381.76,1
40,Segovia,Castilla y León,2017,374.0711728395062,1.0205611862446453,1017.4929854166667,26-35,36.76,381.76,1
40,Segovia,Castilla y León,2017,374.0711728395062,1.0205611862446453,1308.747575,36-45,28.58,381.76,0
40,Segovia,Castilla y León,2018,380.0,1.0037444693258832,507.81712500000003,18-25,74.83,381.42,1
40,Segovia,Castilla y León,2018,380.0,1.0037444693258832,1057.4440754166667,26-35,35.94,381.42,1
40,Segovia,Castilla y León,2018,380.0,1.0037444693258832,1335.4971366666666,36-45,28.45,381.42,0
40,Segovia,Castilla y León,2019,400.0,0.9967743538313801,527.6397083333333,18-25,75.81,398.71,1
40,Segovia,Castilla y León,2019,400.0,0.9967743538313801,1104.834065,26-35,36.2,398.71,1
40,Segovia,Castilla y León,2019,400.0,0.9967743538313801,1373.1007333333334,36-45,29.13,398.71,0
40,Segovia,Castilla y León,2020,400.0,1.0,545.51125,18-25,73.33,400.0,1
40,Segovia,Castilla y León,2020,400.0,1.0,1101.7498583333333,26-35,36.31,400.0,1
40,Segovia,Castilla y León,2020,400.0,1.0,1371.3213833333332,36-45,29.17,400.0,0
40,Segovia,Castilla y León,2021,416.6666666666667,0.9699974935414286,581.5665,18-25,71.65,404.17,1
40,Segovia,Castilla y León,2021,416.6666666666667,0.9699974935414286,1171.6190016666667,26-35,35.56,404.17,1
40,Segovia,Castilla y León,2021,416.6666666666667,0.9699974935414286,1420.4314433333332,36-45,29.33,404.17,0
40,Segovia,Castilla y León,2022,440.0,0.8949107299739896,626.05025,18-25,70.28,393.76,1
40,Segovia,Castilla y León,2022,440.0,0.8949107299739896,1236.8025233333333,26-35,35.58,393.76,1
40,Segovia,Castilla y León,2022,440.0,0.8949107299739896,1494.9268966666668,36-45,29.43,393.76,0
40,Segovia,Castilla y León,2023,450.0,0.8643768521205406,650.9796629166666,18-25,69.13,388.97,1
40,Segovia,Castilla y León,2023,450.0,0.8643768521205406,1316.0429100000001,26-35,34.19,388.97,1
40,Segovia,Castilla y León,2023,450.0,0.8643768521205406,1551.2136683333335,36-45,29.01,388.97,0
40,Segovia,Castilla y León,2024,490.0,0.8410456579083591,684.4197366666667,18-25,71.59,412.11,1
40,Segovia,Castilla y León,2024,490.0,0.8410456579083591,1389.1741950000003,26-35,35.27,412.11,1
40,Segovia,Castilla y León,2024,490.0,0.8410456579083591,1613.0489791666666,36-45,30.38,412.11,1
41,Sevilla,Andalucía,2011,500.0,1.0717791932800231,461.6945,18-25,108.3,535.89,1
41,Sevilla,Andalucía,2011,500.0,1.0717791932800231,971.3469479166666,26-35,51.47,535.89,1
41,Sevilla,Andalucía,2011,500.0,1.0717791932800231,1247.4786233333332,36-45,40.08,535.89,1
41,Sevilla,Andalucía,2012,487.5286409889331,1.0461898360861621,421.65912499999996,18-25,115.62,510.05,1
41,Sevilla,Andalucía,2012,487.5286409889331,1.0461898360861621,916.1613441666667,26-35,53.21,510.05,1
41,Sevilla,Andalucía,2012,487.5286409889331,1.0461898360861621,1196.1147199999998,36-45,40.76,510.05,1
41,Sevilla,Andalucía,2013,450.0,1.031656722448744,373.7415416666667,18-25,120.4,464.25,1
41,Sevilla,Andalucía,2013,450.0,1.031656722448744,875.1356204166667,26-35,51.42,464.25,1
41,Sevilla,Andalucía,2013,450.0,1.031656722448744,1172.3900533333333,36-45,38.38,464.25,1
41,Sevilla,Andalucía,2014,450.0,1.0332160647146191,352.7483333333333,18-25,127.57,464.95,1
41,Sevilla,Andalucía,2014,450.0,1.0332160647146191,853.4533041666667,26-35,52.73,464.95,1
41,Sevilla,Andalucía,2014,450.0,1.0332160647146191,1164.620225,36-45,38.64,464.95,1
41,Sevilla,Andalucía,2015,450.0,1.0384115222946557,367.2640833333333,18-25,122.53,467.29,1
41,Sevilla,Andalucía,2015,450.0,1.0384115222946557,858.6368316666667,26-35,52.41,467.29,1
41,Sevilla,Andalucía,2015,450.0,1.0384115222946557,1187.21797,36-45,37.9,467.29,1
41,Sevilla,Andalucía,2016,450.0,1.0405208860397714,378.1899166666667,18-25,118.99,468.23,1
41,Sevilla,Andalucía,2016,450.0,1.0405208860397714,867.6763979166667,26-35,51.86,468.23,1
41,Sevilla,Andalucía,2016,450.0,1.0405208860397714,1202.87625,36-45,37.41,468.23,1
41,Sevilla,Andalucía,2017,454.6666666666667,1.0205611862446453,408.314,18-25,111.35,464.02,1
41,Sevilla,Andalucía,2017,454.6666666666667,1.0205611862446453,875.0724066666667,26-35,51.96,464.02,1
41,Sevilla,Andalucía,2017,454.6666666666667,1.0205611862446453,1219.2462699999999,36-45,37.29,464.02,1
41,Sevilla,Andalucía,2018,475.0,1.0037444693258832,440.9354166666667,18-25,107.73,476.78,1
41,Sevilla,Andalucía,2018,475.0,1.0037444693258832,918.5002529166668,26-35,51.71,476.78,1
41,Sevilla,Andalucía,2018,475.0,1.0037444693258832,1253.76566,36-45,37.89,476.78,1
41,Sevilla,Andalucía,2019,506.9444444444445,0.9967743538313801,471.9179583333333,18-25,107.42,505.31,1
41,Sevilla,Andalucía,2019,506.9444444444445,0.9967743538313801,979.8808041666666,26-35,51.74,505.31,1
41,Sevilla,Andalucía,2019,506.9444444444445,0.9967743538313801,1300.6811883333332,36-45,38.98,505.31,1
41,Sevilla,Andalucía,2020,525.0,1.0,470.123,18-25,111.67,525.0,1
41,Sevilla,Andalucía,2020,525.0,1.0,955.9227929166667,26-35,54.92,525.0,1
41,Sevilla,Andalucía,2020,525.0,1.0,1281.52352,36-45,40.97,525.0,1
41,Sevilla,Andalucía,2021,547.6246592860774,0.9699974935414286,494.39395833333333,18-25,110.77,531.19,1
41,Sevilla,Andalucía,2021,547.6246592860774,0.9699974935414286,1053.7776779166668,26-35,51.97,531.19,1
41,Sevilla,Andalucía,2021,547.6246592860774,0.9699974935414286,1342.6738483333334,36-45,40.79,531.19,1
41,Sevilla,Andalucía,2022,555.4223913043478,0.8949107299739896,552.2228333333334,18-25,100.58,497.05,1
41,Sevilla,Andalucía,2022,555.4223913043478,0.8949107299739896,1149.1991916666668,26-35,48.33,497.05,1
41,Sevilla,Andalucía,2022,555.4223913043478,0.8949107299739896,1414.2037183333332,36-45,39.27,497.05,1
41,Sevilla,Andalucía,2023,595.1666666666666,0.8643768521205406,604.1205416666667,18-25,98.52,514.45,1
41,Sevilla,Andalucía,2023,595.1666666666666,0.8643768521205406,1233.7183166666666,26-35,48.24,514.45,1
41,Sevilla,Andalucía,2023,595.1666666666666,0.8643768521205406,1484.9625366666667,36-45,40.08,514.45,1
41,Sevilla,Andalucía,2024,610.4108910796086,0.8410456579083591,634.3544466666666,18-25,96.23,513.38,1
41,Sevilla,Andalucía,2024,610.4108910796086,0.8410456579083591,1291.309945,26-35,47.27,513.38,1
41,Sevilla,Andalucía,2024,610.4108910796086,0.8410456579083591,1541.6644900000001,36-45,39.59,513.38,1
42,Soria,Castilla y León,2011,400.0,1.0717791932800231,633.4694541666667,18-25,63.14,428.71,1
42,Soria,Castilla y León,2011,400.0,1.0717791932800231,1149.5550616666667,26-35,34.8,428.71,1
42,Soria,Castilla y León,2011,400.0,1.0717791932800231,1330.8708266666667,36-45,30.06,428.71,1
42,Soria,Castilla y León,2012,394.5625,1.0461898360861621,588.9024166666667,18-25,67.0,412.79,1
42,Soria,Castilla y León,2012,394.5625,1.0461898360861621,1109.5789983333334,26-35,35.56,412.79,1
42,Soria,Castilla y León,2012,394.5625,1.0461898360861621,1279.2696766666666,36-45,30.84,412.79,1
42,Soria,Castilla y León,2013,370.0,1.031656722448744,526.078875,18-25,70.33,381.71,1
42,Soria,Castilla y León,2013,370.0,1.031656722448744,1071.0982454166667,26-35,34.54,381.71,1
42,Soria,Castilla y León,2013,370.0,1.031656722448744,1259.400268333333,36-45,29.38,381.71,0
42,Soria,Castilla y León,2014,360.0,1.0332160647146191,503.91504166666664,18-25,71.44,371.96,1
42,Soria,Castilla y León,2014,360.0,1.0332160647146191,1067.3054204166667,26-35,33.73,371.96,1
42,Soria,Castilla y León,2014,360.0,1.0332160647146191,1265.4500583333333,36-45,28.45,371.96,0
42,Soria,Castilla y León,2015,350.0,1.0384115222946557,513.1239583333333,18-25,68.21,363.44,1
42,Soria,Castilla y León,2015,350.0,1.0384115222946557,1076.2185591666666,26-35,32.52,363.44,1
42,Soria,Castilla y León,2015,350.0,1.0384115222946557,1297.3004233333334,36-45,26.98,363.44,0
42,Soria,Castilla y León,2016,355.66791666666666,1.0405208860397714,527.6397083333333,18-25,67.41,370.08,1
42,Soria,Castilla y León,2016,355.66791666666666,1.0405208860397714,1107.0285966666668,26-35,32.13,370.08,1
42,Soria,Castilla y León,2016,355.66791666666666,1.0405208860397714,1307.0868483333331,36-45,27.21,370.08,0
42,Soria,Castilla y León,2017,366.6666666666667,1.0205611862446453,572.5136666666666,18-25,64.05,374.21,1
42,Soria,Castilla y León,2017,366.6666666666667,1.0205611862446453,1117.82332,26-35,32.8,374.21,1
42,Soria,Castilla y León,2017,366.6666666666667,1.0205611862446453,1341.2503683333334,36-45,27.34,374.21,0
42,Soria,Castilla y León,2018,380.0,1.0037444693258832,599.2039166666667,18-25,63.42,381.42,1
42,Soria,Castilla y León,2018,380.0,1.0037444693258832,1169.7210283333334,26-35,32.49,381.42,1
42,Soria,Castilla y León,2018,380.0,1.0037444693258832,1386.0899883333332,36-45,27.42,381.42,0
42,Soria,Castilla y León,2019,400.0,0.9967743538313801,585.9368333333333,18-25,68.27,398.71,1
42,Soria,Castilla y León,2019,400.0,0.9967743538313801,1201.6900166666667,26-35,33.29,398.71,1
42,Soria,Castilla y León,2019,400.0,0.9967743538313801,1443.7409283333334,36-45,27.71,398.71,0
42,Soria,Castilla y León,2020,405.0,1.0,636.7565691666667,18-25,63.6,405.0,1
42,Soria,Castilla y León,2020,405.0,1.0,1195.6402266666666,26-35,33.87,405.0,1
42,Soria,Castilla y León,2020,405.0,1.0,1416.932055,36-45,28.58,405.0,0
42,Soria,Castilla y León,2021,428.27279874213843,0.9699974935414286,658.8813816666667,18-25,65.0,415.42,1
42,Soria,Castilla y León,2021,428.27279874213843,0.9699974935414286,1255.54501,26-35,34.11,415.42,1
42,Soria,Castilla y León,2021,428.27279874213843,0.9699974935414286,1465.8641799999998,36-45,29.22,415.42,0
42,Soria,Castilla y León,2022,450.0,0.8949107299739896,678.3512166666666,18-25,66.34,402.71,1
42,Soria,Castilla y León,2022,450.0,0.8949107299739896,1313.19595,26-35,34.27,402.71,1
42,Soria,Castilla y León,2022,450.0,0.8949107299739896,1536.6229983333333,36-45,29.28,402.71,0
42,Soria,Castilla y León,2023,456.125,0.8643768521205406,711.7912904166666,18-25,64.08,394.26,1
42,Soria,Castilla y León,2023,456.125,0.8643768521205406,1372.2703700000002,26-35,33.24,394.26,1
42,Soria,Castilla y León,2023,456.125,0.8643768521205406,1608.3508708333331,36-45,28.36,394.26,0
42,Soria,Castilla y León,2024,490.0,0.8410456579083591,765.9022604166666,18-25,63.98,412.11,1
42,Soria,Castilla y León,2024,490.0,0.8410456579083591,1438.6994366666668,26-35,34.06,412.11,1
42,Soria,Castilla y León,2024,490.0,0.8410456579083591,1671.3929291666666,36-45,29.32,412.11,0
43,Tarragona,Cataluña,2011,416.6666666666667,1.0717791932800231,588.2780833333333,18-25,70.83,446.57,1
43,Tarragona,Cataluña,2011,416.6666666666667,1.0717791932800231,1164.79816,26-35,35.77,446.57,1
43,Tarragona,Cataluña,2011,416.6666666666667,1.0717791932800231,1398.6047500000002,36-45,29.79,446.57,0
43,Tarragona,Cataluña,2012,400.0,1.0461898360861621,545.1210416666667,18-25,73.38,418.48,1
43,Tarragona,Cataluña,2012,400.0,1.0461898360861621,1126.2455766666665,26-35,35.52,418.48,1
43,Tarragona,Cataluña,2012,400.0,1.0461898360861621,1368.4151116666665,36-45,29.23,418.48,0
43,Tarragona,Cataluña,2013,392.015,1.031656722448744,498.0619166666667,18-25,78.71,404.42,1
43,Tarragona,Cataluña,2013,392.015,1.031656722448744,1095.4035099999999,26-35,35.79,404.42,1
43,Tarragona,Cataluña,2013,392.015,1.031656722448744,1353.1720133333333,36-45,28.97,404.42,0
43,Tarragona,Cataluña,2014,379.1666666666667,1.0332160647146191,472.8544583333333,18-25,80.19,391.76,1
43,Tarragona,Cataluña,2014,379.1666666666667,1.0332160647146191,1078.7471091666669,26-35,35.15,391.76,1
43,Tarragona,Cataluña,2014,379.1666666666667,1.0332160647146191,1345.93599,36-45,28.17,391.76,0
43,Tarragona,Cataluña,2015,375.0,1.0384115222946557,468.6402083333333,18-25,80.02,389.4,1
43,Tarragona,Cataluña,2015,375.0,1.0384115222946557,1096.5897433333332,26-35,34.2,389.4,1
43,Tarragona,Cataluña,2015,375.0,1.0384115222946557,1374.702148333333,36-45,27.28,389.4,0
43,Tarragona,Cataluña,2016,380.0,1.0405208860397714,500.09099999999995,18-25,75.99,395.4,1
43,Tarragona,Cataluña,2016,380.0,1.0405208860397714,1110.7652316666665,26-35,34.21,395.4,1
43,Tarragona,Cataluña,2016,380.0,1.0405208860397714,1397.715075,36-45,27.19,395.4,0
43,Tarragona,Cataluña,2017,390.0,1.0205611862446453,536.6925416666667,18-25,72.67,398.02,1
43,Tarragona,Cataluña,2017,390.0,1.0205611862446453,1133.8374700000002,26-35,34.4,398.02,1
43,Tarragona,Cataluña,2017,390.0,1.0205611862446453,1424.049455,36-45,27.39,398.02,0
43,Tarragona,Cataluña,2018,400.0,1.0037444693258832,565.5679583333333,18-25,70.73,401.5,1
43,Tarragona,Cataluña,2018,400.0,1.0037444693258832,1180.81231,26-35,33.87,401.5,1
43,Tarragona,Cataluña,2018,400.0,1.0037444693258832,1471.1429183333332,36-45,27.19,401.5,0
43,Tarragona,Cataluña,2019,420.0,0.9967743538313801,606.0715833333334,18-25,69.3,418.65,1
43,Tarragona,Cataluña,2019,420.0,0.9967743538313801,1230.3375516666667,26-35,34.14,418.65,1
43,Tarragona,Cataluña,2019,420.0,0.9967743538313801,1522.5068216666668,36-45,27.59,418.65,0
43,Tarragona,Cataluña,2020,433.3333333333333,1.0,580.7860833333333,18-25,74.61,433.33,1
43,Tarragona,Cataluña,2020,433.3333333333333,1.0,1193.6829416666667,26-35,36.3,433.33,1
43,Tarragona,Cataluña,2020,433.3333333333333,1.0,1498.9007783333334,36-45,28.91,433.33,0
43,Tarragona,Cataluña,2021,450.0,0.9699974935414286,630.5616216666667,18-25,71.36,436.5,1
43,Tarragona,Cataluña,2021,450.0,0.9699974935414286,1276.6006516666669,26-35,35.25,436.5,1
43,Tarragona,Cataluña,2021,450.0,0.9699974935414286,1579.38671,36-45,28.49,436.5,0
43,Tarragona,Cataluña,2022,458.3333333333333,0.8949107299739896,677.5294379166667,18-25,67.65,410.17,1
43,Tarragona,Cataluña,2022,458.3333333333333,0.8949107299739896,1346.5291066666668,26-35,34.04,410.17,1
43,Tarragona,Cataluña,2022,458.3333333333333,0.8949107299739896,1646.5366583333334,36-45,27.84,410.17,0
43,Tarragona,Cataluña,2023,489.0,0.8643768521205406,718.1758791666667,18-25,68.09,422.68,1
43,Tarragona,Cataluña,2023,489.0,0.8643768521205406,1423.5749616666665,26-35,34.35,422.68,1
43,Tarragona,Cataluña,2023,489.0,0.8643768521205406,1712.8564666666668,36-45,28.55,422.68,0
43,Tarragona,Cataluña,2024,501.3698630136987,0.8410456579083591,755.4719916666667,18-25,66.37,421.67,1
43,Tarragona,Cataluña,2024,501.3698630136987,0.8410456579083591,1493.799975,26-35,33.56,421.67,1
43,Tarragona,Cataluña,2024,501.3698630136987,0.8410456579083591,1770.7633833333332,36-45,28.31,421.67,0
44,Teruel,Aragón,2011,350.0,1.0717791932800231,615.74875,18-25,56.84,375.12,1
44,Teruel,Aragón,2011,350.0,1.0717791932800231,1093.8551954166667,26-35,32.0,375.12,1
44,Teruel,Aragón,2011,350.0,1.0717791932800231,1270.84742,36-45,27.54,375.12,0
44,Teruel,Aragón,2012,320.8333333333333,1.0461898360861621,564.3192916666667,18-25,56.85,335.65,1
44,Teruel,Aragón,2012,320.8333333333333,1.0461898360861621,1042.8416991666666,26-35,30.77,335.65,1
44,Teruel,Aragón,2012,320.8333333333333,1.0461898360861621,1230.9306683333334,36-45,26.06,335.65,0
44,Teruel,Aragón,2013,300.0,1.031656722448744,507.7390833333333,18-25,59.09,309.5,1
44,Teruel,Aragón,2013,300.0,1.031656722448744,1002.5113266666666,26-35,29.92,309.5,0
44,Teruel,Aragón,2013,300.0,1.031656722448744,1225.4146833333332,36-45,24.48,309.5,0
44,Teruel,Aragón,2014,300.0,1.0332160647146191,495.4085,18-25,60.56,309.96,1
44,Teruel,Aragón,2014,300.0,1.0332160647146191,1000.0459904166668,26-35,30.0,309.96,0
44,Teruel,Aragón,2014,300.0,1.0332160647146191,1225.7112416666669,36-45,24.48,309.96,0
44,Teruel,Aragón,2015,300.0,1.0384115222946557,489.78950000000003,18-25,61.25,311.52,1
44,Teruel,Aragón,2015,300.0,1.0384115222946557,1011.1716104166667,26-35,29.67,311.52,0
44,Teruel,Aragón,2015,300.0,1.0384115222946557,1238.46325,36-45,24.22,311.52,0
44,Teruel,Aragón,2016,300.0,1.0405208860397714,510.31445833333333,18-25,58.79,312.16,1
44,Teruel,Aragón,2016,300.0,1.0405208860397714,1033.2332091666667,26-35,29.04,312.16,0
44,Teruel,Aragón,2016,300.0,1.0405208860397714,1257.2650483333334,36-45,23.86,312.16,0
44,Teruel,Aragón,2017,300.0,1.0205611862446453,547.38425,18-25,54.81,306.17,1
44,Teruel,Aragón,2017,300.0,1.0205611862446453,1068.3800541666667,26-35,28.08,306.17,0
44,Teruel,Aragón,2017,300.0,1.0205611862446453,1275.4144183333335,36-45,23.52,306.17,0
44,Teruel,Aragón,2018,304.1666666666667,1.0037444693258832,587.887875,18-25,51.74,305.31,1
44,Teruel,Aragón,2018,304.1666666666667,1.0037444693258832,1122.3903183333334,26-35,27.1,305.31,0
44,Teruel,Aragón,2018,304.1666666666667,1.0037444693258832,1321.9740766666666,36-45,23.01,305.31,0
44,Teruel,Aragón,2019,334.09073170731705,0.9967743538313801,615.74875,18-25,54.26,333.01,1
44,Teruel,Aragón,2019,334.09073170731705,0.9967743538313801,1177.4908566666666,26-35,28.37,333.01,0
44,Teruel,Aragón,2019,334.09073170731705,0.9967743538313801,1368.474423333333,36-45,24.41,333.01,0
44,Teruel,Aragón,2020,350.0,1.0,618.6362916666667,18-25,56.58,350.0,1
44,Teruel,Aragón,2020,350.0,1.0,1155.2489816666666,26-35,30.3,350.0,1
44,Teruel,Aragón,2020,350.0,1.0,1359.81492,36-45,25.74,350.0,0
44,Teruel,Aragón,2021,350.0,0.9699974935414286,650.8532354166667,18-25,53.78,339.5,1
44,Teruel,Aragón,2021,350.0,0.9699974935414286,1236.861835,26-35,28.3,339.5,0
44,Teruel,Aragón,2021,350.0,0.9699974935414286,1425.8881166666667,36-45,24.55,339.5,0
44,Teruel,Aragón,2022,364.92,0.8949107299739896,695.2292879166666,18-25,52.49,326.57,1
44,Teruel,Aragón,2022,364.92,0.8949107299739896,1301.09637,26-35,28.05,326.57,0
44,Teruel,Aragón,2022,364.92,0.8949107299739896,1495.04552,36-45,24.41,326.57,0
44,Teruel,Aragón,2023,382.7425149700598,0.8643768521205406,728.9222166666667,18-25,52.51,330.83,1
44,Teruel,Aragón,2023,382.7425149700598,0.8643768521205406,1371.6772533333333,26-35,27.9,330.83,0
44,Teruel,Aragón,2023,382.7425149700598,0.8643768521205406,1554.83168,36-45,24.62,330.83,0
44,Teruel,Aragón,2024,400.0,0.8410456579083591,769.1893754166667,18-25,52.0,336.42,1
44,Teruel,Aragón,2024,400.0,0.8410456579083591,1441.487085,26-35,27.75,336.42,0
44,Teruel,Aragón,2024,400.0,0.8410456579083591,1626.1599791666667,36-45,24.6,336.42,0
45,Toledo,Castilla - La Mancha,2011,400.0,1.0717791932800231,607.6324166666667,18-25,65.83,428.71,1
45,Toledo,Castilla - La Mancha,2011,400.0,1.0717791932800231,1091.3266454166667,26-35,36.65,428.71,1
45,Toledo,Castilla - La Mancha,2011,400.0,1.0717791932800231,1256.0195033333332,36-45,31.85,428.71,1
45,Toledo,Castilla - La Mancha,2012,375.0,1.0461898360861621,552.535,18-25,67.87,392.32,1
45,Toledo,Castilla - La Mancha,2012,375.0,1.0461898360861621,1033.7389191666668,26-35,36.28,392.32,1
45,Toledo,Castilla - La Mancha,2012,375.0,1.0461898360861621,1221.0849316666665,36-45,30.71,392.32,1
45,Toledo,Castilla - La Mancha,2013,350.0,1.031656722448744,492.67704166666664,18-25,71.04,361.08,1
45,Toledo,Castilla - La Mancha,2013,350.0,1.031656722448744,1008.5798466666666,26-35,34.7,361.08,1
45,Toledo,Castilla - La Mancha,2013,350.0,1.031656722448744,1222.8049700000001,36-45,28.62,361.08,0
45,Toledo,Castilla - La Mancha,2014,340.0,1.0332160647146191,461.928625,18-25,73.6,351.29,1
45,Toledo,Castilla - La Mancha,2014,340.0,1.0332160647146191,994.7992491666668,26-35,34.18,351.29,1
45,Toledo,Castilla - La Mancha,2014,340.0,1.0332160647146191,1221.7966716666667,36-45,27.83,351.29,0
45,Toledo,Castilla - La Mancha,2015,330.0,1.0384115222946557,456.6217916666667,18-25,72.27,342.68,1
45,Toledo,Castilla - La Mancha,2015,330.0,1.0384115222946557,996.8853029166667,26-35,33.1,342.68,1
45,Toledo,Castilla - La Mancha,2015,330.0,1.0384115222946557,1235.3197316666667,36-45,26.71,342.68,0
45,Toledo,Castilla - La Mancha,2016,333.3333333333333,1.0405208860397714,474.88354166666664,18-25,70.19,346.84,1
45,Toledo,Castilla - La Mancha,2016,333.3333333333333,1.0405208860397714,1006.5570066666668,26-35,33.12,346.84,1
45,Toledo,Castilla - La Mancha,2016,333.3333333333333,1.0405208860397714,1264.619695,36-45,26.36,346.84,0
45,Toledo,Castilla - La Mancha,2017,340.0,1.0205611862446453,506.56845833333335,18-25,67.12,346.99,1
45,Toledo,Castilla - La Mancha,2017,340.0,1.0205611862446453,1023.3086504166666,26-35,33.23,346.99,1
45,Toledo,Castilla - La Mancha,2017,340.0,1.0205611862446453,1291.1913216666665,36-45,26.33,346.99,0
45,Toledo,Castilla - La Mancha,2018,350.0,1.0037444693258832,541.4530833333333,18-25,64.64,351.31,1
45,Toledo,Castilla - La Mancha,2018,350.0,1.0037444693258832,1057.1280066666666,26-35,33.11,351.31,1
45,Toledo,Castilla - La Mancha,2018,350.0,1.0037444693258832,1334.4295266666666,36-45,26.23,351.31,0
45,Toledo,Castilla - La Mancha,2019,374.7280571501942,0.9967743538313801,583.8297083333333,18-25,64.18,373.52,1
45,Toledo,Castilla - La Mancha,2019,374.7280571501942,0.9967743538313801,1101.6905466666667,26-35,34.01,373.52,1
45,Toledo,Castilla - La Mancha,2019,374.7280571501942,0.9967743538313801,1380.0401983333334,36-45,27.15,373.52,0
45,Toledo,Castilla - La Mancha,2020,395.0,1.0,587.1074583333333,18-25,67.28,395.0,1
45,Toledo,Castilla - La Mancha,2020,395.0,1.0,1073.8164366666667,26-35,36.78,395.0,1
45,Toledo,Castilla - La Mancha,2020,395.0,1.0,1362.9584383333333,36-45,28.98,395.0,0
45,Toledo,Castilla - La Mancha,2021,400.0,0.9699974935414286,630.1191254166666,18-25,63.48,388.0,1
45,Toledo,Castilla - La Mancha,2021,400.0,0.9699974935414286,1151.7495933333335,26-35,34.73,388.0,1
45,Toledo,Castilla - La Mancha,2021,400.0,0.9699974935414286,1422.6852866666668,36-45,28.12,388.0,0
45,Toledo,Castilla - La Mancha,2022,420.0,0.8949107299739896,679.2994229166667,18-25,61.83,375.86,1
45,Toledo,Castilla - La Mancha,2022,420.0,0.8949107299739896,1232.235525,26-35,34.08,375.86,1
45,Toledo,Castilla - La Mancha,2022,420.0,0.8949107299739896,1485.3184066666665,36-45,28.28,375.86,0
45,Toledo,Castilla - La Mancha,2023,450.0,0.8643768521205406,720.0722916666667,18-25,62.49,388.97,1
45,Toledo,Castilla - La Mancha,2023,450.0,0.8643768521205406,1304.0026416666667,26-35,34.51,388.97,1
45,Toledo,Castilla - La Mancha,2023,450.0,0.8643768521205406,1546.2314883333331,36-45,29.1,388.97,0
45,Toledo,Castilla - La Mancha,2024,475.0,0.8410456579083591,749.9723954166666,18-25,63.34,399.5,1
45,Toledo,Castilla - La Mancha,2024,475.0,0.8410456579083591,1361.4756466666668,26-35,34.89,399.5,1
45,Toledo,Castilla - La Mancha,2024,475.0,0.8410456579083591,1592.8361875,36-45,29.82,399.5,0
46,Valencia/València,Comunitat Valenciana,2011,400.0,1.0717791932800231,520.8500833333334,18-25,76.8,428.71,1
46,Valencia/València,Comunitat Valenciana,2011,400.0,1.0717791932800231,1078.2413991666667,26-35,37.1,428.71,1
46,Valencia/València,Comunitat Valenciana,2011,400.0,1.0717791932800231,1352.2823383333332,36-45,29.58,428.71,0
46,Valencia/València,Comunitat Valenciana,2012,395.0,1.0461898360861621,471.4497083333333,18-25,83.78,413.24,1
46,Valencia/València,Comunitat Valenciana,2012,395.0,1.0461898360861621,1028.8082466666667,26-35,38.39,413.24,1
46,Valencia/València,Comunitat Valenciana,2012,395.0,1.0461898360861621,1307.6206533333334,36-45,30.21,413.24,1
46,Valencia/València,Comunitat Valenciana,2013,366.6666666666667,1.031656722448744,432.89712499999996,18-25,84.7,378.27,1
46,Valencia/València,Comunitat Valenciana,2013,366.6666666666667,1.031656722448744,1006.2409379166667,26-35,36.44,378.27,1
46,Valencia/València,Comunitat Valenciana,2013,366.6666666666667,1.031656722448744,1301.986045,36-45,28.16,378.27,0
46,Valencia/València,Comunitat Valenciana,2014,350.0,1.0332160647146191,413.85495833333334,18-25,84.57,361.63,1
46,Valencia/València,Comunitat Valenciana,2014,350.0,1.0332160647146191,995.2417454166667,26-35,35.17,361.63,1
46,Valencia/València,Comunitat Valenciana,2014,350.0,1.0332160647146191,1294.6313983333334,36-45,27.03,361.63,0
46,Valencia/València,Comunitat Valenciana,2015,350.0,1.0384115222946557,422.82975000000005,18-25,82.78,363.44,1
46,Valencia/València,Comunitat Valenciana,2015,350.0,1.0384115222946557,1009.9705491666667,26-35,34.65,363.44,1
46,Valencia/València,Comunitat Valenciana,2015,350.0,1.0384115222946557,1320.135415,36-45,26.51,363.44,0
46,Valencia/València,Comunitat Valenciana,2016,360.0694444444444,1.0405208860397714,445.539875,18-25,80.82,374.66,1
46,Valencia/València,Comunitat Valenciana,2016,360.0694444444444,1.0405208860397714,1023.7511466666666,26-35,35.17,374.66,1
46,Valencia/València,Comunitat Valenciana,2016,360.0694444444444,1.0405208860397714,1338.9965250000002,36-45,26.89,374.66,0
46,Valencia/València,Comunitat Valenciana,2017,375.0,1.0205611862446453,479.09779166666664,18-25,78.27,382.71,1
46,Valencia/València,Comunitat Valenciana,2017,375.0,1.0205611862446453,1050.9962729166666,26-35,35.68,382.71,1
46,Valencia/València,Comunitat Valenciana,2017,375.0,1.0205611862446453,1366.4578266666667,36-45,27.44,382.71,0
46,Valencia/València,Comunitat Valenciana,2018,397.31301440329224,1.0037444693258832,508.90970833333336,18-25,78.07,398.8,1
46,Valencia/València,Comunitat Valenciana,2018,397.31301440329224,1.0037444693258832,1090.6945079166667,26-35,36.43,398.8,1
46,Valencia/València,Comunitat Valenciana,2018,397.31301440329224,1.0037444693258832,1408.2725516666667,36-45,28.21,398.8,0
46,Valencia/València,Comunitat Valenciana,2019,420.24,0.9967743538313801,538.0972916666666,18-25,78.1,418.88,1
46,Valencia/València,Comunitat Valenciana,2019,420.24,0.9967743538313801,1147.4198416666666,26-35,36.62,418.88,1
46,Valencia/València,Comunitat Valenciana,2019,420.24,0.9967743538313801,1457.2639883333334,36-45,28.84,418.88,0
46,Valencia/València,Comunitat Valenciana,2020,450.0,1.0,553.6275833333333,18-25,81.28,450.0,1
46,Valencia/València,Comunitat Valenciana,2020,450.0,1.0,1138.5230916666667,26-35,39.52,450.0,1
46,Valencia/València,Comunitat Valenciana,2020,450.0,1.0,1438.4028783333333,36-45,31.28,450.0,1
46,Valencia/València,Comunitat Valenciana,2021,458.3333333333333,0.9699974935414286,567.4409583333334,18-25,80.77,444.58,1
46,Valencia/València,Comunitat Valenciana,2021,458.3333333333333,0.9699974935414286,1210.1122733333334,26-35,37.88,444.58,1
46,Valencia/València,Comunitat Valenciana,2021,458.3333333333333,0.9699974935414286,1497.5366099999999,36-45,30.61,444.58,1
46,Valencia/València,Comunitat Valenciana,2022,500.0,0.8949107299739896,632.2051791666667,18-25,79.09,447.46,1
46,Valencia/València,Comunitat Valenciana,2022,500.0,0.8949107299739896,1300.6218766666666,26-35,38.44,447.46,1
46,Valencia/València,Comunitat Valenciana,2022,500.0,0.8949107299739896,1593.4917374999998,36-45,31.38,447.46,1
46,Valencia/València,Comunitat Valenciana,2023,525.0,0.8643768521205406,663.3695579166666,18-25,79.14,453.8,1
46,Valencia/València,Comunitat Valenciana,2023,525.0,0.8643768521205406,1373.4566033333333,26-35,38.22,453.8,1
46,Valencia/València,Comunitat Valenciana,2023,525.0,0.8643768521205406,1659.9754333333333,36-45,31.63,453.8,1
46,Valencia/València,Comunitat Valenciana,2024,570.0,0.8410456579083591,694.1546541666667,18-25,82.11,479.4,1
46,Valencia/València,Comunitat Valenciana,2024,570.0,0.8410456579083591,1431.522725,26-35,39.82,479.4,1
46,Valencia/València,Comunitat Valenciana,2024,570.0,0.8410456579083591,1715.6425541666667,36-45,33.22,479.4,1
47,Valladolid,Castilla y León,2011,420.0,1.0717791932800231,544.8869166666667,18-25,77.08,450.15,1
47,Valladolid,Castilla y León,2011,420.0,1.0717791932800231,1163.3153683333333,26-35,36.1,450.15,1
47,Valladolid,Castilla y León,2011,420.0,1.0717791932800231,1441.6057083333333,36-45,29.13,450.15,0
47,Valladolid,Castilla y León,2012,410.0,1.0461898360861621,505.63195833333333,18-25,81.09,428.94,1
47,Valladolid,Castilla y León,2012,410.0,1.0461898360861621,1110.5872966666668,26-35,36.92,428.94,1
47,Valladolid,Castilla y León,2012,410.0,1.0461898360861621,1392.9108299999998,36-45,29.43,428.94,0
47,Valladolid,Castilla y León,2013,400.0,1.031656722448744,460.2117083333333,18-25,86.92,412.66,1
47,Valladolid,Castilla y León,2013,400.0,1.031656722448744,1083.6145679166666,26-35,36.91,412.66,1
47,Valladolid,Castilla y León,2013,400.0,1.031656722448744,1390.06387,36-45,28.78,412.66,0
47,Valladolid,Castilla y León,2014,398.1818181818182,1.0332160647146191,443.27666666666664,18-25,89.83,411.41,1
47,Valladolid,Castilla y León,2014,398.1818181818182,1.0332160647146191,1070.7189629166667,26-35,37.19,411.41,1
47,Valladolid,Castilla y León,2014,398.1818181818182,1.0332160647146191,1385.6748066666669,36-45,28.74,411.41,0
47,Valladolid,Castilla y León,2015,390.71769781604667,1.0384115222946557,473.5568333333333,18-25,82.51,405.73,1
47,Valladolid,Castilla y León,2015,390.71769781604667,1.0384115222946557,1086.4591866666667,26-35,35.96,405.73,1
47,Valladolid,Castilla y León,2015,390.71769781604667,1.0384115222946557,1407.5015,36-45,27.76,405.73,0
47,Valladolid,Castilla y León,2016,400.0,1.0405208860397714,503.52483333333333,18-25,79.44,416.21,1
47,Valladolid,Castilla y León,2016,400.0,1.0405208860397714,1098.072535,26-35,36.43,416.21,1
47,Valladolid,Castilla y León,2016,400.0,1.0405208860397714,1425.7101816666666,36-45,28.06,416.21,0
47,Valladolid,Castilla y León,2017,400.0,1.0205611862446453,509.29991666666666,18-25,78.54,408.22,1
47,Valladolid,Castilla y León,2017,400.0,1.0205611862446453,1122.2716950000001,26-35,35.64,408.22,1
47,Valladolid,Castilla y León,2017,400.0,1.0205611862446453,1444.15611,36-45,27.7,408.22,0
47,Valladolid,Castilla y León,2018,400.0,1.0037444693258832,520.6159583333333,18-25,76.83,401.5,1
47,Valladolid,Castilla y León,2018,400.0,1.0037444693258832,1156.5538383333333,26-35,34.59,401.5,1
47,Valladolid,Castilla y León,2018,400.0,1.0037444693258832,1473.3967616666666,36-45,27.15,401.5,0
47,Valladolid,Castilla y León,2019,437.5512295081967,0.9967743538313801,563.773,18-25,77.61,436.14,1
47,Valladolid,Castilla y León,2019,437.5512295081967,0.9967743538313801,1207.7991183333334,26-35,36.23,436.14,1
47,Valladolid,Castilla y León,2019,437.5512295081967,0.9967743538313801,1515.4487333333334,36-45,28.87,436.14,0
47,Valladolid,Castilla y León,2020,450.0,1.0,612.2368749999999,18-25,73.5,450.0,1
47,Valladolid,Castilla y León,2020,450.0,1.0,1179.6853883333333,26-35,38.15,450.0,1
47,Valladolid,Castilla y León,2020,450.0,1.0,1487.750185,36-45,30.25,450.0,1
47,Valladolid,Castilla y León,2021,450.0,0.9699974935414286,601.1549583333333,18-25,74.86,436.5,1
47,Valladolid,Castilla y León,2021,450.0,0.9699974935414286,1257.7988533333335,26-35,35.78,436.5,1
47,Valladolid,Castilla y León,2021,450.0,0.9699974935414286,1552.34059,36-45,28.99,436.5,0
47,Valladolid,Castilla y León,2022,470.0,0.8949107299739896,634.3544466666666,18-25,74.09,420.61,1
47,Valladolid,Castilla y León,2022,470.0,0.8949107299739896,1358.4507516666667,26-35,34.6,420.61,1
47,Valladolid,Castilla y León,2022,470.0,0.8949107299739896,1616.5998749999999,36-45,29.07,420.61,0
47,Valladolid,Castilla y León,2023,490.8557884231537,0.8643768521205406,679.1729954166667,18-25,72.27,424.28,1
47,Valladolid,Castilla y León,2023,490.8557884231537,0.8643768521205406,1448.0113683333332,26-35,33.9,424.28,1
47,Valladolid,Castilla y León,2023,490.8557884231537,0.8643768521205406,1686.5252083333335,36-45,29.1,424.28,0
47,Valladolid,Castilla y León,2024,505.8333333333333,0.8410456579083591,712.5498554166667,18-25,70.99,425.43,1
47,Valladolid,Castilla y León,2024,505.8333333333333,0.8410456579083591,1515.4487333333334,26-35,33.38,425.43,1
47,Valladolid,Castilla y León,2024,505.8333333333333,0.8410456579083591,1746.1256291666668,36-45,28.97,425.43,0
49,Zamora,Castilla y León,2011,339.1666666666667,1.0717791932800231,554.2519166666667,18-25,61.19,363.51,1
49,Zamora,Castilla y León,2011,339.1666666666667,1.0717791932800231,1026.2164829166666,26-35,33.05,363.51,1
49,Zamora,Castilla y León,2011,339.1666666666667,1.0717791932800231,1186.2689833333334,36-45,28.59,363.51,0
49,Zamora,Castilla y León,2012,333.3333333333333,1.0461898360861621,522.567,18-25,63.79,348.73,1
49,Zamora,Castilla y León,2012,333.3333333333333,1.0461898360861621,981.0818654166666,26-35,33.98,348.73,1
49,Zamora,Castilla y León,2012,333.3333333333333,1.0461898360861621,1164.5609133333335,36-45,28.62,348.73,0
49,Zamora,Castilla y León,2013,326.58333333333337,1.031656722448744,473.9470416666666,18-25,68.91,336.92,1
49,Zamora,Castilla y León,2013,326.58333333333337,1.031656722448744,953.8999529166666,26-35,34.24,336.92,1
49,Zamora,Castilla y León,2013,326.58333333333337,1.031656722448744,1159.10424,36-45,28.18,336.92,0
49,Zamora,Castilla y León,2014,320.0,1.0332160647146191,436.4870416666667,18-25,73.31,330.63,1
49,Zamora,Castilla y León,2014,320.0,1.0332160647146191,927.8558879166667,26-35,34.49,330.63,1
49,Zamora,Castilla y León,2014,320.0,1.0332160647146191,1148.250205,36-45,27.87,330.63,0
49,Zamora,Castilla y León,2015,312.27312878787876,1.0384115222946557,430.78999999999996,18-25,72.49,324.27,1
49,Zamora,Castilla y León,2015,312.27312878787876,1.0384115222946557,931.2062166666666,26-35,33.53,324.27,1
49,Zamora,Castilla y León,2015,312.27312878787876,1.0384115222946557,1172.1528066666667,36-45,26.64,324.27,0
49,Zamora,Castilla y León,2016,320.0,1.0405208860397714,462.86512500000003,18-25,69.13,332.97,1
49,Zamora,Castilla y León,2016,320.0,1.0405208860397714,936.2001029166667,26-35,34.18,332.97,1
49,Zamora,Castilla y León,2016,320.0,1.0405208860397714,1178.67709,36-45,27.15,332.97,0
49,Zamora,Castilla y León,2017,325.0,1.0205611862446453,466.06483333333335,18-25,69.73,331.68,1
49,Zamora,Castilla y León,2017,325.0,1.0205611862446453,954.2160216666666,26-35,34.06,331.68,1
49,Zamora,Castilla y León,2017,325.0,1.0205611862446453,1197.1230183333334,36-45,27.15,331.68,0
49,Zamora,Castilla y León,2018,330.0,1.0037444693258832,502.90049999999997,18-25,65.62,331.24,1
49,Zamora,Castilla y León,2018,330.0,1.0037444693258832,993.5349741666665,26-35,33.21,331.24,1
49,Zamora,Castilla y León,2018,330.0,1.0037444693258832,1233.3624466666668,36-45,26.76,331.24,0
49,Zamora,Castilla y León,2019,350.0,0.9967743538313801,543.404125,18-25,64.41,348.87,1
49,Zamora,Castilla y León,2019,350.0,0.9967743538313801,1035.6985454166668,26-35,33.79,348.87,1
49,Zamora,Castilla y León,2019,350.0,0.9967743538313801,1276.0668466666666,36-45,27.43,348.87,0
49,Zamora,Castilla y León,2020,350.0,1.0,557.7637916666666,18-25,62.75,350.0,1
49,Zamora,Castilla y León,2020,350.0,1.0,1028.1761091666667,26-35,34.04,350.0,1
49,Zamora,Castilla y León,2020,350.0,1.0,1278.2613783333334,36-45,27.38,350.0,0
49,Zamora,Castilla y León,2021,350.0,0.9699974935414286,580.9421666666666,18-25,60.25,339.5,1
49,Zamora,Castilla y León,2021,350.0,0.9699974935414286,1097.53873,26-35,31.89,339.5,1
49,Zamora,Castilla y León,2021,350.0,0.9699974935414286,1332.9467350000002,36-45,26.26,339.5,0
49,Zamora,Castilla y León,2022,360.0,0.8949107299739896,606.9300416666666,18-25,59.31,322.17,1
49,Zamora,Castilla y León,2022,360.0,0.8949107299739896,1161.23946,26-35,31.0,322.17,1
49,Zamora,Castilla y León,2022,360.0,0.8949107299739896,1395.579855,36-45,25.8,322.17,0
49,Zamora,Castilla y León,2023,375.0,0.8643768521205406,654.5828466666667,18-25,57.29,324.14,1
49,Zamora,Castilla y León,2023,375.0,0.8643768521205406,1216.6958683333332,26-35,30.82,324.14,1
49,Zamora,Castilla y León,2023,375.0,0.8643768521205406,1458.0943516666666,36-45,25.72,324.14,0
49,Zamora,Castilla y León,2024,399.06542056074767,0.8410456579083591,690.4250429166665,18-25,57.8,335.63,1
49,Zamora,Castilla y León,2024,399.06542056074767,0.8410456579083591,1285.3194666666666,26-35,31.05,335.63,1
49,Zamora,Castilla y León,2024,399.06542056074767,0.8410456579083591,1504.3574516666667,36-45,26.53,335.63,0
50,Zaragoza,Aragón,2011,450.0,1.0717791932800231,623.8650833333334,18-25,72.13,482.3,1
50,Zaragoza,Aragón,2011,450.0,1.0717791932800231,1191.1918516666667,26-35,37.78,482.3,1
50,Zaragoza,Aragón,2011,450.0,1.0717791932800231,1445.93546,36-45,31.12,482.3,1
50,Zaragoza,Aragón,2012,425.6343283582089,1.0461898360861621,575.3231666666667,18-25,73.98,445.29,1
50,Zaragoza,Aragón,2012,425.6343283582089,1.0461898360861621,1140.8955583333334,26-35,37.31,445.29,1
50,Zaragoza,Aragón,2012,425.6343283582089,1.0461898360861621,1399.1978666666666,36-45,30.42,445.29,1
50,Zaragoza,Aragón,2013,400.0,1.031656722448744,522.8791666666667,18-25,76.5,412.66,1
50,Zaragoza,Aragón,2013,400.0,1.031656722448744,1109.6976216666667,26-35,36.05,412.66,1
50,Zaragoza,Aragón,2013,400.0,1.031656722448744,1396.1729716666669,36-45,28.65,412.66,0
50,Zaragoza,Aragón,2014,400.0,1.0332160647146191,498.9984166666666,18-25,80.16,413.29,1
50,Zaragoza,Aragón,2014,400.0,1.0332160647146191,1100.4450016666667,26-35,36.35,413.29,1
50,Zaragoza,Aragón,2014,400.0,1.0332160647146191,1392.3177133333331,36-45,28.73,413.29,0
50,Zaragoza,Aragón,2015,394.5889639639639,1.0384115222946557,498.9984166666666,18-25,79.08,409.75,1
50,Zaragoza,Aragón,2015,394.5889639639639,1.0384115222946557,1104.65613,26-35,35.72,409.75,1
50,Zaragoza,Aragón,2015,394.5889639639639,1.0384115222946557,1413.19542,36-45,27.92,409.75,0
50,Zaragoza,Aragón,2016,400.0,1.0405208860397714,513.1239583333333,18-25,77.95,416.21,1
50,Zaragoza,Aragón,2016,400.0,1.0405208860397714,1116.75571,26-35,35.82,416.21,1
50,Zaragoza,Aragón,2016,400.0,1.0405208860397714,1426.8371033333333,36-45,28.03,416.21,0
50,Zaragoza,Aragón,2017,400.0,1.0205611862446453,553.93975,18-25,72.21,408.22,1
50,Zaragoza,Aragón,2017,400.0,1.0205611862446453,1142.9714666666666,26-35,35.0,408.22,1
50,Zaragoza,Aragón,2017,400.0,1.0205611862446453,1453.2307950000002,36-45,27.52,408.22,0
50,Zaragoza,Aragón,2018,400.0,1.0037444693258832,580.0837083333333,18-25,68.96,401.5,1
50,Zaragoza,Aragón,2018,400.0,1.0037444693258832,1183.481335,26-35,33.8,401.5,1
50,Zaragoza,Aragón,2018,400.0,1.0037444693258832,1494.155845,36-45,26.77,401.5,0
50,Zaragoza,Aragón,2019,435.0,0.9967743538313801,604.744875,18-25,71.93,433.6,1
50,Zaragoza,Aragón,2019,435.0,0.9967743538313801,1223.0422166666667,26-35,35.57,433.6,1
50,Zaragoza,Aragón,2019,435.0,0.9967743538313801,1528.4379883333331,36-45,28.46,433.6,0
50,Zaragoza,Aragón,2020,450.0,1.0,610.9101666666667,18-25,73.66,450.0,1
50,Zaragoza,Aragón,2020,450.0,1.0,1202.7576266666667,26-35,37.41,450.0,1
50,Zaragoza,Aragón,2020,450.0,1.0,1506.6706066666666,36-45,29.87,450.0,0
50,Zaragoza,Aragón,2021,453.7292817679558,0.9699974935414286,637.8944166666666,18-25,71.13,440.12,1
50,Zaragoza,Aragón,2021,453.7292817679558,0.9699974935414286,1273.9316266666667,26-35,35.62,440.12,1
50,Zaragoza,Aragón,2021,453.7292817679558,0.9699974935414286,1572.7438033333335,36-45,28.85,440.12,0
50,Zaragoza,Aragón,2022,480.0,0.8949107299739896,683.4715304166666,18-25,70.23,429.56,1
50,Zaragoza,Aragón,2022,480.0,0.8949107299739896,1343.80077,26-35,35.72,429.56,1
50,Zaragoza,Aragón,2022,480.0,0.8949107299739896,1640.1450458333331,36-45,29.27,429.56,0
50,Zaragoza,Aragón,2023,500.0,0.8643768521205406,718.9976579166668,18-25,69.54,432.19,1
50,Zaragoza,Aragón,2023,500.0,0.8643768521205406,1421.38043,26-35,35.18,432.19,1
50,Zaragoza,Aragón,2023,500.0,0.8643768521205406,1705.6454166666665,36-45,29.31,432.19,0
50,Zaragoza,Aragón,2024,525.0,0.8410456579083591,761.9197941666666,18-25,68.9,441.55,1
50,Zaragoza,Aragón,2024,525.0,0.8410456579083591,1484.7846016666665,26-35,35.36,441.55,1
50,Zaragoza,Aragón,2024,525.0,0.8410456579083591,1760.5477291666666,36-45,29.82,441.55,0
51,Ceuta,Ceuta,2011,566.1839814814814,1.0717791932800231,720.6412154166666,18-25,78.57,606.82,1
51,Ceuta,Ceuta,2011,566.1839814814814,1.0717791932800231,1230.0409933333333,26-35,46.03,606.82,1
51,Ceuta,Ceuta,2011,566.1839814814814,1.0717791932800231,1579.5646450000002,36-45,35.84,606.82,1
51,Ceuta,Ceuta,2012,583.3333333333334,1.0461898360861621,682.7129654166666,18-25,85.44,610.28,1
51,Ceuta,Ceuta,2012,583.3333333333334,1.0461898360861621,1209.815715,26-35,48.22,610.28,1
51,Ceuta,Ceuta,2012,583.3333333333334,1.0461898360861621,1596.8241166666667,36-45,36.53,610.28,1
51,Ceuta,Ceuta,2013,561.8698632610939,1.031656722448744,614.9683333333334,18-25,91.37,579.66,1
51,Ceuta,Ceuta,2013,561.8698632610939,1.031656722448744,1192.733955,26-35,47.11,579.66,1
51,Ceuta,Ceuta,2013,561.8698632610939,1.031656722448744,1587.7010458333334,36-45,35.39,579.66,1
51,Ceuta,Ceuta,2014,558.09,1.0332160647146191,533.6489166666667,18-25,104.58,576.63,1
51,Ceuta,Ceuta,2014,558.09,1.0332160647146191,1166.8740683333333,26-35,47.83,576.63,1
51,Ceuta,Ceuta,2014,558.09,1.0332160647146191,1580.8695016666668,36-45,35.3,576.63,1
51,Ceuta,Ceuta,2015,566.96375,1.0384115222946557,455.29508333333337,18-25,124.53,588.74,1
51,Ceuta,Ceuta,2015,566.96375,1.0384115222946557,1123.6358633333332,26-35,50.46,588.74,1
51,Ceuta,Ceuta,2015,566.96375,1.0384115222946557,1576.2431916666667,36-45,35.97,588.74,1
51,Ceuta,Ceuta,2016,590.0,1.0405208860397714,467.0013333333333,18-25,126.34,613.91,1
51,Ceuta,Ceuta,2016,590.0,1.0405208860397714,1099.5553266666666,26-35,53.66,613.91,1
51,Ceuta,Ceuta,2016,590.0,1.0405208860397714,1554.1792516666667,36-45,37.96,613.91,1
51,Ceuta,Ceuta,2017,587.5,1.0205611862446453,496.18891666666667,18-25,118.4,599.58,1
51,Ceuta,Ceuta,2017,587.5,1.0205611862446453,1081.7181554166666,26-35,54.31,599.58,1
51,Ceuta,Ceuta,2017,587.5,1.0205611862446453,1544.9266316666665,36-45,38.03,599.58,1
51,Ceuta,Ceuta,2018,600.0,1.0037444693258832,510.3925,18-25,117.56,602.25,1
51,Ceuta,Ceuta,2018,600.0,1.0037444693258832,1100.8601833333332,26-35,54.5,602.25,1
51,Ceuta,Ceuta,2018,600.0,1.0037444693258832,1559.2207433333333,36-45,38.48,602.25,1
51,Ceuta,Ceuta,2019,600.0,0.9967743538313801,535.2877916666666,18-25,112.09,598.06,1
51,Ceuta,Ceuta,2019,600.0,0.9967743538313801,1144.2170116666666,26-35,52.44,598.06,1
51,Ceuta,Ceuta,2019,600.0,0.9967743538313801,1618.4026375,36-45,37.07,598.06,1
51,Ceuta,Ceuta,2020,623.0489274846357,1.0,566.4264166666667,18-25,110.0,623.05,1
51,Ceuta,Ceuta,2020,623.0489274846357,1.0,1140.95487,26-35,54.61,623.05,1
51,Ceuta,Ceuta,2020,623.0489274846357,1.0,1609.3341958333333,36-45,38.71,623.05,1
51,Ceuta,Ceuta,2021,644.7010869565216,0.9699974935414286,605.1350833333333,18-25,106.54,625.36,1
51,Ceuta,Ceuta,2021,644.7010869565216,0.9699974935414286,1187.2772816666666,26-35,54.3,625.36,1
51,Ceuta,Ceuta,2021,644.7010869565216,0.9699974935414286,1626.2692375,36-45,39.64,625.36,1
51,Ceuta,Ceuta,2022,650.0,0.8949107299739896,637.1358516666667,18-25,102.02,581.69,1
51,Ceuta,Ceuta,2022,650.0,0.8949107299739896,1218.8310883333334,26-35,53.33,581.69,1
51,Ceuta,Ceuta,2022,650.0,0.8949107299739896,1654.1847416666667,36-45,39.29,581.69,1
51,Ceuta,Ceuta,2023,650.0,0.8643768521205406,685.8736529166666,18-25,94.77,561.84,1
51,Ceuta,Ceuta,2023,650.0,0.8643768521205406,1273.8130033333334,26-35,51.03,561.84,1
51,Ceuta,Ceuta,2023,650.0,0.8643768521205406,1705.5907875,36-45,38.11,561.84,1
51,Ceuta,Ceuta,2024,675.0,0.8410456579083591,712.8027104166666,18-25,94.7,567.71,1
51,Ceuta,Ceuta,2024,675.0,0.8410456579083591,1341.9621083333334,26-35,50.3,567.71,1
51,Ceuta,Ceuta,2024,675.0,0.8410456579083591,1787.0975041666668,36-45,37.77,567.71,1
52,Melilla,Melilla,2011,490.0,1.0717791932800231,691.6261041666667,18-25,70.85,525.17,1
52,Melilla,Melilla,2011,490.0,1.0717791932800231,1260.3492549999999,26-35,38.88,525.17,1
52,Melilla,Melilla,2011,490.0,1.0717791932800231,1510.1106833333333,36-45,32.45,525.17,1
52,Melilla,Melilla,2012,500.0,1.0461898360861621,676.4548041666667,18-25,73.91,523.09,1
52,Melilla,Melilla,2012,500.0,1.0461898360861621,1223.2201516666667,26-35,40.88,523.09,1
52,Melilla,Melilla,2012,500.0,1.0461898360861621,1521.7950816666664,36-45,32.86,523.09,1
52,Melilla,Melilla,2013,500.0,1.031656722448744,598.2674166666667,18-25,83.57,515.83,1
52,Melilla,Melilla,2013,500.0,1.031656722448744,1183.1847766666667,26-35,42.26,515.83,1
52,Melilla,Melilla,2013,500.0,1.031656722448744,1498.60422,36-45,33.36,515.83,1
52,Melilla,Melilla,2014,500.0,1.0332160647146191,532.40025,18-25,93.91,516.61,1
52,Melilla,Melilla,2014,500.0,1.0332160647146191,1166.4588866666666,26-35,42.86,516.61,1
52,Melilla,Melilla,2014,500.0,1.0332160647146191,1522.9220033333331,36-45,32.83,516.61,1
52,Melilla,Melilla,2015,500.0,1.0384115222946557,507.5049583333334,18-25,98.52,519.21,1
52,Melilla,Melilla,2015,500.0,1.0384115222946557,1132.1174316666666,26-35,44.17,519.21,1
52,Melilla,Melilla,2015,500.0,1.0384115222946557,1508.2720216666667,36-45,33.15,519.21,1
52,Melilla,Melilla,2016,500.0,1.0405208860397714,507.2708333333333,18-25,98.57,520.26,1
52,Melilla,Melilla,2016,500.0,1.0405208860397714,1123.51724,26-35,44.5,520.26,1
52,Melilla,Melilla,2016,500.0,1.0405208860397714,1511.7120983333334,36-45,33.08,520.26,1
52,Melilla,Melilla,2017,520.0,1.0205611862446453,467.2354583333333,18-25,111.29,530.69,1
52,Melilla,Melilla,2017,520.0,1.0205611862446453,1111.8328416666666,26-35,46.77,530.69,1
52,Melilla,Melilla,2017,520.0,1.0205611862446453,1498.8414666666667,36-45,34.69,530.69,1
52,Melilla,Melilla,2018,530.0,1.0037444693258832,510.5485833333333,18-25,103.81,531.98,1
52,Melilla,Melilla,2018,530.0,1.0037444693258832,1128.321485,26-35,46.97,531.98,1
52,Melilla,Melilla,2018,530.0,1.0037444693258832,1517.643265,36-45,34.92,531.98,1
52,Melilla,Melilla,2019,550.0,0.9967743538313801,570.2504583333333,18-25,96.45,548.23,1
52,Melilla,Melilla,2019,550.0,0.9967743538313801,1167.8823666666667,26-35,47.09,548.23,1
52,Melilla,Melilla,2019,550.0,0.9967743538313801,1547.180475,36-45,35.55,548.23,1
52,Melilla,Melilla,2020,553.5927466406285,1.0,573.6062499999999,18-25,96.51,553.59,1
52,Melilla,Melilla,2020,553.5927466406285,1.0,1169.6024049999999,26-35,47.33,553.59,1
52,Melilla,Melilla,2020,553.5927466406285,1.0,1549.8495000000003,36-45,35.72,553.59,1
52,Melilla,Melilla,2021,564.6207584830339,0.9699974935414286,596.9407083333333,18-25,94.59,547.68,1
52,Melilla,Melilla,2021,564.6207584830339,0.9699974935414286,1220.7290616666667,26-35,46.25,547.68,1
52,Melilla,Melilla,2021,564.6207584830339,0.9699974935414286,1615.1795166666668,36-45,34.96,547.68,1
52,Melilla,Melilla,2022,587.588362701909,0.8949107299739896,652.4335791666666,18-25,90.06,525.84,1
52,Melilla,Melilla,2022,587.588362701909,0.8949107299739896,1234.7859266666667,26-35,47.59,525.84,1
52,Melilla,Melilla,2022,587.588362701909,0.8949107299739896,1627.088675,36-45,36.11,525.84,1
52,Melilla,Melilla,2023,600.0,0.8643768521205406,720.1355054166667,18-25,83.32,518.63,1
52,Melilla,Melilla,2023,600.0,0.8643768521205406,1282.59113,26-35,46.78,518.63,1
52,Melilla,Melilla,2023,600.0,0.8643768521205406,1677.6206541666668,36-45,35.76,518.63,1
52,Melilla,Melilla,2024,600.0,0.8410456579083591,754.2077166666667,18-25,79.55,504.63,1
52,Melilla,Melilla,2024,600.0,0.8410456579083591,1346.4104833333333,26-35,44.56,504.63,1
52,Melilla,Melilla,2024,600.0,0.8410456579083591,1750.4959625,36-45,34.28,504.63,1
