cpro,año,alquiler_mediano,alquiler_m2,superficie_m2,n_contratos,neto_mes_18_25,neto_mes_26_35,neto_mes_36_45,neto_mes_18_34,sal_26_35,paro_total,factor_2020,smi_mes,provincia,ccaa,tasa_esfuerzo,tasa_esfuerzo_18_25,tasa_esfuerzo_36_45,tasa_esfuerzo_18_34,sobre_30,alquiler_real,salario_real_26_35,D_2021,alquiler_mediano_lag1,neto_mes_26_35_lag1,paro_total_lag1,tasa_esfuerzo_lag1,var_alquiler_pct,var_salario_pct
2,2011,400.0,4.423480930833873,96.0,6895.0,551.5204583333333,1051.9444791666667,1223.8132683333333,900.4482305014939,14750.0,24.71,1.0717791932800231,641.4,Albacete,Castilla - La Mancha,38.02,72.53,32.68,44.42,1,428.71,1127.45,0,,,,,,
2,2012,398.8076796940793,4.302625785534163,96.0,6924.0,489.8675416666667,978.4268879166667,1177.4315450000001,839.9230239625812,13587.0,31.92,1.0461898360861621,641.4,Albacete,Castilla - La Mancha,40.76,81.41,33.87,47.48,1,417.23,1023.62,0,400.0,1051.9444791666667,24.71,38.02,-0.2980800764801783,-6.988733027834271
2,2013,374.5908333333333,4.109619888308413,96.0,7076.0,420.254375,935.8208204166666,1159.81598,790.1353425688422,12913.0,30.99,1.031656722448744,645.3,Albacete,Castilla - La Mancha,40.03,89.13,32.3,47.41,1,386.45,965.45,0,398.8076796940793,978.4268879166667,31.92,40.76,-6.0723119422681275,-4.354547899917172
2,2014,359.89485524256645,4.031054405392393,96.0,7498.0,399.3392083333333,921.9770091666668,1153.5289433333335,770.8552023012144,12694.0,27.52,1.0332160647146191,645.3,Albacete,Castilla - La Mancha,39.04,90.12,31.2,46.69,1,371.85,952.6,0,374.5908333333333,935.8208204166666,30.99,40.03,-3.9232081468714153,-1.4793228519788593
2,2015,351.3476347634764,3.9650404898281644,96.0,8067.0,404.72408333333334,934.9990416666666,1183.8965166666667,774.3536824766926,12900.0,24.68,1.0384115222946557,648.6,Albacete,Castilla - La Mancha,37.58,86.81,29.68,45.37,1,364.84,970.91,0,359.89485524256645,921.9770091666668,27.52,39.04,-2.374921551276221,1.4124031695508243
2,2016,365.0,4.0540540540540535,96.0,8643.0,416.040125,937.5275916666666,1197.7754466666665,773.715127279544,12940.0,23.83,1.0405208860397714,655.2,Albacete,Castilla - La Mancha,38.93,87.73,30.47,47.17,1,379.79,975.52,0,351.3476347634764,934.9990416666666,24.68,37.58,3.88571428571427,0.2704334322624291
2,2017,370.0,4.109353402975673,96.0,9390.0,439.68675,957.8192054166666,1222.9235933333332,789.1733843405552,13261.0,23.16,1.0205611862446453,707.7,Albacete,Castilla - La Mancha,38.63,84.15,30.26,46.88,1,377.61,977.51,0,365.0,937.5275916666666,23.83,38.93,1.3698630136986356,2.1643751000359535
2,2018,380.7068363273453,4.2105263157894735,96.0,10126.0,475.507875,997.0749441666667,1260.4678783333331,822.1258035406191,13882.0,19.73,1.0037444693258832,735.9,Albacete,Castilla - La Mancha,38.18,80.06,30.2,46.31,1,382.13,1000.81,0,370.0,957.8192054166666,23.16,38.63,2.893739547931151,4.098449741663224
2,2019,400.0,4.469693877551021,96.0,10728.0,514.4506666666667,1047.1402341666667,1317.5257016666667,860.7317316321019,14674.0,17.19,0.9967743538313801,900.0,Albacete,Castilla - La Mancha,38.2,77.75,30.36,46.47,1,398.71,1043.76,0,380.7068363273453,997.0749441666667,19.73,38.18,5.067721887732479,5.0212163381403
2,2020,400.311546875,4.545454545454546,96.0,11286.0,530.6833333333333,1050.8698454166667,1321.9740766666666,880.0565603013611,14733.0,18.26,1.0,950.0,Albacete,Castilla - La Mancha,38.09,75.43,30.28,45.49,1,400.31,1050.87,0,400.0,1047.1402341666667,17.19,38.2,0.07788671874999764,0.3561711343245344
2,2021,425.0,4.702912092672121,96.0,11750.0,569.2359166666666,1130.2787700000001,1381.9381716666667,935.2252545906937,16026.0,15.53,0.9699974935414286,950.0,Albacete,Castilla - La Mancha,37.6,74.66,30.75,45.44,1,412.25,1096.37,1,400.311546875,1050.8698454166667,18.26,38.09,6.167309766038098,7.556494739065234
2,2022,450.0,4.88967277224251,96.0,12162.0,603.7303333333333,1183.0068416666666,1435.3186716666667,972.9490319250405,16915.0,12.85,0.8949107299739896,1000.0,Albacete,Castilla - La Mancha,38.04,74.54,31.35,46.25,1,402.71,1058.69,1,425.0,1130.2787700000001,15.53,37.6,5.882352941176472,4.665050168700091
2,2023,456.0,5.128205128205129,95.0,12697.0,648.3878991666667,1241.132275,1499.6125183333334,1022.3692582734355,17895.0,11.96,0.8643768521205406,1080.0,Albacete,Castilla - La Mancha,36.74,70.33,30.41,44.6,1,394.16,1072.81,1,450.0,1183.0068416666666,12.85,38.04,1.333333333333342,4.913364089377881
2,2024,485.0,5.365714114545891,96.0,13227.0,673.2941166666666,1303.8840183333332,1550.383305,1065.4459068059762,18953.0,11.32,0.8410456579083591,1134.0,Albacete,Castilla - La Mancha,37.2,72.03,31.28,45.52,1,407.91,1096.63,1,456.0,1241.132275,11.96,36.74,6.359649122807021,5.056007695338782
3,2011,385.27777777777777,4.5024671052631575,88.0,24044.0,510.78270833333335,977.5418954166666,1184.1337633333335,853.1573599726091,13573.0,23.91,1.0717791932800231,641.4,Alicante/Alacant,Comunitat Valenciana,39.41,75.43,32.54,45.16,1,412.93,1047.71,0,,,,,,
3,2012,368.82,4.365903196782047,88.0,25971.0,462.4749166666666,934.5565454166667,1145.1066866666667,814.5526538989476,12893.0,28.03,1.0461898360861621,641.4,Alicante/Alacant,Comunitat Valenciana,39.46,79.75,32.21,45.28,1,385.86,977.72,0,385.27777777777777,977.5418954166666,23.91,39.41,-4.271665465032449,-4.39728979407864
3,2013,350.0,4.223988275306129,88.0,28852.0,421.3469583333333,910.6617479166667,1140.599,785.8189234630639,12515.0,28.26,1.031656722448744,645.3,Alicante/Alacant,Comunitat Valenciana,38.43,83.07,30.69,44.54,1,361.08,939.49,0,368.82,934.5565454166667,28.03,39.46,-5.10276015400466,-2.556805965052289
3,2014,350.0,4.205607476635514,88.0,33087.0,403.08520833333336,899.9786241666667,1142.0224799999999,766.7926312188908,12346.0,26.03,1.0332160647146191,645.3,Alicante/Alacant,Comunitat Valenciana,38.89,86.83,30.65,45.64,1,361.63,929.87,0,350.0,910.6617479166667,28.26,38.43,0.0,-1.1731165577603342
3,2015,350.0,4.194139695345952,89.0,38025.0,411.51370833333334,904.1507316666666,1164.2050433333334,762.431821180386,12412.0,24.22,1.0384115222946557,648.6,Alicante/Alacant,Comunitat Valenciana,38.71,85.05,30.06,45.91,1,363.44,938.88,0,350.0,899.9786241666667,26.03,38.89,0.0,0.46357851041884945
3,2016,354.1666666666667,4.301075268817204,89.0,42302.0,421.03479166666665,913.4431529166667,1186.2689833333334,762.8576439374189,12559.0,20.8,1.0405208860397714,655.2,Alicante/Alacant,Comunitat Valenciana,38.77,84.12,29.86,46.43,1,368.52,950.46,0,350.0,904.1507316666666,24.22,38.71,1.1904761904761862,1.0277513388581738
3,2017,369.7355289421157,4.411764705882352,89.0,46945.0,440.857375,931.7119266666667,1208.2142999999999,772.7111884580777,12848.0,18.11,1.0205611862446453,707.7,Alicante/Alacant,Comunitat Valenciana,39.68,83.87,30.6,47.85,1,377.34,950.87,0,354.1666666666667,913.4431529166667,20.8,38.77,4.395914054244421,1.999990222890946
3,2018,383.36416975030835,4.545454545454546,89.0,50545.0,466.2989583333333,967.6173366666667,1244.4537283333332,799.3689583532113,13416.0,16.17,1.0037444693258832,735.9,Alicante/Alacant,Comunitat Valenciana,39.62,82.21,30.81,47.96,1,384.8,971.24,0,369.7355289421157,931.7119266666667,18.11,39.68,3.686051174791549,3.8537029496291453
3,2019,400.0,4.918032786885246,89.0,54759.0,499.93491666666665,1013.3208779166667,1289.3526600000002,835.4749656948906,14139.0,14.85,0.9967743538313801,900.0,Alicante/Alacant,Comunitat Valenciana,39.47,80.01,31.02,47.88,1,398.71,1010.05,0,383.36416975030835,967.6173366666667,16.17,39.62,4.339432728031634,4.723307398298959
3,2020,412.4983333333333,5.012676657866128,89.0,58443.0,486.12154166666664,979.8808041666666,1251.9269983333334,821.8454399438591,13610.0,18.03,1.0,950.0,Alicante/Alacant,Comunitat Valenciana,42.1,84.85,32.95,50.19,1,412.5,979.88,0,400.0,1013.3208779166667,14.85,39.47,3.1245833333333195,-3.300047840596265
3,2021,430.0,5.208333333333333,89.0,62132.0,521.864625,1061.6793966666667,1309.2220683333333,874.98074729457,14904.0,18.7,0.9699974935414286,950.0,Alicante/Alacant,Comunitat Valenciana,40.5,82.4,32.84,49.14,1,417.1,1029.83,1,412.4983333333333,979.8808041666666,18.03,42.1,4.2428454256380865,8.34781048390525
3,2022,450.0,5.471698113207547,88.0,66496.0,582.3469166666667,1150.6819833333332,1408.1539283333334,940.3345075418994,16370.0,14.64,0.8949107299739896,1000.0,Alicante/Alacant,Comunitat Valenciana,39.11,77.27,31.96,47.86,1,402.71,1029.76,1,430.0,1061.6793966666667,18.7,40.5,4.651162790697683,8.383188648673624
3,2023,479.1666666666667,5.797101449275362,88.0,72375.0,630.6248354166667,1219.6614516666666,1473.3967616666666,997.2515788237525,17533.0,13.39,0.8643768521205406,1080.0,Alicante/Alacant,Comunitat Valenciana,39.29,75.98,32.52,48.05,1,414.18,1054.25,1,450.0,1150.6819833333332,14.64,39.11,6.481481481481488,5.994659630761867
3,2024,500.0,6.204379562043795,88.0,76825.0,660.9674354166666,1273.6943800000001,1525.8282749999998,1037.3915187880384,18444.0,13.64,0.8410456579083591,1134.0,Alicante/Alacant,Comunitat Valenciana,39.26,75.65,32.77,48.2,1,420.52,1071.24,1,479.1666666666667,1219.6614516666666,13.39,39.29,4.347826086956519,4.430157914681776
4,2011,375.1294444444444,4.775841505035211,83.0,7480.0,492.2087916666667,865.1478479166667,1088.8613091666666,761.6909088816836,11795.0,33.51,1.0717791932800231,641.4,Almería,Andalucía,43.36,76.21,34.45,49.25,1,402.06,927.25,0,,,,,,
4,2012,350.0,4.516129032258065,83.0,7737.0,457.24612499999995,824.9439029166666,1047.5827304166667,728.5507277112638,11159.0,35.31,1.0461898360861621,641.4,Almería,Andalucía,42.43,76.55,33.41,48.04,1,366.17,863.05,0,375.1294444444444,865.1478479166667,33.51,43.36,-6.698872833525604,-4.647060626321142
4,2013,347.1467391304348,4.2562116028910175,84.0,8420.0,417.91312500000004,790.6188366666667,1026.2164829166666,694.1038913053416,10616.0,36.05,1.031656722448744,645.3,Almería,Andalucía,43.91,83.07,33.83,50.01,1,358.14,815.65,0,350.0,824.9439029166666,35.31,42.43,-0.8152173913043348,-4.160897017196019
4,2014,329.5138888888889,4.166666666666667,84.0,9452.0,403.24129166666665,774.8786129166666,1010.1601904166668,675.5109468193987,10367.0,35.6,1.0332160647146191,645.3,Almería,Andalucía,42.52,81.72,32.62,48.78,1,340.46,800.62,0,347.1467391304348,790.6188366666667,36.05,43.91,-5.0793650793650835,-1.990873859818787
4,2015,322.18523550724643,4.10958904109589,84.0,10695.0,413.0745416666667,782.1481941666667,1024.3832841666665,678.3763080831567,10482.0,28.99,1.0384115222946557,648.6,Almería,Andalucía,41.19,78.0,31.45,47.49,1,334.56,812.19,0,329.5138888888889,774.8786129166666,35.6,42.52,-2.2240802675585147,0.9381574260563408
4,2016,330.0,4.192362428842505,84.0,11881.0,424.1564583333333,797.3194941666667,1039.0488741666666,689.1551135212625,10722.0,23.58,1.0405208860397714,655.2,Almería,Andalucía,41.39,77.8,31.76,47.88,1,343.37,829.63,0,322.18523550724643,782.1481941666667,28.99,41.19,2.4255501591964768,1.9396963533444112
4,2017,337.5,4.285714285714286,84.0,13199.0,442.028,816.5364741666667,1058.2658541666667,701.8556965471391,11026.0,24.37,1.0205611862446453,707.7,Almería,Andalucía,41.33,76.35,31.89,48.09,1,344.44,833.33,0,330.0,797.3194941666667,23.58,41.39,2.2727272727272707,2.4101981878776213
4,2018,350.0,4.424778761061947,83.0,14226.0,468.25,858.5736179166666,1093.7287679166666,734.9695751999203,11691.0,22.58,1.0037444693258832,735.9,Almería,Andalucía,40.77,74.75,32.0,47.62,1,351.31,861.79,0,337.5,816.5364741666667,24.37,41.33,3.703703703703698,5.148226084193208
4,2019,360.0,4.736842105263158,83.0,15718.0,507.7390833333333,912.5581604166667,1135.61682,779.001100376596,12545.0,17.62,0.9967743538313801,900.0,Almería,Andalucía,39.45,70.9,31.7,46.21,1,358.84,909.61,0,350.0,858.5736179166666,22.58,40.77,2.857142857142847,6.287701062955309
4,2020,377.6727987735787,4.910714285714286,83.0,16729.0,531.229625,916.3509854166667,1145.759115,795.3909514003183,12605.0,21.91,1.0,950.0,Almería,Andalucía,41.21,71.09,32.96,47.48,1,377.67,916.35,0,360.0,912.5581604166667,17.62,39.45,4.909110770438518,0.4156255638838591
4,2021,400.0,5.113636363636364,82.0,17843.0,567.98725,971.9790854166666,1183.9558283333333,838.1379033516617,13485.0,19.26,0.9699974935414286,950.0,Almería,Andalucía,41.15,70.42,33.79,47.72,1,388.0,942.82,1,377.6727987735787,916.3509854166667,21.91,41.21,5.911784300835188,6.070610594117021
4,2022,400.0,5.319148936170213,82.0,18469.0,601.6232083333333,1015.6597866666667,1231.34585,873.7917857558368,14176.0,17.15,0.8949107299739896,1000.0,Almería,Andalucía,39.38,66.49,32.48,45.78,1,357.96,908.92,1,400.0,971.9790854166666,19.26,41.15,0.0,4.493996003141887
4,2023,425.04250850170035,5.6000000000000005,82.0,19666.0,650.8532354166667,1089.9991566666665,1290.8947633333335,938.222534908603,15352.0,15.97,0.8643768521205406,1080.0,Almería,Andalucía,38.99,65.31,32.93,45.3,1,367.4,942.17,1,400.0,1015.6597866666667,17.15,39.38,6.260627125425078,7.319318040933487
4,2024,450.0,5.937827868852459,81.0,20668.0,675.0641016666667,1131.168445,1331.8198133333333,971.0763527735063,16041.0,15.28,0.8410456579083591,1134.0,Almería,Andalucía,39.78,66.66,33.79,46.34,1,378.47,951.36,1,425.04250850170035,1089.9991566666665,15.97,38.99,5.871763646952921,3.7770018519311055
5,2011,347.1467391304348,4.25531914893617,85.0,2972.0,537.6290416666667,1071.9832379166667,1232.7100183333332,912.4084605030954,15067.0,23.81,1.0717791932800231,641.4,Ávila,Castilla y León,32.38,64.57,28.16,38.05,1,372.06,1148.93,0,,,,,,
5,2012,325.0,4.067676767676767,84.0,2961.0,490.8040416666667,1016.1022829166667,1207.14669,872.3541805542937,14183.0,24.58,1.0461898360861621,641.4,Ávila,Castilla y León,31.98,66.22,26.92,37.26,1,340.01,1063.04,0,347.1467391304348,1071.9832379166667,23.81,32.38,-6.3796477495107755,-5.212857162636341
5,2013,300.0,3.825681818181818,85.0,3052.0,435.08229166666666,982.7886366666667,1211.7136883333335,834.293619754455,13656.0,25.52,1.031656722448744,645.3,Ávila,Castilla y León,30.53,68.95,24.76,35.96,1,309.5,1013.9,0,325.0,1016.1022829166667,24.58,31.98,-7.692307692307687,-3.2785721290158887
5,2014,300.0,3.773584905660377,85.0,3278.0,409.1724583333333,952.0667541666667,1196.7078366666667,800.6004928618813,13170.0,26.04,1.0332160647146191,645.3,Ávila,Castilla y León,31.51,73.32,25.07,37.47,1,309.96,983.69,0,300.0,982.7886366666667,25.52,30.53,0.0,-3.1259908136707537
5,2015,300.0,3.722167243938644,86.0,3483.0,415.4938333333334,954.6585179166667,1216.2806866666667,792.9665010126175,13211.0,22.99,1.0384115222946557,648.6,Ávila,Castilla y León,31.42,72.2,24.67,37.83,1,311.52,991.33,0,300.0,952.0667541666667,26.04,31.51,0.0,0.2722250029903117
5,2016,300.0,3.7837837837837838,85.0,3688.0,440.7012916666667,948.6532116666667,1226.541605,791.230883909923,13116.0,21.23,1.0405208860397714,655.2,Ávila,Castilla y León,31.62,68.07,24.46,37.92,1,312.16,987.09,0,300.0,954.6585179166667,22.99,31.42,0.0,-0.6290528117954941
5,2017,300.0,3.825995807127883,86.0,4038.0,466.45504166666666,958.3249154166666,1244.2757933333332,797.0470038915014,13269.0,17.96,1.0205611862446453,707.7,Ávila,Castilla y León,31.3,64.31,24.11,37.64,1,306.17,978.03,0,300.0,948.6532116666667,21.23,31.62,0.0,1.0195194230152804
5,2018,310.0,3.9305778491171757,86.0,4434.0,497.04737500000005,1002.3848991666667,1286.9208816666667,832.3256613202218,13966.0,16.42,1.0037444693258832,735.9,Ávila,Castilla y León,30.93,62.37,24.09,37.25,1,311.16,1006.14,0,300.0,958.3249154166666,17.96,31.3,3.3333333333333437,4.59760390669206
5,2019,347.56785714285706,4.216867469879518,86.0,4882.0,519.9135833333333,1051.3123416666667,1330.27771,865.19518090793,14740.0,14.7,0.9967743538313801,900.0,Ávila,Castilla y León,33.06,66.85,26.13,40.17,1,346.45,1047.92,0,310.0,1002.3848991666667,16.42,30.93,12.118663594470025,4.881103310781709
5,2020,350.0,4.320987654320988,86.0,5094.0,539.5020416666666,1044.1691879166667,1317.4663899999998,879.0894329748185,14627.0,14.43,1.0,950.0,Ávila,Castilla y León,33.52,64.87,26.57,39.81,1,350.0,1044.17,0,347.56785714285706,1051.3123416666667,14.7,33.06,0.6997605811815077,-0.6794511456676977
5,2021,359.7,4.475819638623171,86.0,5385.0,552.2228333333334,1114.2053083333333,1376.0070049999997,919.4224324729798,15755.0,15.49,0.9699974935414286,950.0,Ávila,Castilla y León,32.28,65.14,26.14,39.12,1,348.91,1080.78,1,350.0,1044.1691879166667,14.43,33.52,2.771428571428558,6.707353676697081
5,2022,377.8467908902691,4.6976744186046515,86.0,5667.0,612.1588333333333,1183.5999583333335,1436.0304116666666,974.0163980698708,16925.0,13.94,0.8949107299739896,1000.0,Ávila,Castilla y León,31.92,61.72,26.31,38.79,1,338.14,1059.22,1,359.7,1114.2053083333333,15.49,32.28,5.0449793967943135,6.228174420009092
5,2023,400.0,5.0,85.0,6107.0,652.4335791666666,1248.5462333333332,1492.8509883333334,1021.4087494456008,18020.0,11.63,0.8643768521205406,1080.0,Ávila,Castilla y León,32.04,61.31,26.79,39.16,1,345.75,1079.21,1,377.8467908902691,1183.5999583333335,13.94,31.92,5.863013698630137,5.487181250956863
5,2024,420.0,5.280898876404494,85.0,6487.0,677.1501554166667,1300.4439416666667,1547.7142800000001,1059.281347266331,18895.0,11.14,0.8410456579083591,1134.0,Ávila,Castilla y León,32.3,62.02,27.14,39.65,1,353.24,1093.73,1,400.0,1248.5462333333332,11.63,32.04,5.000000000000004,4.156650907093629
6,2011,350.0,4.108431564485287,90.0,6667.0,473.5568333333333,931.3326441666667,1090.1887979166668,784.7698527112171,12842.0,27.09,1.0717791932800231,641.4,Badajoz,Extremadura,37.58,73.91,32.1,44.6,1,375.12,998.18,0,,,,,,
6,2012,350.0,4.0625,90.0,6906.0,413.933,867.4235429166666,1042.5256304166667,729.3429694298624,11831.0,33.8,1.0461898360861621,641.4,Badajoz,Extremadura,40.35,84.55,33.57,47.99,1,366.17,907.49,0,350.0,931.3326441666667,27.09,37.58,0.0,-6.8621133007942925
6,2013,348.40909090909093,4.0,91.0,7075.0,359.53795833333334,832.5927666666666,1047.7723716666667,689.95025462759,11280.0,34.39,1.031656722448744,645.3,Badajoz,Extremadura,41.85,96.9,33.25,50.5,1,359.44,858.95,0,350.0,867.4235429166666,33.8,40.35,-0.4545454545454519,-4.015428971743528
6,2014,337.5,3.8961038961038965,91.0,7712.0,350.485125,820.7085816666666,1054.3466016666666,674.441679289426,11092.0,31.27,1.0332160647146191,645.3,Badajoz,Extremadura,41.12,96.3,32.01,50.04,1,348.71,847.97,0,348.40909090909093,832.5927666666666,34.39,41.85,-3.131115459882594,-1.4273706757721438
6,2015,332.7348066298343,3.8547941767068274,91.0,8721.0,354.8554583333333,820.6453679166666,1070.8453904166668,673.5825968802039,11091.0,30.25,1.0384115222946557,648.6,Badajoz,Extremadura,40.55,93.77,31.07,49.4,1,345.52,852.17,0,337.5,820.7085816666666,31.27,41.12,-1.411909146715773,-0.007702338127335562
6,2016,345.8912037037037,3.947368421052632,91.0,9520.0,362.89375,816.4732604166667,1089.9991566666665,673.4281323315846,11025.0,29.74,1.0405208860397714,655.2,Badajoz,Extremadura,42.36,95.31,31.73,51.36,1,359.91,849.56,0,332.7348066298343,820.6453679166666,30.25,40.55,3.9540188798179665,-0.5083934745883534
6,2017,350.0,4.0,90.0,10360.0,390.8326666666667,822.2257116666666,1104.1816366666667,684.9358296608817,11116.0,28.15,1.0205611862446453,707.7,Badajoz,Extremadura,42.57,89.55,31.7,51.1,1,357.2,839.13,0,345.8912037037037,816.4732604166667,29.74,42.36,1.1878868997825087,0.704548639726954
6,2018,350.0,4.066265060240964,90.0,11057.0,418.22529166666664,854.2750829166666,1136.9809883333335,714.9259329010878,11623.0,25.45,1.0037444693258832,735.9,Badajoz,Extremadura,40.97,83.69,30.78,48.96,1,351.31,857.47,0,350.0,822.2257116666666,28.15,42.57,0.0,3.897879961091877
6,2019,360.6922782342292,4.30327868852459,90.0,12130.0,463.56750000000005,909.2710454166667,1183.9558283333333,763.3236279977829,12493.0,22.44,0.9967743538313801,900.0,Badajoz,Extremadura,39.67,77.81,30.47,47.25,1,359.53,906.34,0,350.0,854.2750829166666,25.45,40.97,3.054936638351191,6.437734589218347
6,2020,375.0,4.3937575030012015,91.0,12702.0,466.92329166666667,902.8864566666666,1183.1847766666667,769.6984688772927,12392.0,22.59,1.0,950.0,Badajoz,Extremadura,41.53,80.31,31.69,48.72,1,375.0,902.89,0,360.6922782342292,909.2710454166667,22.44,39.67,3.9667391372541383,-0.7021656284099898
6,2021,380.0,4.505611167422347,91.0,13411.0,501.65183333333334,962.6234504166667,1230.98998,815.1713178533477,13337.0,20.53,0.9699974935414286,950.0,Badajoz,Extremadura,39.48,75.75,30.87,46.62,1,368.6,933.74,1,375.0,902.8864566666666,22.59,41.53,1.333333333333342,6.61622436674274
6,2022,400.0,4.677871148459384,91.0,14123.0,543.63825,1019.7054666666667,1279.566235,861.0759933404396,14240.0,17.62,0.8949107299739896,1000.0,Badajoz,Extremadura,39.23,73.58,31.26,46.45,1,357.96,912.55,1,380.0,962.6234504166667,20.53,39.48,5.263157894736836,5.929838528792564
6,2023,400.0,4.896907216494846,91.0,15065.0,589.1365416666666,1083.6145679166666,1336.2088766666668,915.2817400037501,15251.0,18.68,0.8643768521205406,1080.0,Badajoz,Extremadura,36.91,67.9,29.94,43.7,1,345.75,936.65,1,400.0,1019.7054666666667,17.62,39.23,0.0,6.267407927007929
6,2024,430.0,5.153715080695235,90.0,15888.0,617.2315416666667,1148.606075,1387.1575983333332,962.6392304811043,16335.0,15.39,0.8410456579083591,1134.0,Badajoz,Extremadura,37.44,69.67,31.0,44.67,1,361.65,966.03,1,400.0,1083.6145679166666,18.68,36.91,7.499999999999996,5.997659039254577
7,2011,500.0,6.064024985360141,84.0,32654.0,590.9315,1082.7927891666666,1345.58012,937.405653365331,15238.0,21.95,1.0717791932800231,641.4,"Balears, Illes","Balears, Illes",46.18,84.61,37.16,53.34,1,535.89,1160.51,0,,,,,,
7,2012,491.6660416666667,6.0,84.0,34890.0,546.681875,1034.0549879166667,1303.23159,892.6491855759593,14467.0,23.26,1.0461898360861621,641.4,"Balears, Illes","Balears, Illes",47.55,89.94,37.73,55.08,1,514.38,1081.82,0,500.0,1082.7927891666666,21.95,46.18,-1.6667916666666671,-4.501119857614599
7,2013,476.6666666666667,5.903614457831325,84.0,37732.0,506.10020833333334,1019.1365429166667,1299.3763316666666,869.7704261908243,14231.0,22.34,1.031656722448744,645.3,"Balears, Illes","Balears, Illes",46.77,94.18,36.68,54.8,1,491.76,1051.4,0,491.6660416666667,1034.0549879166667,23.26,47.55,-3.050724217022305,-1.4427129286476825
7,2014,480.0,5.936495707682148,84.0,41681.0,493.9257083333334,1006.8098616666666,1301.2743050000001,851.6713486906295,14036.0,20.14,1.0332160647146191,645.3,"Balears, Illes","Balears, Illes",47.68,97.18,36.89,56.36,1,495.94,1040.25,0,476.6666666666667,1019.1365429166667,22.34,46.77,0.6993006993006867,-1.2095220542992613
7,2015,500.0,6.054920508216557,84.0,46251.0,511.17291666666665,1027.4175441666666,1326.4224516666668,862.122582849501,14362.0,17.41,1.0384115222946557,648.6,"Balears, Illes","Balears, Illes",48.67,97.81,37.7,58.0,1,519.21,1066.88,0,480.0,1006.8098616666666,20.14,47.68,4.166666666666674,2.046829623409341
7,2016,500.0,6.25,84.0,50453.0,546.213625,1049.4159291666667,1343.8600816666667,879.098875623551,14710.0,13.96,1.0405208860397714,655.2,"Balears, Illes","Balears, Illes",47.65,91.54,37.21,56.88,1,520.26,1091.94,0,500.0,1027.4175441666666,17.41,48.67,0.0,2.1411338676178504
7,2017,506.94444444444446,6.539460718444864,84.0,54000.0,591.2436666666666,1084.7524154166667,1381.2857433333331,911.6058582832928,15269.0,12.53,1.0205611862446453,707.7,"Balears, Illes","Balears, Illes",46.73,85.74,36.7,55.61,1,517.37,1107.06,0,500.0,1049.4159291666667,13.96,47.65,1.388888888888884,3.367252703897905
7,2018,550.0,7.03125,84.0,56554.0,635.4290804166667,1134.4305866666666,1422.2701049999998,956.8758462698013,16096.0,11.68,1.0037444693258832,735.9,"Balears, Illes","Balears, Illes",48.48,86.56,38.67,57.48,1,552.06,1138.68,0,506.94444444444446,1084.7524154166667,12.53,46.73,8.493150684931505,4.579678325115122
7,2019,600.0,7.717135009587962,84.0,58645.0,659.7663741666667,1176.3046233333334,1463.9662066666667,988.3151923555856,16802.0,11.82,0.9967743538313801,900.0,"Balears, Illes","Balears, Illes",51.01,90.94,40.98,60.71,1,598.06,1172.51,0,550.0,1134.4305866666666,11.68,48.48,9.090909090909083,3.691194257174124
7,2020,605.0,7.843137254901961,84.0,59515.0,573.7623333333333,1042.9681266666666,1335.3785133333333,897.4214078428116,14608.0,16.19,1.0,950.0,"Balears, Illes","Balears, Illes",58.01,105.44,45.31,67.42,1,605.0,1042.97,0,600.0,1176.3046233333334,11.82,51.01,0.8333333333333304,-11.335201275399797
7,2021,644.1176470588235,8.125,84.0,61029.0,638.1472716666667,1172.9831700000002,1424.108766666667,989.6874772022752,16746.0,14.44,0.9699974935414286,950.0,"Balears, Illes","Balears, Illes",54.91,100.94,45.23,65.08,1,624.79,1137.79,1,605.0,1042.9681266666666,16.19,58.01,6.465726786582393,12.465869282972486
7,2022,670.8333333333334,8.602150537634408,84.0,63177.0,720.7676429166667,1311.4165999999998,1568.5326749999997,1088.9130446584395,19080.0,10.73,0.8949107299739896,1000.0,"Balears, Illes","Balears, Illes",51.15,93.07,42.77,61.61,1,600.34,1173.6,1,644.1176470588235,1172.9831700000002,14.44,54.91,4.1476407914764035,11.801825767031215
7,2023,700.0,9.090909090909092,84.0,66013.0,782.2114079166666,1399.0199316666667,1644.4607500000002,1161.5057231112266,20557.0,10.48,0.8643768521205406,1080.0,"Balears, Illes","Balears, Illes",50.04,89.49,42.57,60.27,1,605.06,1209.28,1,670.8333333333334,1311.4165999999998,10.73,51.15,4.347826086956519,6.680053589886459
7,2024,750.0,9.615384615384615,84.0,67764.0,827.5988804166667,1465.3303750000002,1711.2175916666667,1216.2452900238839,21675.0,9.45,0.8410456579083591,1134.0,"Balears, Illes","Balears, Illes",51.18,90.62,43.83,61.67,1,630.78,1232.41,1,700.0,1399.0199316666667,10.48,50.04,7.14285714285714,4.739778314261556
8,2011,596.7866666666666,8.333333333333334,72.0,189901.0,638.1472716666667,1278.498625,1635.2284208333333,1103.9124542776894,18525.0,19.1,1.0717791932800231,641.4,Barcelona,Cataluña,46.68,93.52,36.5,54.06,1,639.62,1370.27,0,,,,,,
8,2012,570.0,8.064516129032258,72.0,202706.0,602.8718749999999,1238.81912,1601.4675958333335,1070.9429636361674,17856.0,22.52,1.0461898360861621,641.4,Barcelona,Cataluña,46.01,94.55,35.59,53.22,1,596.33,1296.04,0,596.7866666666666,1278.498625,19.1,46.68,-4.48848276324314,-3.103601695308811
8,2013,545.8333333333334,7.683982683982684,72.0,217391.0,550.0376666666667,1207.14669,1583.479215,1031.0960399034534,17322.0,23.12,1.031656722448744,645.3,Barcelona,Cataluña,45.22,99.24,34.47,52.94,1,563.11,1245.36,0,570.0,1238.81912,22.52,46.01,-4.239766081871343,-2.55666299370646
8,2014,526.03,7.547169811320754,72.0,235236.0,528.4981666666666,1193.9201883333333,1578.259788333333,1003.996454417564,17099.0,19.98,1.0332160647146191,645.3,Barcelona,Cataluña,44.06,99.53,33.33,52.39,1,543.5,1233.58,0,545.8333333333334,1207.14669,23.12,45.22,-3.6280916030534516,-1.0956830496438474
8,2015,529.0,7.59493670886076,73.0,256904.0,539.3459583333333,1211.8323116666668,1606.3295916666666,1004.3713584667327,17401.0,18.23,1.0384115222946557,648.6,Barcelona,Cataluña,43.65,98.08,32.93,52.67,1,549.32,1258.38,0,526.03,1193.9201883333333,19.98,44.06,0.5646065813736945,1.5002781181159275
8,2016,550.0,7.777777777777778,72.0,276829.0,568.7676666666666,1226.6602283333332,1626.2146083333334,1010.9181482770391,17651.0,15.5,1.0405208860397714,655.2,Barcelona,Cataluña,44.84,96.7,33.82,54.41,1,572.29,1276.37,0,529.0,1211.8323116666668,18.23,43.65,3.969754253308122,1.2235947600929276
8,2017,550.9605788423153,8.040100250626567,72.0,293709.0,609.0371666666666,1263.3741499999999,1653.0375291666667,1037.4895648494046,18270.0,13.1,1.0205611862446453,707.7,Barcelona,Cataluña,43.61,90.46,33.33,53.11,1,562.29,1289.35,0,550.0,1226.6602283333332,15.5,44.84,0.17465069860278515,2.992998453740525
8,2018,595.8333333333334,8.461538461538462,72.0,308953.0,643.0779441666667,1323.0416866666667,1694.7195833333333,1081.1829520405167,19276.0,11.09,1.0037444693258832,735.9,Barcelona,Cataluña,45.04,92.65,35.16,55.11,1,598.06,1328.0,0,550.9605788423153,1263.3741499999999,13.1,43.61,8.14445828144461,4.722871420684593
8,2019,646.1056644880174,9.230769230769232,72.0,317110.0,669.8173604166667,1380.7519383333336,1742.9571375000003,1121.5718390842183,20249.0,10.9,0.9967743538313801,900.0,Barcelona,Cataluña,46.79,96.46,37.07,57.61,1,644.02,1376.3,0,595.8333333333334,1323.0416866666667,11.09,45.04,8.437314319667255,4.361937514763037
8,2020,654.1666666666666,9.489247311827958,72.0,324511.0,659.9560154166667,1344.15664,1698.1612208333336,1110.6824764277978,19632.0,12.52,1.0,950.0,Barcelona,Cataluña,48.67,99.12,38.52,58.9,1,654.17,1344.16,0,646.1056644880174,1380.7519383333336,10.9,46.79,1.2476290832455161,-2.650389061014591
8,2021,675.0,9.755040466359302,72.0,333867.0,699.7806779166667,1449.4348483333333,1786.387325,1180.015122965758,21407.0,11.33,0.9699974935414286,950.0,Barcelona,Cataluña,46.57,96.46,37.79,57.2,1,654.75,1405.95,1,654.1666666666666,1344.15664,12.52,48.67,3.1847133757961776,7.832287190377851
8,2022,700.0,10.13888888888889,72.0,339602.0,743.3981654166665,1546.112865,1872.5375208333332,1241.8555142606274,23037.0,9.93,0.8949107299739896,1000.0,Barcelona,Cataluña,45.27,94.16,37.38,56.37,1,626.44,1383.63,1,675.0,1449.4348483333333,11.33,46.57,3.703703703703698,6.670049142107648
8,2023,728.9711041666667,10.563380281690142,72.0,353110.0,789.2913479166667,1627.4710791666666,1956.4479208333332,1304.482196091135,24469.0,9.12,0.8643768521205406,1080.0,Barcelona,Cataluña,44.79,92.36,37.26,55.88,1,630.11,1406.75,1,700.0,1546.112865,9.93,45.27,4.138729166666666,5.262113524077461
8,2024,753.1566666666666,10.984220430107527,72.0,360279.0,827.7885216666667,1685.7057708333334,2030.907475,1350.8812314178208,25535.0,8.45,0.8410456579083591,1134.0,Barcelona,Cataluña,44.68,90.98,37.08,55.75,1,633.44,1417.76,1,728.9711041666667,1627.4710791666666,9.12,44.79,3.317766967957936,3.5782320443129123
9,2011,430.0,5.555555555555556,79.0,7499.0,611.1442916666666,1216.2806866666667,1442.9698766666668,1048.8386068369402,17476.0,14.98,1.0717791932800231,641.4,Burgos,Castilla y León,35.35,70.36,29.8,41.0,1,460.87,1303.58,0,,,,,,
9,2012,416.6666666666667,5.464199200045068,79.0,7937.0,583.5175416666667,1179.0922716666666,1413.729225,1028.4621842900153,16849.0,17.31,1.0461898360861621,641.4,Burgos,Castilla y León,35.34,71.41,29.47,40.51,1,435.91,1233.55,0,430.0,1216.2806866666667,14.98,35.35,-3.100775193798444,-3.0575520443326676
9,2013,400.0,5.187913223140496,79.0,8364.0,523.269375,1139.8279483333333,1404.2393583333333,988.057359971711,16187.0,20.41,1.031656722448744,645.3,Burgos,Castilla y León,35.09,76.44,28.49,40.48,1,412.66,1175.91,0,416.6666666666667,1179.0922716666666,17.31,35.34,-4.0000000000000036,-3.330046704303513
9,2014,400.0,5.083333333333333,79.0,9047.0,492.364875,1111.4769716666667,1399.6130483333334,952.0542035290873,15709.0,18.23,1.0332160647146191,645.3,Burgos,Castilla y León,35.99,81.24,28.58,42.01,1,413.29,1148.4,0,400.0,1139.8279483333333,20.41,35.09,0.0,-2.4873031678264823
9,2015,400.0,5.085216089808522,79.0,9807.0,498.5301666666667,1115.6881,1414.6189000000002,947.1853968749292,15780.0,17.88,1.0384115222946557,648.6,Burgos,Castilla y León,35.85,80.24,28.28,42.23,1,415.36,1158.54,0,400.0,1111.4769716666667,18.23,35.99,0.0,0.37887679553259
9,2016,400.0,5.15625,79.0,10656.0,518.2747083333334,1128.6180433333334,1429.8026866666667,950.7019721477013,15998.0,11.73,1.0405208860397714,655.2,Burgos,Castilla y León,35.44,77.18,27.98,42.07,1,416.21,1174.35,0,400.0,1115.6881,17.88,35.85,0.0,1.1589209684438995
9,2017,400.0,5.208333333333333,79.0,11265.0,557.1394583333333,1158.1552533333333,1459.2805849999997,972.7298737887077,16496.0,10.55,1.0205611862446453,707.7,Burgos,Castilla y León,34.54,71.8,27.41,41.12,1,408.22,1181.97,0,400.0,1128.6180433333334,11.73,35.44,0.0,2.61711304142922
9,2018,403.0348785871965,5.360897982381357,79.0,11972.0,584.141875,1213.9675316666667,1493.9779100000003,1010.3366275625427,17437.0,10.39,1.0037444693258832,735.9,Burgos,Castilla y León,33.2,69.0,26.98,39.89,1,404.54,1218.51,0,400.0,1158.1552533333333,10.55,34.54,0.758719646799122,4.81906706140629
9,2019,435.04350435043506,5.6818181818181825,79.0,12849.0,572.2795416666667,1219.424205,1509.8734366666667,1000.7967197065927,17529.0,9.96,0.9967743538313801,900.0,Burgos,Castilla y León,35.68,76.02,28.81,43.47,1,433.64,1215.49,0,403.0348785871965,1213.9675316666667,10.39,33.2,7.941899687551124,0.4494908793682306
9,2020,450.0,5.843350864012023,79.0,13323.0,571.1869583333333,1193.3863833333332,1483.5983683333334,1000.7135073425014,17090.0,11.13,1.0,950.0,Burgos,Castilla y León,37.71,78.78,30.33,44.97,1,450.0,1193.39,0,435.04350435043506,1219.424205,9.96,35.68,3.437931034482755,-2.135255439403616
9,2021,450.0,5.9692288557213935,79.0,13859.0,614.109875,1276.6006516666669,1554.2385633333333,1053.591055362193,18493.0,9.63,0.9699974935414286,950.0,Burgos,Castilla y León,35.25,73.28,28.95,42.71,1,436.5,1238.3,1,450.0,1193.3863833333332,11.13,37.71,0.0,6.972952724741321
9,2022,465.8333333333333,6.164383561643835,79.0,14350.0,660.5249391666666,1358.0948816666667,1625.0127666666667,1104.6591754686494,19867.0,8.55,0.8949107299739896,1000.0,Burgos,Castilla y León,34.3,70.52,28.67,42.17,1,416.88,1215.37,1,450.0,1276.6006516666669,9.63,35.25,3.518518518518521,6.383690145669663
9,2023,489.59999999999997,6.41025641025641,78.0,15252.0,692.0053866666667,1424.93913,1689.5844416666666,1151.9854589160227,20994.0,7.72,0.8643768521205406,1080.0,Burgos,Castilla y León,34.36,70.75,28.98,42.5,1,423.2,1231.68,1,465.8333333333333,1358.0948816666667,8.55,34.3,5.101967799642204,4.9219129852916765
9,2024,500.0,6.7073170731707314,78.0,15880.0,718.9344441666667,1503.2898416666667,1743.8312041666668,1198.782228724874,22315.0,6.93,0.8410456579083591,1134.0,Burgos,Castilla y León,33.26,69.55,28.67,41.71,1,420.52,1264.34,1,489.59999999999997,1424.93913,7.72,34.36,2.1241830065359624,5.498530429623805
10,2011,346.70833333333337,3.815710872162485,93.0,5092.0,502.9785416666667,944.0386079166666,1115.3915416666666,808.8637191848823,13043.0,21.5,1.0717791932800231,641.4,Cáceres,Extremadura,36.73,68.93,31.08,42.86,1,371.59,1011.8,0,,,,,,
10,2012,348.09782608695656,3.7878787878787876,94.0,5121.0,437.5015833333334,883.4798354166668,1066.3572141666666,753.9564425194857,12085.0,31.79,1.0461898360861621,641.4,Cáceres,Extremadura,39.4,79.56,32.64,46.17,1,364.18,924.29,0,346.70833333333337,944.0386079166666,21.5,36.73,0.40076704827491927,-6.414861849097752
10,2013,327.8078193832599,3.658536585365854,94.0,5252.0,372.10266666666666,842.5805391666667,1068.8857641666666,707.7611518693772,11438.0,32.95,1.031656722448744,645.3,Cáceres,Extremadura,38.91,88.1,30.67,46.32,1,338.19,869.25,0,348.09782608695656,883.4798354166668,31.79,39.4,-5.828823159219643,-4.629341226640582
10,2014,320.0,3.6046864171864166,94.0,5651.0,364.76675,831.5181329166667,1070.9718179166666,693.7450684501708,11263.0,27.31,1.0332160647146191,645.3,Cáceres,Extremadura,38.48,87.73,29.88,46.13,1,330.63,859.14,0,327.8078193832599,842.5805391666667,32.95,38.91,-2.3818282913292355,-1.3129197430717943
10,2015,308.60827864861113,3.538251366120219,95.0,6385.0,367.18604166666665,830.2538579166667,1085.6374079166667,692.2934246691177,11243.0,27.12,1.0384115222946557,648.6,Cáceres,Extremadura,37.17,84.05,28.43,44.58,1,320.46,862.15,0,320.0,831.5181329166667,27.31,38.48,-3.5599129223090165,-0.15204418880985227
10,2016,320.25000000000006,3.6149996553625585,95.0,6899.0,383.4187083333333,820.8982229166668,1100.0891316666666,689.6004843808449,11095.0,23.54,1.0405208860397714,655.2,Cáceres,Extremadura,39.01,83.52,29.11,46.44,1,333.23,854.16,0,308.60827864861113,830.2538579166667,27.12,37.17,3.772329570148858,-1.1268402923746423
10,2017,326.4052672955974,3.6666666666666665,94.0,7443.0,404.72408333333334,832.1502704166668,1112.7818283333334,701.6126834713107,11273.0,22.79,1.0205611862446453,707.7,Cáceres,Extremadura,39.22,80.65,29.33,46.52,1,333.12,849.26,0,320.25000000000006,820.8982229166668,23.54,39.01,1.9220194521771594,1.3706994589440358
10,2018,334.58333333333337,3.735918085182791,94.0,7881.0,434.06775,869.3831691666668,1146.3522316666665,734.1117988882556,11862.0,20.48,1.0037444693258832,735.9,Cáceres,Extremadura,38.49,77.08,29.19,45.58,1,335.84,872.64,0,326.4052672955974,832.1502704166668,22.79,39.22,2.505494505494532,4.474299903953294
10,2019,350.0,3.947368421052632,94.0,8593.0,467.079375,929.6890866666666,1196.292655,781.0495960269766,12816.0,19.95,0.9967743538313801,900.0,Cáceres,Extremadura,37.65,74.93,29.26,44.81,1,348.87,926.69,0,334.58333333333337,869.3831691666668,20.48,38.49,4.607721046077207,6.936632734425396
10,2020,351.9230769230769,4.022988505747127,94.0,8917.0,476.44437500000004,919.1323904166667,1195.2843566666668,788.0265713365683,12649.0,20.41,1.0,950.0,Cáceres,Extremadura,38.29,73.86,29.44,44.66,1,351.92,919.13,0,350.0,929.6890866666666,19.95,37.65,0.5494505494505475,-1.1355082469398758
10,2021,366.6666666666667,4.134615384615384,94.0,9310.0,514.372625,986.8343166666667,1254.9518933333331,836.9728695573418,13720.0,19.61,0.9699974935414286,950.0,Cáceres,Extremadura,37.16,71.28,29.22,43.81,1,355.67,957.23,1,351.9230769230769,919.1323904166667,20.41,38.29,4.189435336976333,7.365851422046932
10,2022,380.0,4.292929292929293,94.0,9695.0,568.2994166666666,1065.0929391666666,1315.2125466666666,900.7468615396326,14958.0,16.78,0.8949107299739896,1000.0,Cáceres,Extremadura,35.68,66.87,28.89,42.19,1,340.07,953.16,1,366.6666666666667,986.8343166666667,19.61,37.16,3.6363636363636376,7.930269669212775
10,2023,400.0,4.487179487179487,93.0,10401.0,615.2024583333333,1136.2099366666666,1380.7519383333336,959.5772025125775,16126.0,14.94,0.8643768521205406,1080.0,Cáceres,Extremadura,35.2,65.02,28.97,41.69,1,345.75,982.11,1,380.0,1065.0929391666666,16.78,35.68,5.263157894736836,6.677069660760515
10,2024,415.4725877192982,4.738081619284272,93.0,10894.0,652.3071516666668,1210.4681433333333,1442.1988250000002,1016.0987039776311,17378.0,15.71,0.8410456579083591,1134.0,Cáceres,Extremadura,34.32,63.69,28.81,40.89,1,349.43,1018.06,1,400.0,1136.2099366666666,14.94,35.2,3.8681469298245563,6.535606164871277
11,2011,412.5,5.475892857142857,78.0,11726.0,476.6785,965.4680691666667,1213.018545,829.4661473448627,13382.0,32.53,1.0717791932800231,641.4,Cádiz,Andalucía,42.73,86.54,34.01,49.73,1,442.11,1034.77,0,,,,,,
11,2012,410.0,5.436720142602496,78.0,12496.0,433.59950000000003,917.4256191666667,1174.5252733333334,791.0381080297839,12622.0,36.38,1.0461898360861621,641.4,Cádiz,Andalucía,44.69,94.56,34.91,51.83,1,428.94,959.8,0,412.5,965.4680691666667,32.53,42.73,-0.60606060606061,-4.9760786021092684
11,2013,400.0,5.25,79.0,13329.0,384.1210833333333,870.9002991666666,1153.3510083333333,748.9281312153864,11886.0,39.62,1.031656722448744,645.3,Cádiz,Andalucía,45.93,104.13,34.68,53.41,1,412.66,898.47,0,410.0,917.4256191666667,36.38,44.69,-2.4390243902439046,-5.071290688640328
11,2014,400.0,5.151650432900433,79.0,14693.0,359.77208333333334,850.2294029166668,1156.079345,724.8564245954975,11559.0,42.31,1.0332160647146191,645.3,Cádiz,Andalucía,47.05,111.18,34.6,55.18,1,413.29,878.47,0,400.0,870.9002991666666,39.62,45.93,0.0,-2.3735089159779954
11,2015,400.0,5.1020408163265305,79.0,16693.0,372.49287499999997,845.8044404166667,1177.4315450000001,718.8155191938143,11489.0,38.32,1.0384115222946557,648.6,Cádiz,Andalucía,47.29,107.38,33.97,55.65,1,415.36,878.29,0,400.0,850.2294029166668,42.31,47.05,0.0,-0.5204433632641337
11,2016,400.0,5.208333333333333,79.0,18328.0,388.64750000000004,850.7351129166667,1195.8774733333332,721.7531454678013,11567.0,34.39,1.0405208860397714,655.2,Cádiz,Andalucía,47.02,102.92,33.45,55.42,1,416.21,885.21,0,400.0,845.8044404166667,38.32,47.29,0.0,0.5829565635256051
11,2017,400.0,5.301929860967006,79.0,20036.0,402.460875,859.0793279166666,1214.2047783333333,724.0364420058653,11699.0,30.28,1.0205611862446453,707.7,Cádiz,Andalucía,46.56,99.39,32.94,55.25,1,408.22,876.74,0,400.0,850.7351129166667,34.39,47.02,0.0,0.9808240982780658
11,2018,400.0,5.434782608695652,79.0,21235.0,431.80454166666664,894.6686691666667,1246.64826,752.7702807866197,12262.0,27.55,1.0037444693258832,735.9,Cádiz,Andalucía,44.71,92.63,32.09,53.14,1,401.5,898.02,0,400.0,859.0793279166666,30.28,46.56,0.0,4.142730489896329
11,2019,446.6060897954778,5.827086842597791,79.0,22498.0,468.32804166666665,942.7111191666667,1279.8034816666668,791.3586426432813,13022.0,24.9,0.9967743538313801,900.0,Cádiz,Andalucía,47.37,95.36,34.9,56.44,1,445.17,939.67,0,400.0,894.6686691666667,27.55,44.71,11.651522448869468,5.369859441344782
11,2020,450.0,5.985915492957747,79.0,23545.0,459.8215,916.3509854166667,1256.96849,781.7517708237735,12605.0,22.93,1.0,950.0,Cádiz,Andalucía,49.11,97.86,35.8,57.56,1,450.0,916.35,0,446.6060897954778,942.7111191666667,24.9,47.37,0.7599337049068122,-2.7962048197014644
11,2021,452.2739651416122,6.172839506172839,79.0,24608.0,492.44291666666663,1005.9248691666666,1316.576715,841.7162928214605,14022.0,25.79,0.9699974935414286,950.0,Cádiz,Andalucía,44.96,91.84,34.35,53.73,1,438.7,975.74,1,450.0,916.3509854166667,22.93,49.11,0.5053255870249407,9.775062740754347
11,2022,482.4235700197239,6.451612903225807,79.0,25265.0,532.7124166666666,1074.7646429166666,1379.38777,884.9109429258507,15111.0,23.47,0.8949107299739896,1000.0,Cádiz,Andalucía,44.89,90.56,34.97,54.52,1,431.73,961.82,1,452.2739651416122,1005.9248691666666,25.79,44.96,6.666226049220292,6.8434309420174255
11,2023,500.0,6.7691042773250105,78.0,26536.0,574.6988333333334,1141.4886749999998,1433.5986333333333,934.6809406821782,16215.0,22.25,0.8643768521205406,1080.0,Cádiz,Andalucía,43.8,87.0,34.88,53.49,1,432.19,986.68,1,482.4235700197239,1074.7646429166666,23.47,44.89,3.6433605388636936,6.208245919056221
11,2024,530.0,7.142857142857142,78.0,27587.0,605.44725,1199.9699783333333,1484.01355,974.6518035013107,17201.0,20.97,0.8410456579083591,1134.0,Cádiz,Andalucía,44.17,87.54,35.71,54.38,1,445.75,1009.23,1,500.0,1141.4886749999998,22.25,43.8,6.000000000000005,5.123248667651792
12,2011,340.1864035087719,3.8461538461538463,90.0,11769.0,528.186,1058.3290679166666,1293.1486066666666,915.8847233597845,14851.0,25.96,1.0717791932800231,641.4,Castellón/Castelló,Comunitat Valenciana,32.14,64.41,26.31,37.14,1,364.6,1134.3,0,,,,,,
12,2012,320.8333333333333,3.6991456628993866,91.0,12451.0,476.75654166666664,1016.9872754166666,1259.5782033333335,877.5993112510992,14197.0,27.19,1.0461898360861621,641.4,Castellón/Castelló,Comunitat Valenciana,31.55,67.3,25.47,36.56,1,335.65,1063.96,0,340.1864035087719,1058.3290679166666,25.96,32.14,-5.688960515713126,-3.906326846089736
12,2013,300.0,3.4810126582278484,91.0,13298.0,429.69741666666664,984.7482629166667,1249.1393500000001,843.5849118813669,13687.0,29.12,1.031656722448744,645.3,Castellón/Castelló,Comunitat Valenciana,30.46,69.82,24.02,35.56,1,309.5,1015.92,0,320.8333333333333,1016.9872754166666,27.19,31.55,-6.493506493506485,-3.1700507252454435
12,2014,300.0,3.3875338753387534,92.0,14599.0,414.4792916666667,973.5594291666666,1247.3006883333335,821.7209712388648,13510.0,27.08,1.0332160647146191,645.3,Castellón/Castelló,Comunitat Valenciana,30.81,72.38,24.05,36.51,1,309.96,1005.9,0,300.0,984.7482629166667,29.12,30.46,0.0,-1.1362125907041998
12,2015,300.0,3.36734693877551,91.0,15964.0,427.9024583333333,986.7711029166667,1269.77981,823.0421679287231,13719.0,22.5,1.0384115222946557,648.6,Castellón/Castelló,Comunitat Valenciana,30.4,70.11,23.63,36.45,1,311.52,1024.67,0,300.0,973.5594291666666,27.08,30.81,0.0,1.3570485123141074
12,2016,300.0,3.4090909090909087,92.0,17456.0,450.4565,1020.4008179166667,1292.7334250000001,840.0662637535653,14251.0,19.5,1.0405208860397714,655.2,Castellón/Castelló,Comunitat Valenciana,29.4,66.6,23.21,35.71,0,312.16,1061.75,0,300.0,986.7711029166667,22.5,30.4,0.0,3.4080563263960917
12,2017,300.0,3.5087719298245617,92.0,19092.0,497.6717083333333,1065.0929391666666,1325.9479583333334,873.1551451005403,14958.0,16.72,1.0205611862446453,707.7,Castellón/Castelló,Comunitat Valenciana,28.17,60.28,22.63,34.36,0,306.17,1086.99,0,300.0,1020.4008179166667,19.5,29.4,0.0,4.379859410662457
12,2018,305.0,3.6231884057971016,91.0,20645.0,550.0376666666667,1117.7046966666667,1362.6618799999999,916.9277544487821,15814.0,15.53,1.0037444693258832,735.9,Castellón/Castelló,Comunitat Valenciana,27.29,55.45,22.38,33.26,0,306.14,1121.89,0,300.0,1065.0929391666666,16.72,28.17,1.6666666666666607,4.939640060064976
12,2019,347.675,3.9325842696629216,91.0,22549.0,580.5519583333333,1160.2904733333335,1412.7802383333335,948.7248671019669,16532.0,13.75,0.9967743538313801,900.0,Castellón/Castelló,Comunitat Valenciana,29.96,59.89,24.61,36.65,0,346.55,1156.55,0,305.0,1117.7046966666667,15.53,27.29,13.991803278688518,3.810109843294973
12,2020,350.0,4.081632653061225,91.0,23941.0,596.1602916666667,1155.0710466666667,1408.3318633333336,963.8940514169724,16444.0,14.29,1.0,950.0,Castellón/Castelló,Comunitat Valenciana,30.3,58.71,24.85,36.31,1,350.0,1155.07,0,347.675,1160.2904733333335,13.75,29.96,0.6687279787157552,-0.4498379316751788
12,2021,360.0,4.2599967610265645,91.0,25364.0,643.3940129166666,1248.07174,1476.8368383333334,1023.773786271838,18012.0,13.82,0.9699974935414286,950.0,Castellón/Castelló,Comunitat Valenciana,28.84,55.95,24.38,35.16,0,349.2,1210.63,1,350.0,1155.0710466666667,14.29,30.3,2.857142857142847,8.051512814014107
12,2022,385.9755254564316,4.4943820224719095,91.0,26544.0,662.7374204166666,1305.4854333333333,1540.3596333333335,1054.8701037543672,18980.0,12.19,0.8949107299739896,1000.0,Castellón/Castelló,Comunitat Valenciana,29.57,58.24,25.06,36.59,0,345.41,1168.29,1,360.0,1248.07174,13.82,28.84,7.215423737897675,4.60019175927604
12,2023,400.0,4.819277108433735,90.0,28467.0,682.7761791666667,1355.366545,1590.4871333333333,1091.5210452929787,19821.0,14.76,0.8643768521205406,1080.0,Castellón/Castelló,Comunitat Valenciana,29.51,58.58,25.15,36.65,0,345.75,1171.55,1,385.9755254564316,1305.4854333333333,12.19,29.57,3.633513945472022,3.820886115849187
12,2024,440.0,5.167054104562651,90.0,29530.0,720.5147879166667,1403.4683066666666,1644.5700083333334,1131.181993242114,20632.0,13.65,0.8410456579083591,1134.0,Castellón/Castelló,Comunitat Valenciana,31.35,61.07,26.75,38.9,1,370.06,1180.38,1,400.0,1355.366545,14.76,29.51,10.000000000000009,3.5489854640514684
13,2011,350.0,4.508399209486167,83.0,5209.0,532.0880833333333,1040.7556454166668,1231.34585,876.7441219747355,14573.0,23.84,1.0717791932800231,641.4,Ciudad Real,Castilla - La Mancha,33.63,65.78,28.42,39.92,1,375.12,1115.46,0,,,,,,
13,2012,345.05606060606067,4.360071175840265,83.0,5318.0,463.801625,961.1695341666667,1180.1005699999998,809.8101122707056,13314.0,31.07,1.0461898360861621,641.4,Ciudad Real,Castilla - La Mancha,35.9,74.4,29.24,42.61,1,360.99,1005.57,0,350.0,1040.7556454166668,23.84,33.63,-1.4125541125540986,-7.64695455657487
13,2013,322.1479028697572,4.123711340206186,83.0,5492.0,404.33387500000003,918.0577566666667,1175.5928833333332,765.6762513869843,12632.0,30.54,1.031656722448744,645.3,Ciudad Real,Castilla - La Mancha,35.09,79.67,27.4,42.07,1,332.35,947.12,0,345.05606060606067,961.1695341666667,31.07,35.9,-6.638966924988154,-4.485345817517816
13,2014,300.0,4.0,83.0,5755.0,379.048375,894.2893866666667,1171.9155600000001,739.191327032313,12256.0,33.03,1.0332160647146191,645.3,Ciudad Real,Castilla - La Mancha,33.55,79.15,25.6,40.58,1,309.96,923.99,0,322.1479028697572,918.0577566666667,30.54,35.09,-6.875072807384219,-2.5889841709196504
13,2015,300.0,3.90625,83.0,6304.0,393.79825,904.7196554166667,1201.6900166666667,747.1710814152655,12421.0,31.29,1.0384115222946557,648.6,Ciudad Real,Castilla - La Mancha,33.16,76.18,24.96,40.15,1,311.52,939.47,0,300.0,894.2893866666667,33.03,33.55,0.0,1.166319192143983
13,2016,300.0,3.9215686274509807,84.0,6895.0,403.7875833333333,903.7082354166665,1208.748105,744.0627126802431,12405.0,26.23,1.0405208860397714,655.2,Ciudad Real,Castilla - La Mancha,33.2,74.3,24.82,40.32,1,312.16,940.33,0,300.0,904.7196554166667,31.29,33.16,0.0,-0.11179374670867714
13,2017,300.0,3.9509805865644037,84.0,7612.0,439.76479166666667,926.7180404166667,1243.0895600000001,765.4537748516702,12769.0,24.41,1.0205611862446453,707.7,Ciudad Real,Castilla - La Mancha,32.37,68.22,24.13,39.19,1,306.17,945.77,0,300.0,903.7082354166665,26.23,33.2,0.0,2.546154178775528
13,2018,300.68051575931236,4.007691980380324,84.0,8197.0,477.92716666666666,961.9913129166667,1278.67656,799.2064983171051,13327.0,20.11,1.0037444693258832,735.9,Ciudad Real,Castilla - La Mancha,31.26,62.91,23.51,37.62,1,301.81,965.59,0,300.0,926.7180404166667,24.41,32.37,0.22683858643746113,3.8062572391642124
13,2019,330.0,4.273454067861962,84.0,9071.0,522.567,1018.5676191666666,1332.5315533333332,849.0063767588485,14222.0,18.26,0.9967743538313801,900.0,Ciudad Real,Castilla - La Mancha,32.4,63.15,24.76,38.87,1,328.94,1015.28,0,300.68051575931236,961.9913129166667,20.11,31.26,9.751042287075617,5.8811660240949415
13,2020,340.04794520547944,4.375,84.0,9810.0,528.8103333333333,1010.4130454166666,1330.6928916666668,854.7595384369495,14093.0,17.9,1.0,950.0,Ciudad Real,Castilla - La Mancha,33.65,64.3,25.55,39.78,1,340.05,1010.41,0,330.0,1018.5676191666666,18.26,32.4,3.0448318804483065,-0.8005922823927647
13,2021,350.0,4.4943820224719095,84.0,10331.0,577.8204999999999,1095.581445,1387.9879616666667,923.0180129078353,15441.0,17.73,0.9699974935414286,950.0,Ciudad Real,Castilla - La Mancha,31.95,60.57,25.22,37.92,1,339.5,1062.71,1,340.04794520547944,1010.4130454166666,17.9,33.65,2.926662235381805,8.42906769361953
13,2022,350.6112774451097,4.629587703010497,84.0,10834.0,606.3057083333333,1147.7164,1438.46219,959.4988408454551,16320.0,19.36,0.8949107299739896,1000.0,Ciudad Real,Castilla - La Mancha,30.55,57.83,24.37,36.54,1,313.77,1027.1,1,350.0,1095.581445,17.73,31.95,0.17465069860276294,4.758656258549543
13,2023,371.38786069651746,4.814287221694628,84.0,11728.0,653.9507091666667,1223.694645,1499.9090766666666,1022.9914716731586,17601.0,16.48,0.8643768521205406,1080.0,Ciudad Real,Castilla - La Mancha,30.35,56.79,24.76,36.3,1,321.02,1057.73,1,350.6112774451097,1147.7164,19.36,30.55,5.925817162187674,6.619949405619718
13,2024,398.3673469387756,5.056685443825281,84.0,12452.0,683.7243854166667,1279.03243,1544.9859433333334,1064.3244930180276,18534.0,16.92,0.8410456579083591,1134.0,Ciudad Real,Castilla - La Mancha,31.15,58.26,25.78,37.43,1,335.05,1075.72,1,371.38786069651746,1223.694645,16.48,30.35,7.264504066357902,4.522189030254342
14,2011,400.219298245614,5.184550792895746,82.0,8463.0,471.52774999999997,920.5230929166668,1079.6321016666668,782.9212653535538,12671.0,31.62,1.0717791932800231,641.4,Córdoba,Andalucía,43.48,84.88,37.07,51.12,1,428.95,986.6,0,,,,,,
14,2012,400.0,5.154639175257732,81.0,8662.0,426.8879166666666,862.8721529166666,1031.4632241666666,737.176328429635,11759.0,34.65,1.0461898360861621,641.4,Córdoba,Andalucía,46.36,93.7,38.78,54.26,1,418.48,902.73,0,400.219298245614,920.5230929166668,31.62,43.48,-0.05479452054794054,-6.2628455976409985
14,2013,395.8333333333333,4.958677685950414,82.0,8757.0,380.8433333333333,820.3292991666667,1016.6712066666668,696.9333375756387,11086.0,35.16,1.031656722448744,645.3,Córdoba,Andalucía,48.25,103.94,38.93,56.8,1,408.36,846.3,0,400.0,862.8721529166666,34.65,46.36,-1.041666666666674,-4.930377415263331
14,2014,385.8333333333333,4.9207290767903356,82.0,9415.0,360.9427083333333,805.6004954166668,1021.7915204166667,677.7993770456472,10853.0,33.64,1.0332160647146191,645.3,Córdoba,Andalucía,47.89,106.9,37.76,56.92,1,398.65,832.36,0,395.8333333333333,820.3292991666667,35.16,48.25,-2.5263157894736876,-1.795474544790998
14,2015,380.0,4.889016456180635,82.0,10280.0,372.4148333333333,813.8182829166667,1046.4448829166665,685.6338783978795,10983.0,29.99,1.0384115222946557,648.6,Córdoba,Andalucía,46.69,102.04,36.31,55.42,1,394.6,845.08,0,385.8333333333333,805.6004954166668,33.64,47.89,-1.5118790496760237,1.0200822301815293
14,2016,390.5,4.967320261437909,82.0,11169.0,377.2534166666667,817.8007491666667,1077.0403379166667,688.4646329934709,11046.0,30.24,1.0405208860397714,655.2,Córdoba,Andalucía,47.75,103.51,36.26,56.72,1,406.32,850.94,0,380.0,813.8182829166667,29.99,46.69,2.763157894736845,0.48935571166170977
14,2017,400.0,5.053763440860215,82.0,11989.0,406.5190416666667,838.0923629166667,1104.1816366666667,707.5177926415736,11367.0,28.17,1.0205611862446453,707.7,Córdoba,Andalucía,47.73,98.4,36.23,56.54,1,408.22,855.32,0,390.5,817.8007491666667,30.24,47.75,2.432778489116516,2.4812417658796493
14,2018,400.0,5.144467935165609,82.0,12891.0,431.7265,877.3481016666668,1143.0307783333335,740.7157851291922,11988.0,24.74,1.0037444693258832,735.9,Córdoba,Andalucía,45.59,92.65,34.99,54.0,1,401.5,880.63,0,400.0,838.0923629166667,28.17,47.73,0.0,4.683939442352769
14,2019,425.0,5.555555555555556,82.0,13485.0,472.0740416666667,932.7233466666667,1194.6912399999999,788.7065923993398,12864.0,23.06,0.9967743538313801,900.0,Córdoba,Andalucía,45.57,90.03,35.57,53.89,1,423.63,929.71,0,400.0,877.3481016666668,24.74,45.59,6.25,6.3116618016048065
14,2020,428.99532710280386,5.589126811023296,83.0,14349.0,455.9974583333333,908.3228391666668,1182.1764783333333,777.438138994046,12478.0,24.25,1.0,950.0,Córdoba,Andalucía,47.23,94.08,36.29,55.18,1,429.0,908.32,0,425.0,932.7233466666667,23.06,45.57,0.9400769653656216,-2.6160498273364308
14,2021,447.3039215686274,5.736996416269261,83.0,15058.0,525.3765,1010.9819691666667,1254.3587766666667,861.8790439507243,14102.0,21.05,0.9699974935414286,950.0,Córdoba,Andalucía,44.24,85.14,35.66,51.9,1,433.88,980.65,1,428.99532710280386,908.3228391666668,24.25,47.23,4.267784124705876,11.302053143812142
14,2022,450.0,5.925354730826676,82.0,15498.0,554.5640833333333,1072.1728791666667,1313.373885,903.9677094010191,15070.0,19.42,0.8949107299739896,1000.0,Córdoba,Andalucía,41.97,81.14,34.26,49.78,1,402.71,959.5,1,447.3039215686274,1010.9819691666667,21.05,44.24,0.6027397260274014,6.052621299511252
14,2023,462.4829700272479,6.148921832884096,82.0,16482.0,603.0279583333333,1141.4293633333334,1377.3711733333332,962.5499106018791,16214.0,18.41,0.8643768521205406,1080.0,Córdoba,Andalucía,40.52,76.69,33.58,48.05,1,399.76,986.63,1,450.0,1072.1728791666667,19.42,41.97,2.7739933393884364,6.459451223994361
14,2024,483.41503267973854,6.373626373626373,82.0,17477.0,628.4695416666667,1197.8347583333332,1433.7172566666668,1002.2352678941945,17165.0,16.62,0.8410456579083591,1134.0,Córdoba,Andalucía,40.36,76.92,33.72,48.23,1,406.57,1007.43,1,462.4829700272479,1141.4293633333334,18.41,40.52,4.526018039379354,4.9416456954706645
15,2011,360.0,4.674743041344475,84.0,36073.0,603.808375,1108.5113883333333,1392.0211550000001,989.7269618088117,15659.0,15.83,1.0717791932800231,641.4,"Coruña, A",Galicia,32.48,59.62,25.86,36.37,1,385.84,1188.08,0,,,,,,
15,2012,360.0,4.675324675324675,84.0,37159.0,563.6169166666667,1063.7022366666667,1354.9513633333333,954.0438382848893,14936.0,18.38,1.0461898360861621,641.4,"Coruña, A",Galicia,33.84,63.87,26.57,37.73,1,376.63,1112.83,0,360.0,1108.5113883333333,15.83,32.48,0.0,-4.0422815803487495
15,2013,350.0,4.545454545454546,84.0,38539.0,516.5577916666667,1038.4799504166667,1349.7319366666668,928.1640459611151,14537.0,20.18,1.031656722448744,645.3,"Coruña, A",Galicia,33.7,67.76,25.93,37.71,1,361.08,1071.35,0,360.0,1063.7022366666667,18.38,33.84,-2.777777777777779,-2.371179206037899
15,2014,350.0,4.513849206349206,85.0,40310.0,484.7948333333334,1022.5500854166667,1339.7675766666666,903.6018079664265,14285.0,19.95,1.0332160647146191,645.3,"Coruña, A",Galicia,34.23,72.2,26.12,38.73,1,361.63,1056.52,0,350.0,1038.4799504166667,20.18,33.7,0.0,-1.5339598028453527
15,2015,350.0,4.473684210526316,85.0,42876.0,484.01441666666665,1037.9110266666667,1360.0521666666666,907.4949751857012,14528.0,17.41,1.0384115222946557,648.6,"Coruña, A",Galicia,33.72,72.31,25.73,38.57,1,363.44,1077.78,0,350.0,1022.5500854166667,19.95,34.23,0.0,1.502218959156476
15,2016,350.0,4.53125,85.0,45371.0,507.2708333333333,1043.1577679166667,1376.0663166666666,909.8138991028653,14611.0,15.41,1.0405208860397714,655.2,"Coruña, A",Galicia,33.55,69.0,25.43,38.47,1,364.18,1085.43,0,350.0,1037.9110266666667,17.41,33.72,0.0,0.505509732067333
15,2017,350.0,4.584170624771649,84.0,48421.0,524.7521666666667,1071.2878866666667,1390.2418049999999,927.9109950507287,15056.0,14.16,1.0205611862446453,707.7,"Coruña, A",Galicia,32.67,66.7,25.18,37.72,1,357.2,1093.31,0,350.0,1043.1577679166667,15.41,33.55,0.0,2.6966312877274357
15,2018,353.0,4.651162790697675,84.0,51143.0,553.7836666666667,1117.7640083333333,1425.5915583333333,964.5544735770472,15815.0,12.23,1.0037444693258832,735.9,"Coruña, A",Galicia,31.58,63.74,24.76,36.6,1,354.32,1121.95,0,350.0,1071.2878866666667,14.16,32.67,0.8571428571428674,4.338341004795443
15,2019,378.0763239875389,4.926622165505055,84.0,54671.0,580.16175,1156.8503966666667,1474.7016183333335,994.0571078346427,16474.0,10.2,0.9967743538313801,900.0,"Coruña, A",Galicia,32.68,65.17,25.64,38.03,1,376.86,1153.12,0,353.0,1117.7640083333333,12.23,31.58,7.10377450071924,3.4968372609898157
15,2020,387.37226277372264,5.042016806722689,84.0,57039.0,568.2994166666666,1130.9905099999999,1442.02089,985.7967925105831,16038.0,11.23,1.0,950.0,"Coruña, A",Galicia,34.25,68.16,26.86,39.3,1,387.37,1130.99,0,378.0763239875389,1156.8503966666667,10.2,32.68,2.4587466065423724,-2.2353699960841245
15,2021,400.0,5.208333333333333,84.0,59021.0,586.249,1206.5535733333334,1502.9932833333332,1031.3008228900558,17312.0,10.6,0.9699974935414286,950.0,"Coruña, A",Galicia,33.15,68.23,26.61,38.79,1,388.0,1170.35,1,387.37226277372264,1130.9905099999999,11.23,34.25,3.2598454870925053,6.681140351330939
15,2022,401.0989010989011,5.405405405405406,84.0,60611.0,638.6529816666667,1293.3858533333332,1594.9120958333333,1092.8864197645541,18776.0,10.1,0.8949107299739896,1000.0,"Coruña, A",Galicia,31.01,62.8,25.15,36.7,1,358.95,1157.46,1,400.0,1206.5535733333334,10.6,33.15,0.27472527472527375,7.196719807485152
15,2023,430.0,5.660377358490567,84.0,63507.0,685.1783016666667,1372.1517466666667,1676.8012166666667,1153.8183563771568,20104.0,9.1,0.8643768521205406,1080.0,"Coruña, A",Galicia,31.34,62.76,25.64,37.27,1,371.68,1186.06,1,401.0989010989011,1293.3858533333332,10.1,31.01,7.205479452054808,6.089899091623496
15,2024,450.0,6.0,84.0,66352.0,721.2733529166667,1443.6223049999999,1742.8478791666669,1205.2412463182127,21309.0,7.98,0.8410456579083591,1134.0,"Coruña, A",Galicia,31.17,62.39,25.82,37.34,1,378.47,1214.15,1,430.0,1372.1517466666667,9.1,31.34,4.651162790697683,5.208648278658301
16,2011,416.6666666666667,4.761904761904762,100.0,2242.0,577.4302916666667,1003.5859604166666,1160.2311616666668,864.9058596280183,13985.0,19.53,1.0717791932800231,641.4,Cuenca,Castilla - La Mancha,41.52,72.16,35.91,48.17,1,446.57,1075.62,0,,,,,,
16,2012,400.0,4.541037037037037,100.0,2220.0,510.86075,930.7637204166666,1120.9668383333333,800.136186291086,12833.0,23.38,1.0461898360861621,641.4,Cuenca,Castilla - La Mancha,42.98,78.3,35.68,49.99,1,418.48,973.76,0,416.6666666666667,1003.5859604166666,19.53,41.52,-4.0000000000000036,-7.256203541325523
16,2013,370.762014049051,4.156573763315336,101.0,2284.0,457.63633333333337,896.6282954166667,1113.019075,762.0890212969781,12293.0,28.87,1.031656722448744,645.3,Cuenca,Castilla - La Mancha,41.35,81.02,33.31,48.65,1,382.5,925.01,0,400.0,930.7637204166666,23.38,42.98,-7.309496487737244,-3.66746406754217
16,2014,350.0,4.018472364399945,102.0,2433.0,445.1496666666667,893.7836766666668,1110.2314266666665,754.3175892224016,12248.0,28.0,1.0332160647146191,645.3,Cuenca,Castilla - La Mancha,39.16,78.63,31.52,46.4,1,361.63,923.47,0,370.762014049051,896.6282954166667,28.87,41.35,-5.599822328698489,-0.3172573032259707
16,2015,350.0,3.883495145631068,102.0,2632.0,450.14433333333335,905.0989379166667,1128.5587316666667,759.9173493154042,12427.0,22.62,1.0384115222946557,648.6,Cuenca,Castilla - La Mancha,38.67,77.75,31.01,46.06,1,363.44,939.87,0,350.0,893.7836766666668,28.0,39.16,0.0,1.2659955138361711
16,2016,350.0,3.9125618510707327,102.0,2792.0,463.56750000000005,914.5177866666667,1142.6749083333332,767.7009863984379,12576.0,18.02,1.0405208860397714,655.2,Cuenca,Castilla - La Mancha,38.27,75.5,30.63,45.59,1,364.18,951.57,0,350.0,905.0989379166667,22.62,38.67,0.0,1.0406430010491352
16,2017,350.0,3.9329959115314512,102.0,3020.0,494.472,949.4749904166666,1174.3473383333333,796.9055372695381,13129.0,15.9,1.0205611862446453,707.7,Cuenca,Castilla - La Mancha,36.86,70.78,29.8,43.92,1,357.2,969.0,0,350.0,914.5177866666667,18.02,38.27,0.0,3.82247390479038
16,2018,350.0,4.039057483118955,102.0,3279.0,514.0604583333334,993.4085466666666,1212.5440516666665,828.2972562844069,13824.0,15.4,1.0037444693258832,735.9,Cuenca,Castilla - La Mancha,35.23,68.09,28.86,42.26,1,351.31,997.13,0,350.0,949.4749904166666,15.9,36.86,0.0,4.627142019898822
16,2019,377.3801986754967,4.236597954098766,102.0,3614.0,556.9053333333333,1052.0709066666666,1256.61262,873.868186880923,14752.0,13.07,0.9967743538313801,900.0,Cuenca,Castilla - La Mancha,35.87,67.76,30.03,43.19,1,376.16,1048.68,0,350.0,993.4085466666666,15.4,35.23,7.822913907284756,5.90515958382265
16,2020,390.0,4.332386363636364,102.0,3868.0,591.3217083333333,1065.1561529166665,1274.584055,902.1301214005811,14959.0,15.65,1.0,950.0,Cuenca,Castilla - La Mancha,36.61,65.95,30.6,43.23,1,390.0,1065.16,0,377.3801986754967,1052.0709066666666,13.07,35.87,3.3440549792478347,1.24376086888085
16,2021,400.0,4.497063174116238,102.0,4039.0,607.7885,1132.8884833333334,1331.8791250000002,942.2090511960271,16070.0,12.11,0.9699974935414286,950.0,Cuenca,Castilla - La Mancha,35.31,65.81,30.03,42.45,1,388.0,1098.9,1,390.0,1065.1561529166665,15.65,36.61,2.564102564102555,6.358910872476176
16,2022,410.4166666666667,4.705882352941177,101.0,4162.0,653.8242816666667,1192.0222150000002,1372.9227983333333,991.291785075572,17067.0,9.61,0.8949107299739896,1000.0,Cuenca,Castilla - La Mancha,34.43,62.77,29.89,41.4,1,367.29,1066.75,1,400.0,1132.8884833333334,12.11,35.31,2.604166666666674,5.2197310270712505
16,2023,446.6666666666667,4.967124886156648,101.0,4364.0,690.9939666666666,1244.51304,1427.9047133333333,1037.7962394684848,17952.0,11.41,0.8643768521205406,1080.0,Cuenca,Castilla - La Mancha,35.89,64.64,31.28,43.04,1,386.09,1075.73,1,410.4166666666667,1192.0222150000002,9.61,34.43,8.832487309644677,4.4035106342376285
16,2024,460.0,5.273609718207382,100.0,4612.0,708.2513204166667,1302.6384733333332,1473.9305666666667,1076.9262902648597,18932.0,10.5,0.8410456579083591,1134.0,Cuenca,Castilla - La Mancha,35.31,64.95,31.21,42.71,1,386.88,1095.58,1,446.6666666666667,1244.51304,11.41,35.89,2.985074626865658,4.670536303366757
17,2011,450.0,5.7894736842105265,78.0,21887.0,581.2543333333333,1112.0700883333332,1369.9572150000001,944.046589447443,15719.0,21.7,1.0717791932800231,641.4,Girona,Cataluña,40.47,77.42,32.85,47.67,1,482.3,1191.89,0,,,,,,
17,2012,430.0,5.6034482758620685,79.0,23076.0,543.3260833333334,1077.9253304166666,1339.1151483333335,910.3800998918637,15161.0,24.21,1.0461898360861621,641.4,Girona,Cataluña,39.89,79.14,32.11,47.23,1,449.86,1127.71,0,450.0,1112.0700883333332,21.7,40.47,-4.444444444444439,-3.0703782319907114
17,2013,405.5555555555555,5.376344086021505,79.0,24687.0,500.0129583333333,1053.0191129166667,1324.5244783333335,875.9151447227175,14767.0,22.98,1.031656722448744,645.3,Girona,Cataluña,38.51,81.11,30.62,46.3,1,418.39,1086.35,0,430.0,1077.9253304166666,24.21,39.89,-5.684754521963842,-2.3105698323623747
17,2014,400.0,5.308641975308642,79.0,26703.0,485.341125,1047.3298754166667,1321.1437133333334,855.6091029332081,14677.0,22.53,1.0332160647146191,645.3,Girona,Cataluña,38.19,82.42,30.28,46.75,1,413.29,1082.12,0,405.5555555555555,1053.0191129166667,22.98,38.51,-1.3698630136986134,-0.5402786549848937
17,2015,400.0,5.319148936170213,79.0,29018.0,503.91504166666664,1064.7768704166667,1346.8849766666667,860.3921305582667,14953.0,19.72,1.0384115222946557,648.6,Girona,Cataluña,37.57,79.38,29.7,46.49,1,415.36,1105.68,0,400.0,1047.3298754166667,22.53,38.19,0.0,1.6658547998603446
17,2016,400.5322574626865,5.405405405405406,79.0,31274.0,533.4928333333334,1084.1202779166667,1368.2371766666665,872.5669486742349,15259.0,16.14,1.0405208860397714,655.2,Girona,Cataluña,36.95,75.08,29.27,45.9,1,416.76,1128.05,0,400.0,1064.7768704166667,19.72,37.57,0.13306436567162017,1.816663005877528
17,2017,418.75,5.555555555555556,79.0,33450.0,578.054625,1116.8150216666668,1393.2073883333335,901.5741457435848,15799.0,13.96,1.0205611862446453,707.7,Girona,Cataluña,37.5,72.44,30.06,46.45,1,427.36,1139.78,0,400.5322574626865,1084.1202779166667,16.14,36.95,4.548383356866248,3.015785648141267
17,2018,435.66333333333336,5.7316416403959956,79.0,35361.0,614.5000833333334,1177.9653500000002,1433.12414,946.9203961878402,16830.0,11.4,1.0037444693258832,735.9,Girona,Cataluña,36.98,70.9,30.4,46.01,1,437.29,1182.38,0,418.75,1116.8150216666668,13.96,37.5,4.039004975124394,5.475421367638522
17,2019,453.96000000000004,6.164383561643835,79.0,37427.0,643.7732954166667,1228.6175133333334,1479.38724,983.7026502123942,17684.0,10.33,0.9967743538313801,900.0,Girona,Cataluña,36.95,70.52,30.69,46.15,1,452.5,1224.65,0,435.66333333333336,1177.9653500000002,11.4,36.98,4.199726088187372,4.299970566480016
17,2020,475.0,6.345787573216188,78.0,39010.0,613.0953333333333,1182.59166,1442.6140066666667,956.6680187657895,16908.0,12.6,1.0,950.0,Girona,Cataluña,40.17,77.48,32.93,49.65,1,475.0,1182.59,0,453.96000000000004,1228.6175133333334,10.33,36.95,4.634769583223175,-3.7461498663210246
17,2021,497.89186507936506,6.5476190476190474,78.0,40531.0,658.6917404166667,1270.4322383333335,1519.6598616666668,1013.161669535086,18389.0,12.97,0.9699974935414286,950.0,Girona,Cataluña,39.19,75.59,32.76,49.14,1,482.95,1232.32,1,475.0,1182.59166,12.6,40.17,4.819340016708429,7.427802960603791
17,2022,500.0,6.821290322580645,78.0,40253.0,709.8948779166667,1340.95381,1592.3445249999997,1066.0864014660644,19578.0,8.96,0.8949107299739896,1000.0,Girona,Cataluña,37.29,70.43,31.4,46.9,1,447.46,1200.03,1,497.89186507936506,1270.4322383333335,12.97,39.19,0.4234122042341193,5.550990406161516
17,2023,530.0,7.092234923492349,78.0,43082.0,764.8908404166665,1417.10999,1655.3865833333332,1128.3695477754845,20862.0,9.96,0.8643768521205406,1080.0,Girona,Cataluña,37.4,69.29,32.02,46.97,1,458.12,1224.92,1,500.0,1340.95381,8.96,37.29,6.000000000000005,5.6792545300274
17,2024,550.0,7.42114777097559,78.0,43826.0,805.0315716666665,1487.9874316666665,1714.4953416666667,1183.0363329604413,22057.0,9.47,0.8410456579083591,1134.0,Girona,Cataluña,36.96,68.32,32.08,46.49,1,462.58,1251.47,1,530.0,1417.10999,9.96,37.4,3.7735849056603765,5.00154837428437
18,2011,389.0375,4.62962962962963,87.0,15196.0,477.30283333333335,946.6303716666666,1171.2631316666666,815.0414702780105,13084.0,29.12,1.0717791932800231,641.4,Granada,Andalucía,41.1,81.51,33.22,47.73,1,416.96,1014.58,0,,,,,,
18,2012,375.0,4.506012463455916,87.0,15772.0,448.9737083333334,891.7608366666667,1126.4235116666666,774.3987103270914,12216.0,35.59,1.0461898360861621,641.4,Granada,Andalucía,42.05,83.52,33.29,48.42,1,392.32,932.95,0,389.0375,946.6303716666666,29.12,41.1,-3.60826398483437,-5.7962998697575046
18,2013,354.86111111111114,4.3478260869565215,87.0,16628.0,389.818125,842.5173254166666,1103.7071433333333,724.2484446309381,11437.0,37.03,1.031656722448744,645.3,Granada,Andalucía,42.12,91.03,32.15,49.0,1,366.09,869.19,0,375.0,891.7608366666667,35.59,42.05,-5.370370370370359,-5.5220535849128005
18,2014,350.0,4.2682926829268295,87.0,18110.0,364.9228333333333,816.2836191666665,1096.47112,693.4046862085851,11022.0,35.91,1.0332160647146191,645.3,Granada,Andalucía,42.88,95.91,31.92,50.48,1,361.63,843.4,0,354.86111111111114,842.5173254166666,37.03,42.12,-1.3698630136986356,-3.113728995071552
18,2015,350.0,4.235263092578804,87.0,20189.0,372.88308333333333,821.3407191666665,1116.577775,694.5434362870988,11102.0,30.94,1.0384115222946557,648.6,Granada,Andalucía,42.61,93.86,31.35,50.39,1,363.44,852.89,0,350.0,816.2836191666665,35.91,42.88,0.0,0.619527316395585
18,2016,350.0,4.354838709677419,87.0,21842.0,385.7599583333333,825.5128266666667,1136.5658066666667,696.830951257084,11168.0,29.94,1.0405208860397714,655.2,Granada,Andalucía,42.4,90.73,30.79,50.23,1,364.18,858.96,0,350.0,821.3407191666665,30.94,42.61,0.0,0.5079630660748347
18,2017,355.0152488332332,4.430379746835443,86.0,23978.0,415.1816666666667,843.6551729166667,1150.5040483333332,713.6956819261836,11455.0,25.77,1.0205611862446453,707.7,Granada,Andalucía,42.08,85.51,30.86,49.74,1,362.31,861.0,0,350.0,825.5128266666667,29.94,42.4,1.432928238066622,2.197706160818469
18,2018,370.0,4.585575527115161,86.0,25379.0,428.7609166666667,883.9855454166667,1184.4303216666667,741.1976502480741,12093.0,24.0,1.0037444693258832,735.9,Granada,Andalucía,41.86,86.3,31.24,49.92,1,371.39,887.3,0,355.0152488332332,843.6551729166667,25.77,42.08,4.2208753612738015,4.780433261680916
18,2019,400.0,4.954646427249167,86.0,27401.0,467.547625,938.2861566666667,1232.7693299999999,786.5344183091265,12952.0,22.21,0.9967743538313801,900.0,Granada,Andalucía,42.63,85.55,32.45,50.86,1,398.71,935.26,0,370.0,883.9855454166667,24.0,41.86,8.108108108108114,6.1427035240045
18,2020,400.0,5.050505050505051,85.0,28428.0,463.25533333333334,913.7592216666667,1210.5867666666666,778.6136278525568,12564.0,23.77,1.0,950.0,Granada,Andalucía,43.78,86.35,33.04,51.37,1,400.0,913.76,0,400.0,938.2861566666667,22.21,42.63,0.0,-2.614014373518392
18,2021,420.0,5.298013245033112,85.0,29624.0,519.2112083333333,1014.1426566666665,1284.37048,857.5905163320194,14152.0,22.63,0.9699974935414286,950.0,Granada,Andalucía,41.41,80.89,32.7,48.97,1,407.4,983.72,1,400.0,913.7592216666667,23.77,43.78,5.000000000000004,10.985764369841732
18,2022,444.4797222222222,5.555555555555556,85.0,30647.0,545.4332083333334,1082.3502929166668,1352.9347666666667,902.5755417039563,15231.0,20.96,0.8949107299739896,1000.0,Granada,Andalucía,41.07,81.49,32.85,49.25,1,397.77,968.61,1,420.0,1014.1426566666665,22.63,41.41,5.828505291005293,6.725645134993963
18,2023,458.87458333333336,5.865181759169102,85.0,32674.0,587.8098333333334,1154.5965533333333,1414.0257833333333,962.0611433308449,16436.0,20.51,0.8643768521205406,1080.0,Granada,Andalucía,39.74,78.07,32.45,47.7,1,396.64,998.01,1,444.4797222222222,1082.3502929166668,20.96,41.07,3.2385866871817104,6.67494256614285
18,2024,499.1666666666667,6.25,84.0,34132.0,620.8214583333333,1214.9165183333334,1470.2532433333333,1007.9656092435697,17453.0,21.43,0.8410456579083591,1134.0,Granada,Andalucía,41.09,80.4,33.95,49.52,1,419.82,1021.8,1,458.87458333333336,1154.5965533333333,20.51,39.74,8.780630873177952,5.224332674981214
19,2011,470.0,5.921052631578948,83.0,5012.0,638.6529816666667,1216.1620633333334,1466.5166083333334,1074.8209984548846,17474.0,19.57,1.0717791932800231,641.4,Guadalajara,Castilla - La Mancha,38.65,73.59,32.05,43.73,1,503.74,1303.46,0,,,,,,
19,2012,448.3333333333333,5.555555555555556,83.0,5235.0,588.356125,1162.30707,1424.405325,1030.4931247100983,16566.0,22.64,1.0461898360861621,641.4,Guadalajara,Castilla - La Mancha,38.57,76.2,31.48,43.51,1,469.04,1215.99,0,470.0,1216.1620633333334,19.57,38.65,-4.6099290780141855,-4.428274401663557
19,2013,400.0,5.175522986037959,84.0,5583.0,539.1118333333333,1138.5230916666667,1418.2962233333335,1001.768251880877,16165.0,22.56,1.031656722448744,645.3,Guadalajara,Castilla - La Mancha,35.13,74.2,28.2,39.93,1,412.66,1174.57,0,448.3333333333333,1162.30707,22.64,38.57,-10.780669144981413,-2.0462732222159996
19,2014,400.0,4.943820224719102,84.0,6110.0,501.0275,1125.4745249999999,1414.7375233333332,974.4835351552642,15945.0,23.27,1.0332160647146191,645.3,Guadalajara,Castilla - La Mancha,35.54,79.84,28.27,41.05,1,413.29,1162.86,0,400.0,1138.5230916666667,22.56,35.13,0.0,-1.146095916909795
19,2015,390.0,4.891304347826087,84.0,6732.0,522.4889583333334,1133.7781583333333,1435.3186716666667,970.333069814964,16085.0,19.29,1.0384115222946557,648.6,Guadalajara,Castilla - La Mancha,34.4,74.64,27.17,40.19,1,404.98,1177.33,0,400.0,1125.4745249999999,23.27,35.54,-2.500000000000002,0.7377895411122992
19,2016,400.0,4.931506849315069,84.0,7434.0,536.4584166666667,1124.4662266666667,1443.5036816666668,950.3913332365197,15928.0,17.79,1.0405208860397714,655.2,Guadalajara,Castilla - La Mancha,35.57,74.56,27.71,42.09,1,416.21,1170.03,0,390.0,1133.7781583333333,19.29,34.4,2.564102564102555,-0.8213186678737272
19,2017,400.0,5.0,84.0,8226.0,549.5694166666666,1137.0996116666668,1467.169036666667,944.6858111663256,16141.0,13.91,1.0205611862446453,707.7,Guadalajara,Castilla - La Mancha,35.18,72.78,27.26,42.34,1,408.22,1160.48,0,400.0,1124.4662266666667,17.79,35.57,0.0,1.1235006174840967
19,2018,400.0,5.196629213483146,84.0,9025.0,565.0216666666666,1172.093495,1500.6801283333334,964.0005067984486,16731.0,11.45,1.0037444693258832,735.9,Guadalajara,Castilla - La Mancha,34.13,70.79,26.65,41.49,1,401.5,1176.48,0,400.0,1137.0996116666668,13.91,35.18,0.0,3.0774685853636186
19,2019,450.0,5.638888888888889,84.0,10046.0,588.122,1207.7398066666667,1542.2576066666668,984.0263673515142,17332.0,12.14,0.9967743538313801,900.0,Guadalajara,Castilla - La Mancha,37.26,76.51,29.18,45.73,1,448.55,1203.84,0,400.0,1172.093495,11.45,34.13,12.5,3.041251557041247
19,2020,451.9364049678421,5.8510638297872335,84.0,10584.0,594.7555416666667,1193.9795000000001,1514.4404349999998,991.7523042914609,17100.0,14.87,1.0,950.0,Guadalajara,Castilla - La Mancha,37.85,75.99,29.84,45.57,1,451.94,1193.98,0,450.0,1207.7398066666667,12.14,37.26,0.4303122150760341,-1.1393436393095868
19,2021,482.40000000000003,6.110294117647059,84.0,11093.0,637.3254929166667,1264.5010716666666,1578.793593333333,1037.5944709660869,18289.0,12.75,0.9699974935414286,950.0,Guadalajara,Castilla - La Mancha,38.15,75.69,30.55,46.49,1,467.93,1226.56,1,451.9364049678421,1193.9795000000001,14.87,37.85,6.7406818077259345,5.906430693882636
19,2022,500.0,6.41025641025641,84.0,11617.0,658.7549541666667,1333.302605,1647.410725,1075.4322176326189,19449.0,11.17,0.8949107299739896,1000.0,Guadalajara,Castilla - La Mancha,37.5,75.9,30.35,46.49,1,447.46,1193.19,1,482.40000000000003,1264.5010716666666,12.75,38.15,3.6484245439469154,5.441002374371262
19,2023,525.0,6.734809581415341,84.0,12185.0,707.4927554166667,1401.2144633333335,1709.032425,1129.561769824941,20594.0,9.87,0.8643768521205406,1080.0,Guadalajara,Castilla - La Mancha,37.47,74.21,30.72,46.48,1,453.8,1211.18,1,500.0,1333.302605,11.17,37.5,5.000000000000004,5.093506761230193
19,2024,550.0,7.130633814929481,84.0,12637.0,744.9785091666666,1468.6518283333335,1759.5097750000002,1179.7938403238297,21731.0,10.88,0.8410456579083591,1134.0,Guadalajara,Castilla - La Mancha,37.45,73.83,31.26,46.62,1,462.58,1235.2,1,525.0,1401.2144633333335,9.87,37.47,4.761904761904767,4.812779682531532
21,2011,400.0,4.921766653381549,82.0,2955.0,404.1777916666667,816.5996879166665,996.5692341666667,698.7765505017891,11027.0,31.24,1.0717791932800231,641.4,Huelva,Andalucía,48.98,98.97,40.14,57.24,1,428.71,875.21,0,,,,,,
21,2012,387.30158730158723,4.768518518518518,83.0,3069.0,382.326125,782.2114079166666,965.9105654166666,674.9254510308538,10483.0,34.78,1.0461898360861621,641.4,Huelva,Andalucía,49.51,101.3,40.1,57.38,1,405.19,818.34,0,400.0,816.5996879166665,31.24,48.98,-3.1746031746031966,-4.211155172950443
21,2013,368.0634735202492,4.545454545454546,84.0,3178.0,347.9877916666667,748.1391966666666,956.7445716666666,642.583266816606,9944.0,34.83,1.031656722448744,645.3,Huelva,Andalucía,49.2,105.77,38.47,57.28,1,379.72,771.82,0,387.30158730158723,782.2114079166666,34.78,49.51,-4.967217902558585,-4.355882681479628
21,2014,354.51388888888886,4.444444444444445,84.0,3550.0,328.86758333333336,724.2443991666665,938.4757979166667,615.1150725495083,9566.0,31.95,1.0332160647146191,645.3,Huelva,Andalucía,48.95,107.8,37.78,57.63,1,366.29,748.3,0,368.0634735202492,748.1391966666666,34.83,49.2,-3.6813173830504864,-3.1938972862888826
21,2015,350.0,4.417816509319777,84.0,3991.0,339.0910416666666,730.1232779166667,956.1124341666667,618.7380259428612,9659.0,29.76,1.0384115222946557,648.6,Huelva,Andalucía,47.94,103.22,36.61,56.57,1,363.44,758.17,0,354.51388888888886,724.2443991666665,31.95,48.95,-1.273261508325163,0.8117258147614992
21,2016,350.5223880597014,4.497334057244682,83.0,4427.0,352.51420833333333,735.2435916666667,980.8290104166666,623.4496730053864,9740.0,29.04,1.0405208860397714,655.2,Huelva,Andalucía,47.67,99.43,35.74,56.22,1,364.73,765.04,0,350.0,730.1232779166667,29.76,47.94,0.14925373134326847,0.7012944121724596
21,2017,354.8611111111111,4.545454545454546,83.0,5009.0,371.4783333333333,763.1840691666666,1011.9933891666666,642.301092985095,10182.0,24.03,1.0205611862446453,707.7,Huelva,Andalucía,46.5,95.53,35.07,55.25,1,362.16,778.88,0,350.5223880597014,735.2435916666667,29.04,47.67,1.2377877131975579,3.8001660696781903
21,2018,371.94293478260875,4.705882352941177,82.0,5357.0,399.3392083333333,804.6522891666667,1050.9962729166666,676.71721827495,10838.0,22.92,1.0037444693258832,735.9,Huelva,Andalucía,46.22,93.14,35.39,54.96,1,373.34,807.67,0,354.8611111111111,763.1840691666666,24.03,46.5,4.813664596273304,5.433580400240778
21,2019,400.0,5.032149001009306,83.0,6026.0,437.579625,854.5911516666666,1102.6988450000001,718.0221356703466,11628.0,21.94,0.9967743538313801,900.0,Huelva,Andalucía,46.81,91.41,36.27,55.71,1,398.71,851.83,0,371.94293478260875,804.6522891666667,22.92,46.22,7.54337899543378,6.206266131637905
21,2020,400.0,5.167958656330749,83.0,6420.0,441.40366666666665,848.1433491666667,1100.8008716666666,717.1752788611616,11526.0,20.6,1.0,950.0,Huelva,Andalucía,47.16,90.62,36.34,55.77,1,400.0,848.14,0,400.0,854.5911516666666,21.94,46.81,0.0,-0.7544897331811962
21,2021,410.0,5.333333333333333,82.0,6808.0,472.0740416666667,909.9031829166667,1142.200415,761.4084941352021,12503.0,20.38,0.9699974935414286,950.0,Huelva,Andalucía,45.06,86.85,35.9,53.85,1,397.7,882.6,1,400.0,848.1433491666667,20.6,47.16,2.499999999999991,7.281768324974935
21,2022,433.3333333333333,5.565763219155305,82.0,7168.0,511.17291666666665,964.5198629166666,1197.8347583333332,804.6007536544884,13367.0,17.5,0.8949107299739896,1000.0,Huelva,Andalucía,44.93,84.77,36.18,53.86,1,387.79,863.16,1,410.0,909.9031829166667,20.38,45.06,5.691056910569103,6.00247158438636
21,2023,450.0,5.882352941176471,82.0,7709.0,560.49525,1020.7801004166668,1252.2828683333335,857.5798610010957,14257.0,18.33,0.8643768521205406,1080.0,Huelva,Andalucía,44.08,80.29,35.93,52.47,1,388.97,882.34,1,433.3333333333333,964.5198629166666,17.5,44.93,3.8461538461538547,5.832978631447938
21,2024,475.0,6.174603174603175,81.0,8165.0,597.8772083333333,1085.5109804166666,1305.4854333333333,906.3207842086578,15281.0,15.13,0.8410456579083591,1134.0,Huelva,Andalucía,43.76,79.45,36.38,52.41,1,399.5,912.96,1,450.0,1020.7801004166668,18.33,44.08,5.555555555555558,6.341314840833756
22,2011,369.16499999999996,4.617478948218188,81.0,6462.0,594.443375,1099.0808333333332,1279.7441700000002,953.3332069308722,15500.0,13.35,1.0717791932800231,641.4,Huesca,Aragón,33.59,62.1,28.85,38.72,1,395.66,1177.97,0,,,,,,
22,2012,355.0,4.429920116194626,82.0,6620.0,545.3551666666666,1054.4098154166666,1244.4537283333332,914.2250859973341,14789.0,14.59,1.0461898360861621,641.4,Huesca,Aragón,33.67,65.1,28.53,38.83,1,371.4,1103.11,0,369.16499999999996,1099.0808333333332,13.35,33.59,-3.837037638996099,-4.064397864275982
22,2013,350.0,4.2924528301886795,81.0,6736.0,508.12929166666663,1025.9004141666667,1229.5665,883.1008332670112,14338.0,17.16,1.031656722448744,645.3,Huesca,Aragón,34.12,68.88,28.47,39.63,1,361.08,1058.38,0,355.0,1054.4098154166666,14.59,33.67,-1.4084507042253502,-2.7038254797290495
22,2014,343.07500000000005,4.253246753246754,81.0,7064.0,486.35566666666665,1016.2287104166667,1226.6009166666665,862.2883135264683,14185.0,17.2,1.0332160647146191,645.3,Huesca,Aragón,33.76,70.54,27.97,39.79,1,354.47,1049.98,0,350.0,1025.9004141666667,17.16,34.12,-1.9785714285714184,-0.9427526898754812
22,2015,340.0,4.237288135593221,81.0,7653.0,490.33579166666664,1025.7739866666668,1245.9958316666668,859.4944143443703,14336.0,14.47,1.0384115222946557,648.6,Huesca,Aragón,33.15,69.34,27.29,39.56,1,353.06,1065.18,0,343.07500000000005,1016.2287104166667,17.2,33.76,-0.8963054725643183,0.9392842528613832
22,2016,350.0,4.3023255813953485,81.0,8076.0,519.7575,1048.5309366666668,1259.81545,874.1165435368313,14696.0,12.54,1.0405208860397714,655.2,Huesca,Aragón,33.38,67.34,27.78,40.04,1,364.18,1091.02,0,340.0,1025.7739866666668,14.47,33.15,2.941176470588225,2.2185150233679174
22,2017,350.0,4.35823754789272,81.0,8622.0,543.7943333333334,1080.3274529166667,1287.0988166666668,892.5316707041653,15199.0,9.05,1.0205611862446453,707.7,Huesca,Aragón,32.4,64.36,27.19,39.21,1,357.2,1102.54,0,350.0,1048.5309366666668,12.54,33.38,0.0,3.0324824130685935
22,2018,350.0,4.4943820224719095,81.0,9291.0,577.9765833333333,1122.6868766666666,1328.6169833333333,927.3252482697545,15898.0,9.51,1.0037444693258832,735.9,Huesca,Aragón,31.18,60.56,26.34,37.74,1,351.31,1126.89,0,350.0,1080.3274529166667,9.05,32.4,0.0,3.9209800357880464
22,2019,378.0,4.852457430340557,81.0,10006.0,614.2659583333333,1172.9831700000002,1367.3475016666664,963.2351105221376,16746.0,9.02,0.9967743538313801,900.0,Huesca,Aragón,32.23,61.54,27.64,39.24,1,376.78,1169.2,0,350.0,1122.6868766666666,9.51,31.18,8.000000000000007,4.479992986349557
22,2020,399.99499999999995,5.0,81.0,10545.0,644.6582879166667,1192.3187733333334,1368.948916666667,998.2212510994008,17072.0,10.76,1.0,950.0,Huesca,Aragón,33.55,62.05,29.22,40.07,1,399.99,1192.32,0,378.0,1172.9831700000002,9.02,32.23,5.818783068783051,1.6484126821131762
22,2021,400.0,5.181544011544012,81.0,11017.0,668.4898716666667,1252.9352966666665,1429.8026866666667,1034.0865932347986,18094.0,7.62,0.9699974935414286,950.0,Huesca,Aragón,31.93,59.84,27.98,38.68,1,388.0,1215.34,1,399.99499999999995,1192.3187733333334,10.76,33.55,0.001250015625209322,5.083919224375633
22,2022,420.0,5.409836065573771,81.0,11392.0,684.9254466666667,1293.6824116666667,1488.1653666666668,1058.338118023092,18781.0,9.42,0.8949107299739896,1000.0,Huesca,Aragón,32.47,61.32,28.22,39.68,1,375.86,1157.73,1,400.0,1252.9352966666665,7.62,31.93,5.000000000000004,3.2521324212355207
22,2023,441.80125786163524,5.641684519892229,80.0,11914.0,708.9466716666666,1363.8481133333332,1553.5861350000002,1104.3252575544195,19964.0,8.45,0.8643768521205406,1080.0,Huesca,Aragón,32.39,62.32,28.44,40.01,1,381.88,1178.88,1,420.0,1293.6824116666667,9.42,32.47,5.190775681341719,5.423719224587065
22,2024,452.5,5.911559581918507,80.0,12336.0,743.0188829166667,1423.9308316666666,1608.9517916666666,1149.2847017271913,20977.0,9.13,0.8410456579083591,1134.0,Huesca,Aragón,31.78,60.9,28.12,39.37,1,380.57,1197.59,1,441.80125786163524,1363.8481133333332,8.45,32.39,2.4216187591107774,4.405381929699437
23,2011,350.0,3.774792139077853,96.0,5578.0,450.6125833333333,871.5956504166666,1022.1075891666666,732.9941199580012,11897.0,28.07,1.0717791932800231,641.4,Jaén,Andalucía,40.16,77.67,34.24,47.75,1,375.12,934.16,0,,,,,,
23,2012,340.4,3.714285714285714,96.0,5742.0,395.7492916666667,812.3011529166666,973.3065741666668,684.8368392145832,10959.0,35.81,1.0461898360861621,641.4,Jaén,Andalucía,41.91,86.01,34.97,49.71,1,356.12,849.82,0,350.0,871.5956504166666,28.07,40.16,-2.742857142857147,-6.802982262664359
23,2013,329.25,3.591491382444391,96.0,5800.0,327.30675,765.0804816666667,940.1193554166666,629.01712846226,10212.0,39.36,1.031656722448744,645.3,Jaén,Andalucía,43.03,100.59,35.02,52.34,1,339.67,789.3,0,340.4,812.3011529166666,35.81,41.91,-3.2755581668625133,-5.813197615249999
23,2014,325.8333333333333,3.557421660699069,97.0,6221.0,340.49579166666666,761.5405116666666,957.5031366666667,629.3627242454863,10156.0,33.28,1.0332160647146191,645.3,Jaén,Andalucía,42.79,95.69,34.03,51.77,1,336.66,786.84,0,329.25,765.0804816666667,39.36,43.03,-1.037711971652755,-0.46269249900201537
23,2015,320.0,3.5398230088495577,96.0,6905.0,337.374125,762.8680004166667,975.2662004166667,628.6089300838289,10177.0,34.06,1.0384115222946557,648.6,Jaén,Andalucía,41.95,94.85,32.81,50.91,1,332.29,792.17,0,325.8333333333333,761.5405116666666,33.28,42.79,-1.7902813299232712,0.17431623527091045
23,2016,325.0,3.602687483284498,96.0,7358.0,355.55783333333335,773.6143379166666,1004.1548841666666,639.2765520009253,10347.0,32.09,1.0405208860397714,655.2,Jaén,Andalucía,42.01,91.41,32.37,50.84,1,338.17,804.96,0,320.0,762.8680004166667,34.06,41.95,1.5625,1.4086758776263197
23,2017,330.0,3.658536585365854,96.0,7958.0,394.50062499999996,803.4512279166667,1034.4974841666667,669.2498622660404,10819.0,26.76,1.0205611862446453,707.7,Jaén,Andalucía,41.07,83.65,31.9,49.31,1,336.79,819.97,0,325.0,773.6143379166666,32.09,42.01,1.538461538461533,3.856817090586806
23,2018,338.59280845173504,3.712871287128713,96.0,8510.0,420.33241666666663,836.5752329166667,1080.3274529166667,699.872634434824,11343.0,23.01,1.0037444693258832,735.9,Jaén,Andalucía,40.47,80.55,31.34,48.38,1,339.86,839.71,0,330.0,803.4512279166667,26.76,41.07,2.603881349010617,4.122715088243734
23,2019,350.0,3.947368421052632,96.0,9124.0,450.53454166666666,891.9504779166665,1123.1020583333332,746.5423329672984,12219.0,22.29,0.9967743538313801,900.0,Jaén,Andalucía,39.24,77.69,31.16,46.88,1,348.87,889.07,0,338.59280845173504,836.5752329166667,23.01,40.47,3.3689999502428902,6.6192785563275125
23,2020,350.7857981220658,3.985528491071081,96.0,9582.0,423.6882083333333,862.6192979166667,1103.1733383333333,725.6411776626534,11755.0,23.99,1.0,950.0,Jaén,Andalucía,40.67,82.79,31.8,48.34,1,350.79,862.62,0,350.0,891.9504779166665,22.29,39.24,0.2245137491616589,-3.288431446161544
23,2021,360.0,4.074796326754385,96.0,9969.0,479.1758333333333,955.9860066666666,1161.8918883333333,802.8025759206644,13232.0,22.09,0.9699974935414286,950.0,Jaén,Andalucía,37.66,75.13,30.98,44.84,1,349.2,927.3,1,350.7857981220658,862.6192979166667,23.99,40.67,2.6267317340845864,10.823628566563738
23,2022,375.0,4.201680672268908,96.0,10499.0,523.03525,1014.2690841666666,1211.4764416666667,850.1646424404378,14154.0,18.97,0.8949107299739896,1000.0,Jaén,Andalucía,36.97,71.7,30.95,44.11,1,335.59,907.68,1,360.0,955.9860066666666,22.09,37.66,4.166666666666674,6.096645462753325
23,2023,390.0,4.326923076923077,96.0,11201.0,558.62225,1079.6953154166665,1269.5425633333334,904.6176572253685,15189.0,18.47,0.8643768521205406,1080.0,Jaén,Andalucía,36.12,69.81,30.72,43.11,1,337.11,933.26,1,375.0,1014.2690841666666,18.97,36.97,4.0000000000000036,6.450579266522238
23,2024,400.0,4.516666666666667,95.0,11829.0,591.0095416666667,1136.862365,1319.6609216666666,947.1274923057763,16137.0,19.34,0.8410456579083591,1134.0,Jaén,Andalucía,35.18,67.68,30.31,42.23,1,336.42,956.15,1,390.0,1079.6953154166665,18.47,36.12,2.564102564102555,5.294739058979059
24,2011,350.0,3.983739837398374,89.0,11824.0,598.4235,1095.8780033333333,1322.9823749999998,962.0341082596182,15446.0,17.2,1.0717791932800231,641.4,León,Castilla y León,31.94,58.49,26.46,36.38,1,375.12,1174.54,0,,,,,,
24,2012,350.0,4.033333333333333,89.0,12080.0,546.4477499999999,1044.0427604166666,1276.3040933333332,922.4997265426883,14625.0,21.5,1.0461898360861621,641.4,León,Castilla y León,33.52,64.05,27.42,37.94,1,366.17,1092.27,0,350.0,1095.8780033333333,17.2,31.94,0.0,-4.730019469229174
24,2013,340.0,3.9619345780206436,89.0,12449.0,499.4666666666667,1005.6720141666666,1251.2152583333334,890.7139813301476,14018.0,23.89,1.031656722448744,645.3,León,Castilla y León,33.81,68.07,27.17,38.17,1,350.76,1037.51,0,350.0,1044.0427604166666,21.5,33.52,-2.857142857142858,-3.6752083060933916
24,2014,338.7405303030303,3.9603960396039604,89.0,13076.0,451.7051666666666,991.3857066666666,1252.34218,865.8738427088549,13792.0,24.33,1.0332160647146191,645.3,León,Castilla y León,34.17,74.99,27.05,39.12,1,349.99,1024.32,0,340.0,1005.6720141666666,23.89,33.81,-0.3704322638146129,-1.420573238466627
24,2015,339.1666666666667,4.0,89.0,13969.0,449.754125,992.8396229166666,1263.196215,860.2021572121209,13815.0,21.25,1.0384115222946557,648.6,León,Castilla y León,34.16,75.41,26.85,39.43,1,352.19,1030.98,0,338.7405303030303,991.3857066666666,24.33,34.17,0.12580022923598388,0.1466549537907369
24,2016,350.0,4.069767441860465,89.0,14766.0,461.14820833333334,1001.4366929166666,1268.1190833333333,862.2132176679974,13951.0,19.22,1.0405208860397714,655.2,León,Castilla y León,34.95,75.9,27.6,40.59,1,364.18,1042.02,0,339.1666666666667,992.8396229166666,21.25,34.16,3.1941031941031817,0.8659072222303443
24,2017,350.0,4.137931034482759,89.0,15570.0,482.2194583333333,1023.7511466666666,1290.5388933333334,877.6893855995775,14304.0,16.4,1.0205611862446453,707.7,León,Castilla y León,34.19,72.58,27.12,39.88,1,357.2,1044.8,0,350.0,1001.4366929166666,19.22,34.95,0.0,2.228244072524399
24,2018,350.0,4.202587221095335,89.0,16311.0,503.6809166666667,1064.3975879166667,1331.4639433333332,904.9476572716748,14947.0,11.77,1.0037444693258832,735.9,León,Castilla y León,32.88,69.49,26.29,38.68,1,351.31,1068.38,0,350.0,1023.7511466666666,16.4,34.19,0.0,3.970343904604645
24,2019,364.82863849765255,4.430379746835443,89.0,17483.0,531.3076666666667,1109.99418,1367.99993,937.599840026508,15684.0,12.69,0.9967743538313801,900.0,León,Castilla y León,32.87,68.67,26.67,38.91,1,363.65,1106.41,0,350.0,1064.3975879166667,11.77,32.88,4.236753856472153,4.283793255542689
24,2020,375.0,4.545454545454546,89.0,18117.0,545.4332083333334,1101.80917,1363.4922433333334,944.6369739275631,15546.0,14.46,1.0,950.0,León,Castilla y León,34.03,68.75,27.5,39.7,1,375.0,1101.81,0,364.82863849765255,1109.99418,12.69,32.87,2.787983296550589,-0.7373921546147133
24,2021,386.0,4.639175257731959,89.0,18617.0,573.4501666666666,1178.6177783333333,1422.6852866666668,989.3881171377992,16841.0,13.62,0.9699974935414286,950.0,León,Castilla y León,32.75,67.31,27.13,39.01,1,374.42,1143.26,1,375.0,1101.80917,14.46,34.03,2.9333333333333433,6.971135331296363
24,2022,400.0,4.8,89.0,18972.0,625.2698333333334,1245.5806499999999,1488.817795,1038.741149750383,17970.0,10.63,0.8949107299739896,1000.0,León,Castilla y León,32.11,63.97,26.87,38.51,1,357.96,1114.68,1,386.0,1178.6177783333333,13.62,32.75,3.626943005181338,5.681474766260353
24,2023,403.9325,5.0,89.0,19810.0,659.1974504166666,1312.7807683333333,1560.2883533333334,1084.8336328913401,19103.0,10.13,0.8643768521205406,1080.0,León,Castilla y León,30.77,61.28,25.89,37.23,1,349.15,1134.74,1,400.0,1245.5806499999999,10.63,32.11,0.9831249999999958,5.395083677105417
24,2024,428.7539936102237,5.211267605633803,89.0,20629.0,701.8667316666666,1384.4292616666664,1623.3192625,1138.4366042725255,20311.0,9.61,0.8410456579083591,1134.0,León,Castilla y León,30.97,61.09,26.41,37.66,1,360.6,1164.37,1,403.9325,1312.7807683333333,10.13,30.77,6.14496075711255,5.4577653071727905
25,2011,377.4034706475182,4.566290863539015,85.0,11456.0,564.7875416666667,1106.3168566666666,1300.4439416666667,941.330959675655,15622.0,13.78,1.0717791932800231,641.4,Lleida,Cataluña,34.11,66.82,29.02,40.09,1,404.49,1185.73,0,,,,,,
25,2012,360.13308943089424,4.416440677966102,86.0,11887.0,526.0008333333334,1069.3282604166668,1265.7466166666666,909.1209737116412,15025.0,17.83,1.0461898360861621,641.4,Lleida,Cataluña,33.68,68.47,28.45,39.61,1,376.77,1118.72,0,377.4034706475182,1106.3168566666666,13.78,34.11,-4.57610556336242,-3.3433998611795968
25,2013,350.0,4.228826227062839,86.0,12507.0,481.51708333333335,1037.2788891666667,1246.3517016666667,871.5080467445372,14518.0,16.47,1.031656722448744,645.3,Lleida,Cataluña,33.74,72.69,28.08,40.16,1,361.08,1070.12,0,360.13308943089424,1069.3282604166668,17.83,33.68,-2.8137068567920864,-2.9971499338764307
25,2014,350.0,4.188341493268053,86.0,13341.0,467.2354583333333,1017.7458404166667,1239.9460416666668,845.5338898721725,14209.0,15.04,1.0332160647146191,645.3,Lleida,Cataluña,34.39,74.91,28.23,41.39,1,361.63,1051.55,0,350.0,1037.2788891666667,16.47,33.74,0.0,-1.8831048191574107
25,2015,350.0,4.166666666666667,86.0,14449.0,477.69304166666666,1043.2841954166668,1276.4227166666667,856.6341891412596,14613.0,15.04,1.0384115222946557,648.6,Lleida,Cataluña,33.55,73.27,27.42,40.86,1,363.44,1083.36,0,350.0,1017.7458404166667,15.04,34.39,0.0,2.5093057604189895
25,2016,350.0,4.230769230769231,86.0,15580.0,500.4812083333333,1056.8751516666669,1295.6990083333333,864.0024748741625,14828.0,11.63,1.0405208860397714,655.2,Lleida,Cataluña,33.12,69.93,27.01,40.51,1,364.18,1099.7,0,350.0,1043.2841954166668,15.04,33.55,0.0,1.3027089176379292
25,2017,350.0,4.309833430742256,86.0,16917.0,539.658125,1091.9587829166667,1331.0487616666667,889.9808603269712,15383.0,11.67,1.0205611862446453,707.7,Lleida,Cataluña,32.05,64.86,26.3,39.33,1,357.2,1114.41,0,350.0,1056.8751516666669,11.63,33.12,0.0,3.3195625041116505
25,2018,350.48010973936897,4.411764705882352,86.0,18041.0,574.776875,1149.5550616666667,1372.2110583333333,932.4351068125385,16351.0,10.55,1.0037444693258832,735.9,Lleida,Cataluña,30.49,60.98,25.54,37.59,1,351.79,1153.86,0,350.0,1091.9587829166667,11.67,32.05,0.137174211248281,5.274583587867476
25,2019,375.625,4.673468838838691,85.0,19421.0,621.2116666666667,1207.85843,1424.049455,977.9278637926817,17334.0,9.68,0.9967743538313801,900.0,Lleida,Cataluña,31.1,60.47,26.38,38.41,1,374.41,1203.96,0,350.48010973936897,1149.5550616666667,10.55,30.49,7.17441291585128,5.071820417962658
25,2020,390.0,4.81651376146789,85.0,20155.0,627.3769583333334,1200.74103,1422.5073516666664,980.8804221676518,17214.0,9.36,1.0,950.0,Lleida,Cataluña,32.48,62.16,27.42,39.76,1,390.0,1200.74,0,375.625,1207.85843,9.68,31.1,3.8269550748752046,-0.5892577990286529
25,2021,400.0,5.0,85.0,20979.0,665.1395429166666,1281.4642083333333,1489.7667816666665,1034.7095087273901,18575.0,11.22,0.9699974935414286,950.0,Lleida,Cataluña,31.21,60.14,26.85,38.66,1,388.0,1243.02,1,390.0,1200.74103,9.36,32.48,2.564102564102555,6.722780043031706
25,2022,408.75,5.208333333333333,85.0,21878.0,701.1081666666665,1350.6809233333336,1550.383305,1081.7680315655643,19742.0,10.0,0.8949107299739896,1000.0,Lleida,Cataluña,30.26,58.3,26.36,37.79,1,365.79,1208.74,1,400.0,1281.4642083333333,11.22,31.21,2.187500000000009,5.401377155123455
25,2023,432.5,5.454545454545454,85.0,22903.0,733.4103929166668,1413.9664716666666,1607.9684666666665,1124.573383608552,20809.0,7.59,0.8643768521205406,1080.0,Lleida,Cataluña,30.59,58.97,26.9,38.46,1,373.84,1222.2,1,408.75,1350.6809233333336,10.0,30.26,5.810397553516822,4.685455109349679
25,2024,450.0,5.729166666666667,85.0,23774.0,779.6196441666667,1481.5817716666668,1673.1410625,1180.4492360496529,21949.0,6.63,0.8410456579083591,1134.0,Lleida,Cataluña,30.37,57.72,26.9,38.12,1,378.47,1246.08,1,432.5,1413.9664716666666,7.59,30.59,4.046242774566466,4.781959215786835
26,2011,400.0,4.901960784313725,87.0,7749.0,595.3018333333333,1127.609745,1363.01775,983.2784162620313,15981.0,17.21,1.0717791932800231,641.4,"Rioja, La","Rioja, La",35.47,67.19,29.35,40.68,1,428.71,1208.55,0,,,,,,
26,2012,391.6666666666667,4.724409448818897,87.0,7957.0,551.364375,1081.5285141666666,1323.694115,942.820685957158,15218.0,20.57,1.0461898360861621,641.4,"Rioja, La","Rioja, La",36.21,71.04,29.59,41.54,1,409.76,1131.48,0,400.0,1127.609745,17.21,35.47,-2.083333333333326,-4.086629353609695
26,2013,366.6666666666667,4.43298969072165,88.0,8092.0,501.1055416666666,1054.8523116666668,1321.6775183333332,910.1965080369986,14796.0,20.04,1.031656722448744,645.3,"Rioja, La","Rioja, La",34.76,73.17,27.74,40.28,1,378.27,1088.25,0,391.6666666666667,1081.5285141666666,20.57,36.21,-6.382978723404253,-2.4665278955270264
26,2014,350.0,4.315476190476191,87.0,8752.0,490.88208333333336,1046.1920279166668,1327.964555,894.2028484160782,14659.0,18.16,1.0332160647146191,645.3,"Rioja, La","Rioja, La",33.45,71.3,26.36,39.14,1,361.63,1080.94,0,366.6666666666667,1054.8523116666668,20.04,34.76,-4.545454545454552,-0.8209949065112965
26,2015,350.0,4.313725490196078,88.0,9421.0,494.5500416666667,1067.3686341666667,1346.4104833333333,898.2846321317941,14994.0,15.38,1.0384115222946557,648.6,"Rioja, La","Rioja, La",32.79,70.77,26.0,38.96,1,363.44,1108.37,0,350.0,1046.1920279166668,18.16,33.45,0.0,2.0241605446152944
26,2016,358.8235294117647,4.385964912280701,88.0,10209.0,509.8462083333333,1080.6435216666666,1374.9987066666665,905.2635853810492,15204.0,13.54,1.0405208860397714,655.2,"Rioja, La","Rioja, La",33.2,70.38,26.1,39.64,1,373.36,1124.43,0,350.0,1067.3686341666667,15.38,32.79,2.5210084033613356,1.243702229489263
26,2017,367.68354166666666,4.455445544554455,87.0,10934.0,537.8631666666666,1102.6395333333332,1399.7316716666667,920.7910632720744,15560.0,11.99,1.0205611862446453,707.7,"Rioja, La","Rioja, La",33.35,68.36,26.27,39.93,1,375.24,1125.31,0,358.8235294117647,1080.6435216666666,13.54,33.2,2.469183743169401,2.0354549141924583
26,2018,375.0,4.545454545454546,87.0,11656.0,566.11425,1142.2597266666667,1438.5215016666668,947.3014782333993,16228.0,10.4,1.0037444693258832,735.9,"Rioja, La","Rioja, La",32.83,66.24,26.07,39.59,1,376.4,1146.54,0,367.68354166666666,1102.6395333333332,11.99,33.35,1.9898792043202995,3.593213569402831
26,2019,400.0,4.861111111111112,87.0,12675.0,554.7201666666666,1127.1352516666666,1428.7350766666666,922.1728586493044,15973.0,9.96,0.9967743538313801,900.0,"Rioja, La","Rioja, La",35.49,72.11,28.0,43.38,1,398.71,1123.5,0,375.0,1142.2597266666667,10.4,32.83,6.666666666666665,-1.3240837129166905
26,2020,403.3057851239669,5.0,87.0,13633.0,547.9305416666667,1104.5375066666666,1400.5027233333333,914.4093849587458,15592.0,10.8,1.0,950.0,"Rioja, La","Rioja, La",36.51,73.61,28.8,44.11,1,403.31,1104.54,0,400.0,1127.1352516666666,9.96,35.49,0.8264462809917328,-2.0048831732114913
26,2021,422.97096491228075,5.157072368421052,87.0,14173.0,590.697375,1171.6190016666667,1463.37309,960.5304406585269,16723.0,11.61,0.9699974935414286,950.0,"Rioja, La","Rioja, La",36.1,71.61,28.9,44.04,1,410.28,1136.47,1,403.3057851239669,1104.5375066666666,10.8,36.51,4.875997447512237,6.07326547039968
26,2022,450.0,5.384615384615384,87.0,14769.0,629.0158333333333,1244.7502866666666,1513.1355783333336,1008.5238215673136,17956.0,9.55,0.8949107299739896,1000.0,"Rioja, La","Rioja, La",36.15,71.54,29.74,44.62,1,402.71,1113.94,1,422.97096491228075,1171.6190016666667,11.61,36.1,6.390281444809043,6.241899874956647
26,2023,452.97916666666663,5.633802816901408,86.0,15524.0,669.1852229166667,1316.1615333333332,1576.53975,1063.2532058200081,19160.0,9.38,0.8643768521205406,1080.0,"Rioja, La","Rioja, La",34.42,67.69,28.73,42.6,1,391.54,1137.66,1,450.0,1244.7502866666666,9.55,36.15,0.6620370370370221,5.736993791574019
26,2024,482.8245833333333,5.913978494623656,86.0,16048.0,694.3442954166667,1372.448305,1626.4877541666665,1101.8410018955487,20109.0,9.75,0.8410456579083591,1134.0,"Rioja, La","Rioja, La",35.18,69.54,29.69,43.82,1,406.08,1154.29,1,452.97916666666663,1316.1615333333332,9.38,34.42,6.588695212252227,4.2765853765771356
27,2011,300.0,3.217391304347826,100.0,6926.0,620.8214583333333,1050.1744941666666,1241.9626383333334,939.5063773871594,14722.0,11.91,1.0717791932800231,641.4,Lugo,Galicia,28.57,48.32,24.16,31.93,0,321.53,1125.56,0,,,,,,
27,2012,300.0,3.2125480368137525,100.0,7078.0,569.626125,1007.6316404166668,1204.4183533333332,901.2184258979132,14049.0,16.11,1.0461898360861621,641.4,Lugo,Galicia,29.77,52.67,24.91,33.29,0,313.86,1054.17,0,300.0,1050.1744941666666,11.91,28.57,0.0,-4.051027137519503
27,2013,300.0,3.1531531531531534,99.0,7127.0,520.3037916666666,983.5472016666666,1201.5713933333334,876.4441570519181,13668.0,18.96,1.031656722448744,645.3,Lugo,Galicia,30.5,57.66,24.97,34.23,1,309.5,1014.68,0,300.0,1007.6316404166668,16.11,29.77,0.0,-2.3902027074140797
27,2014,300.0,3.125,99.0,7436.0,483.0779166666667,966.8587716666666,1212.48474,851.2718493612607,13404.0,18.95,1.0332160647146191,645.3,Lugo,Galicia,31.03,62.1,24.74,35.24,1,309.96,998.97,0,300.0,983.5472016666666,18.96,30.5,0.0,-1.6967594409013298
27,2015,300.0,3.125,99.0,7981.0,480.19037499999996,971.7262304166667,1224.8215666666667,849.3472284637621,13481.0,15.96,1.0384115222946557,648.6,Lugo,Galicia,30.87,62.48,24.49,35.32,1,311.52,1009.05,0,300.0,966.8587716666666,18.95,31.03,0.0,0.5034301691869247
27,2016,300.0,3.214285714285714,99.0,8399.0,495.33045833333335,977.7947504166667,1237.5142633333335,852.8951283857521,13577.0,14.79,1.0405208860397714,655.2,Lugo,Galicia,30.68,60.57,24.24,35.17,1,312.16,1017.42,0,300.0,971.7262304166667,15.96,30.87,0.0,0.6245092300737776
27,2017,300.0,3.2803847640753125,98.0,8884.0,520.5379166666667,994.4831804166666,1259.6375150000001,867.6723145904933,13841.0,12.66,1.0205611862446453,707.7,Lugo,Galicia,30.17,57.63,23.82,34.58,1,306.17,1014.93,0,300.0,977.7947504166667,14.79,30.68,0.0,1.7067416237291688
27,2018,300.0,3.3143939393939394,98.0,9506.0,540.9067916666667,1037.8478129166667,1294.7500216666667,901.7103676652811,14527.0,9.19,1.0037444693258832,735.9,Lugo,Galicia,28.91,55.46,23.17,33.27,0,301.12,1041.73,0,300.0,994.4831804166666,12.66,30.17,0.0,4.360519449090261
27,2019,305.0,3.553163265306123,98.0,10277.0,566.5825,1096.5304316666668,1339.2930833333332,945.5244193461672,15457.0,8.86,0.9967743538313801,900.0,Lugo,Galicia,27.82,53.83,22.77,32.26,0,304.02,1092.99,0,300.0,1037.8478129166667,9.19,28.91,1.6666666666666607,5.6542604820917
27,2020,319.99666666666667,3.6144578313253013,98.0,10715.0,570.9528333333334,1086.6488279166667,1338.3440966666667,951.319309140786,15299.0,8.79,1.0,950.0,Lugo,Galicia,29.45,56.05,23.91,33.64,0,320.0,1086.65,0,305.0,1096.5304316666668,8.86,27.82,4.916939890710381,-0.9011700418547042
27,2021,325.1841156613444,3.720430107526882,98.0,11116.0,598.8137083333334,1158.0366299999998,1396.291595,997.9339617837112,16494.0,8.87,0.9699974935414286,950.0,Lugo,Galicia,28.08,54.3,23.29,32.59,0,315.43,1123.29,1,319.99666666666667,1086.6488279166667,8.79,29.45,1.6210946972398776,6.569537485279264
27,2022,342.20500000000004,3.8461538461538463,98.0,11547.0,645.5432804166667,1220.66975,1459.45852,1043.9824850356388,17550.0,9.12,0.8949107299739896,1000.0,Lugo,Galicia,28.03,53.01,23.45,32.78,0,306.24,1092.39,1,325.1841156613444,1158.0366299999998,8.87,28.08,5.23422993894993,5.408561212783081
27,2023,350.0,4.017857142857143,97.0,12263.0,691.6261041666667,1284.9635966666667,1534.9029600000001,1095.578505127221,18634.0,8.22,0.8643768521205406,1080.0,Lugo,Galicia,27.24,50.61,22.8,31.95,0,302.53,1110.69,1,342.20500000000004,1220.66975,9.12,28.03,2.2778743735480056,5.267095925549614
27,2024,370.0,4.266891891891892,97.0,12949.0,711.7280766666667,1340.8944983333333,1571.0830766666668,1134.2242459294753,19577.0,7.09,0.8410456579083591,1134.0,Lugo,Galicia,27.59,51.99,23.55,32.62,0,311.19,1127.75,1,350.0,1284.9635966666667,8.22,27.24,5.714285714285716,4.352722661696973
28,2011,650.0,9.552405756452636,70.0,213713.0,632.2683929166667,1347.537405,1795.7289125,1172.0783312771666,19689.0,16.34,1.0717791932800231,641.4,Madrid,"Madrid, Comunidad de",48.24,102.8,36.2,55.46,1,696.66,1444.26,0,,,,,,
28,2012,622.9575163398692,9.257712133227598,70.0,231479.0,600.2184583333334,1307.0275366666667,1759.7282916666666,1141.7517224594005,19006.0,18.53,1.0461898360861621,641.4,Madrid,"Madrid, Comunidad de",47.66,103.79,35.4,54.56,1,651.73,1367.4,0,650.0,1347.537405,16.34,48.24,-4.16038210155858,-3.0062147576032094
28,2013,600.0,8.724489795918368,70.0,250335.0,547.618375,1279.1510533333333,1749.5672666666667,1111.71093282107,18536.0,19.76,1.031656722448744,645.3,Madrid,"Madrid, Comunidad de",46.91,109.57,34.29,53.97,1,618.99,1319.64,0,622.9575163398692,1307.0275366666667,18.53,47.66,-3.6852459016393335,-2.132815304291702
28,2014,575.0,8.492789176330655,70.0,274768.0,517.8064583333334,1259.6375150000001,1744.8691583333336,1081.4627857081086,18207.0,18.75,1.0332160647146191,645.3,Madrid,"Madrid, Comunidad de",45.65,111.05,32.95,53.17,1,594.1,1301.48,0,600.0,1279.1510533333333,19.76,46.91,-4.1666666666666625,-1.5255069588914427
28,2015,570.0,8.51063829787234,70.0,301845.0,510.62662500000005,1267.466655,1762.1866041666665,1071.9412654477314,18339.0,17.06,1.0384115222946557,648.6,Madrid,"Madrid, Comunidad de",44.97,111.63,32.35,53.17,1,591.89,1316.15,0,575.0,1259.6375150000001,18.75,45.65,-0.8695652173912993,0.6215391258809655
28,2016,587.495,8.691260897798465,70.0,329025.0,530.52725,1277.075145,1771.965225,1073.13657681603,18501.0,15.71,1.0405208860397714,655.2,Madrid,"Madrid, Comunidad de",46.0,110.74,33.15,54.75,1,611.3,1328.82,0,570.0,1267.466655,17.06,44.97,3.0692982456140383,0.7580862156882695
28,2017,600.0,8.904109589041097,70.0,357236.0,547.150125,1295.04658,1781.5253291666668,1079.2703087636114,18804.0,13.34,1.0205611862446453,707.7,Madrid,"Madrid, Comunidad de",46.33,109.66,33.68,55.59,1,612.34,1321.67,0,587.495,1277.075145,15.71,46.0,2.1285287534362096,1.4072339494164865
28,2018,612.5,9.285714285714286,70.0,381969.0,577.0400833333333,1345.1649383333333,1817.1435458333333,1114.199234103766,19649.0,12.22,1.0037444693258832,735.9,Madrid,"Madrid, Comunidad de",45.53,106.15,33.71,54.97,1,614.79,1350.2,0,600.0,1295.04658,13.34,46.33,2.083333333333326,3.870004300025509
28,2019,677.53125,10.158556127182253,70.0,398205.0,608.8810833333333,1401.629645,1860.3005875,1155.679993223116,20601.0,10.62,0.9967743538313801,900.0,Madrid,"Madrid, Comunidad de",48.34,111.27,36.42,58.63,1,675.35,1397.11,0,612.5,1345.1649383333333,12.22,45.53,10.617346938775519,4.197604699437574
28,2020,700.0,10.416666666666666,70.0,411059.0,624.1772500000001,1376.8373683333332,1831.8387916666668,1165.9951484171515,20183.0,12.5,1.0,950.0,Madrid,"Madrid, Comunidad de",50.84,112.15,38.21,60.03,1,700.0,1376.84,0,677.53125,1401.629645,10.62,48.34,3.316267699829334,-1.7688179438204443
28,2021,700.0,10.660046728971961,70.0,426542.0,639.8540429166667,1470.7277366666667,1905.7520541666665,1220.6706748166193,21766.0,11.69,0.9699974935414286,950.0,Madrid,"Madrid, Comunidad de",47.6,109.4,36.73,57.35,1,679.0,1426.6,1,700.0,1376.8373683333332,12.5,50.84,0.0,6.819278042038346
28,2022,737.5,11.089317002442002,70.0,440770.0,676.2651629166666,1572.9810499999996,2000.9160624999997,1284.2334806672925,23490.0,11.21,0.8949107299739896,1000.0,Madrid,"Madrid, Comunidad de",46.89,109.05,36.86,57.43,1,660.0,1407.68,1,700.0,1470.7277366666667,11.69,47.6,5.35714285714286,6.952565779787712
28,2023,759.27,11.543750000000001,70.0,460317.0,724.9397504166667,1648.5579375,2077.8885583333335,1343.137397232232,24855.0,9.96,0.8643768521205406,1080.0,Madrid,"Madrid, Comunidad de",46.06,104.74,36.54,56.53,1,656.3,1424.98,1,737.5,1572.9810499999996,11.21,46.89,2.9518644067796584,4.804691544122575
28,2024,800.0,12.121212121212123,70.0,474935.0,761.7933666666667,1713.1296125,2146.6120499999997,1392.2680978403605,26037.0,8.97,0.8410456579083591,1134.0,Madrid,"Madrid, Comunidad de",46.7,105.02,37.27,57.46,1,672.84,1440.82,1,759.27,1648.5579375,9.96,46.06,5.36436313827755,3.916858093439002
29,2011,470.0,6.060606060606061,83.0,23218.0,494.5500416666667,986.3286066666666,1222.6270350000002,850.0344450355576,13712.0,30.64,1.0717791932800231,641.4,Málaga,Andalucía,47.65,95.04,38.44,55.29,1,503.74,1057.13,0,,,,,,
29,2012,450.0,5.878923076923077,84.0,24807.0,459.50933333333336,938.2229429166665,1179.03296,812.6260169144654,12951.0,34.29,1.0461898360861621,641.4,Málaga,Andalucía,47.96,97.93,38.17,55.38,1,470.79,981.56,0,470.0,986.3286066666666,30.64,47.65,-4.255319148936165,-4.877245111299667
29,2013,446.33152173913044,5.6576935457910835,84.0,27365.0,417.7570416666667,894.9847379166667,1159.2228633333334,772.0655530343458,12267.0,35.73,1.031656722448744,645.3,Málaga,Andalucía,49.87,106.84,38.5,57.81,1,460.46,923.32,0,450.0,938.2229429166665,34.29,47.96,-0.8152173913043459,-4.60852138891259
29,2014,432.55585748792276,5.612244897959184,84.0,31115.0,390.75462500000003,873.1759941666666,1156.7317733333332,740.9235099922032,11922.0,32.63,1.0332160647146191,645.3,Málaga,Andalucía,49.54,110.7,37.39,58.38,1,446.92,902.18,0,446.33152173913044,894.9847379166667,35.73,49.87,-3.0864197530864113,-2.436772698578782
29,2015,430.9525,5.625,84.0,35078.0,400.587875,876.2734679166666,1178.0246616666666,739.8289814697486,11971.0,29.57,1.0384115222946557,648.6,Málaga,Andalucía,49.18,107.58,36.58,58.25,1,447.51,909.93,0,432.55585748792276,873.1759941666666,32.63,49.54,-0.3706706221097811,0.35473647588721846
29,2016,450.0,5.797101449275362,84.0,38926.0,413.698875,889.4851416666667,1200.5037833333333,748.0871009368382,12180.0,26.06,1.0405208860397714,655.2,Málaga,Andalucía,50.59,108.77,37.48,60.15,1,468.23,925.53,0,430.9525,876.2734679166666,29.57,49.18,4.419860657497066,1.50771126066509
29,2017,450.0,5.9943977591036415,84.0,42711.0,442.88645833333334,908.5756941666667,1220.9069966666666,762.9415772078196,12482.0,22.44,1.0205611862446453,707.7,Málaga,Andalucía,49.53,101.61,36.86,58.98,1,459.25,927.26,0,450.0,889.4851416666667,26.06,50.59,0.0,2.1462474869708537
29,2018,485.45303408146293,6.332297489457684,83.0,45479.0,471.52774999999997,949.6014179166667,1260.3492549999999,796.1068879830534,13131.0,19.19,1.0037444693258832,735.9,Málaga,Andalucía,51.12,102.95,38.52,60.98,1,487.27,953.16,0,450.0,908.5756941666667,22.44,49.53,7.878452018102866,4.515388647682039
29,2019,526.4423076923076,6.9767441860465125,83.0,48454.0,509.3779583333333,1005.2927316666666,1308.391705,839.498739398422,14012.0,17.64,0.9967743538313801,900.0,Málaga,Andalucía,52.37,103.35,40.24,62.71,1,524.74,1002.05,0,485.45303408146293,949.6014179166667,19.19,51.12,8.443509615384626,5.864704148418509
29,2020,550.0,7.166666666666667,83.0,50557.0,484.95091666666667,938.1597291666667,1251.63044,802.411471682245,12950.0,20.34,1.0,950.0,Málaga,Andalucía,58.63,113.41,43.94,68.54,1,550.0,938.16,0,526.4423076923076,1005.2927316666666,17.64,52.37,4.474885844748866,-6.677955622806564
29,2021,554.1666666666666,7.464959954233408,83.0,53834.0,521.7865833333334,1038.8592329166668,1334.9633316666668,869.8929135617566,14543.0,20.43,0.9699974935414286,950.0,Málaga,Andalucía,53.34,106.21,41.51,63.71,1,537.54,1007.69,1,550.0,938.1597291666667,20.34,58.63,0.7575757575757569,10.733726957076684
29,2022,600.0,7.906976744186046,83.0,56824.0,583.4395000000001,1137.75204,1428.2012716666668,940.4480804147903,16152.0,18.44,0.8949107299739896,1000.0,Málaga,Andalucía,52.74,102.84,42.01,63.8,1,536.95,1018.19,1,554.1666666666666,1038.8592329166668,20.43,53.34,8.270676691729339,9.519365468378727
29,2023,630.0,8.419307369779068,83.0,60685.0,641.3079591666666,1218.0007249999999,1507.50097,1006.4170692780889,17505.0,16.82,0.8643768521205406,1080.0,Málaga,Andalucía,51.72,98.24,41.79,62.6,1,544.56,1052.81,1,600.0,1137.75204,18.44,52.74,5.000000000000004,7.053266632683841
29,2024,676.6666666666666,9.037037037037036,83.0,63272.0,669.6277191666667,1278.5579366666666,1563.2539366666667,1046.9342530672202,18526.0,13.56,0.8410456579083591,1134.0,Málaga,Andalucía,52.92,101.05,43.29,64.63,1,569.11,1075.33,1,630.0,1218.0007249999999,16.82,51.72,7.407407407407396,4.971853499238832
30,2011,366.6666666666667,4.193896826385306,94.0,17363.0,534.3512916666667,981.5243616666667,1210.1122733333334,860.8619090349358,13636.0,24.98,1.0717791932800231,641.4,Murcia,"Murcia, Región de",37.36,68.62,30.3,42.59,1,392.99,1051.98,0,,,,,,
30,2012,350.0,4.076208016425408,95.0,18149.0,483.5461666666667,935.1254691666667,1170.49208,818.5813339742683,12902.0,27.62,1.0461898360861621,641.4,Murcia,"Murcia, Región de",37.43,72.38,29.9,42.76,1,366.17,978.32,0,366.6666666666667,981.5243616666667,24.98,37.36,-4.545454545454552,-4.727227801173761
30,2013,345.8333333333333,3.8961038961038965,95.0,19852.0,435.1603333333333,910.9778166666666,1163.37468,788.1621519039413,12520.0,28.98,1.031656722448744,645.3,Murcia,"Murcia, Región de",37.96,79.47,29.73,43.88,1,356.78,939.82,0,350.0,935.1254691666667,27.62,37.43,-1.1904761904761973,-2.582290109317542
30,2014,330.0,3.8095238095238098,95.0,22298.0,408.93833333333333,897.0707916666667,1153.588255,766.5440539101862,12300.0,26.59,1.0332160647146191,645.3,Murcia,"Murcia, Región de",36.79,80.7,28.61,43.05,1,340.96,926.87,0,345.8333333333333,910.9778166666666,28.98,37.96,-4.578313253012045,-1.526604133005871
30,2015,330.0,3.79746835443038,95.0,25333.0,408.7042083333333,909.6503279166667,1173.3983516666667,765.7020928324284,12499.0,24.61,1.0384115222946557,648.6,Murcia,"Murcia, Región de",36.28,80.74,28.12,43.1,1,342.68,944.59,0,330.0,897.0707916666667,26.59,36.79,0.0,1.4022902503188828
30,2016,340.0,3.8461538461538463,96.0,28253.0,422.4395416666666,916.7302679166665,1189.7683716666668,765.7001934135282,12611.0,19.78,1.0405208860397714,655.2,Murcia,"Murcia, Región de",37.09,80.48,28.58,44.4,1,353.78,953.88,0,330.0,909.6503279166667,24.61,36.28,3.0303030303030276,0.7783144558651145
30,2017,350.0,3.9215686274509807,96.0,31209.0,441.71583333333336,939.3607904166665,1210.7647016666667,777.0844840675691,12969.0,18.03,1.0205611862446453,707.7,Murcia,"Murcia, Región de",37.26,79.24,28.91,45.04,1,357.2,958.68,0,340.0,916.7302679166665,19.78,37.09,2.941176470588225,2.468612992503183
30,2018,350.0,4.0470467032967035,96.0,33457.0,464.738125,978.3004604166667,1246.64826,804.6740018354823,13585.0,16.76,1.0037444693258832,735.9,Murcia,"Murcia, Región de",35.78,75.31,28.08,43.5,1,351.31,981.96,0,350.0,939.3607904166665,18.03,37.26,0.0,4.14533695649868
30,2019,375.0,4.338412084625934,96.0,36632.0,498.7642916666667,1027.0382616666668,1290.1830233333333,840.5106628584408,14356.0,14.68,0.9967743538313801,900.0,Murcia,"Murcia, Región de",36.51,75.19,29.07,44.62,1,373.79,1023.73,0,350.0,978.3004604166667,16.76,35.78,7.14285714285714,4.98188472989598
30,2020,390.0,4.444444444444445,96.0,38722.0,524.4399999999999,1030.3885904166666,1297.3004233333334,859.1998342834876,14409.0,16.17,1.0,950.0,Murcia,"Murcia, Región de",37.85,74.37,30.06,45.39,1,390.0,1030.39,0,375.0,1027.0382616666668,14.68,36.51,4.0000000000000036,0.3262126519573805
30,2021,400.0,4.615384615384616,96.0,40892.0,553.3934583333333,1102.16504,1355.4258566666667,903.516398238875,15552.0,14.72,0.9699974935414286,950.0,Murcia,"Murcia, Región de",36.29,72.28,29.51,44.27,1,388.0,1069.1,1,390.0,1030.3885904166666,16.17,37.85,2.564102564102555,6.9659592750642485
30,2022,404.0830917237745,4.838709677419355,96.0,42413.0,588.7463333333334,1152.9358266666666,1404.2986700000001,940.7475062905985,16408.0,13.59,0.8949107299739896,1000.0,Murcia,"Murcia, Región de",35.05,68.63,28.77,42.95,1,361.62,1031.77,1,400.0,1102.16504,14.72,36.29,1.0207729309436253,4.606459543179353
30,2023,439.3518518518519,5.084745762711864,95.0,45591.0,635.1762254166666,1221.7966716666667,1473.2781383333331,996.8451832114474,17569.0,12.78,0.8643768521205406,1080.0,Murcia,"Murcia, Región de",35.96,69.17,29.82,44.07,1,379.77,1056.09,1,404.0830917237745,1152.9358266666666,13.59,35.05,8.728095990758922,5.9726520251425
30,2024,450.0,5.376344086021505,95.0,47487.0,668.6162991666666,1288.0478033333331,1534.725025,1046.6401089004403,18686.0,12.73,0.8410456579083591,1134.0,Murcia,"Murcia, Región de",34.94,67.3,29.32,42.99,1,378.47,1083.31,1,439.3518518518519,1221.7966716666667,12.78,35.96,2.4236037934667998,5.422435107495627
32,2011,302.4861878453039,3.563829787234043,92.0,8059.0,567.8311666666667,1034.6871254166665,1247.2413766666666,912.3888602758109,14477.0,17.77,1.0717791932800231,641.4,Ourense,Galicia,29.23,53.27,24.25,33.15,0,324.2,1108.96,0,,,,,,
32,2012,312.0,3.629259259259259,92.0,8015.0,528.3420833333333,996.1267379166666,1207.85843,882.5640702923113,13867.0,20.96,1.0461898360861621,641.4,Ourense,Galicia,31.32,59.05,25.83,35.35,1,326.41,1042.14,0,302.4861878453039,1034.6871254166665,17.77,29.23,3.145205479452051,-3.7267678849750574
32,2013,305.0,3.5789473684210527,92.0,8241.0,469.9669166666667,968.1230466666667,1205.545275,850.3308232281687,13424.0,24.06,1.031656722448744,645.3,Ourense,Galicia,31.5,64.9,25.3,35.87,1,314.66,998.77,0,312.0,996.1267379166666,20.96,31.32,-2.2435897435897467,-2.811257863489114
32,2014,304.1666666666667,3.6061265186924527,92.0,8551.0,448.7395833333333,951.0553341666667,1209.5784683333334,828.402613129082,13154.0,21.34,1.0332160647146191,645.3,Ourense,Galicia,31.98,67.78,25.15,36.72,1,314.27,982.65,0,305.0,968.1230466666667,24.06,31.5,-0.2732240437158362,-1.7629693414246916
32,2015,304.1666666666667,3.6341592634469393,92.0,9130.0,442.73037500000004,949.3485629166667,1221.73736,819.4562067172689,13127.0,20.34,1.0384115222946557,648.6,Ourense,Galicia,32.04,68.7,24.9,37.12,1,315.85,985.81,0,304.1666666666667,951.0553341666667,21.34,31.98,0.0,-0.17946077254228365
32,2016,311.6666666666667,3.6842105263157894,92.0,9581.0,455.9194166666667,950.6760516666667,1227.1347216666666,819.7881360164718,13148.0,19.54,1.0405208860397714,655.2,Ourense,Galicia,32.78,68.36,25.4,38.02,1,324.3,989.2,0,304.1666666666667,949.3485629166667,20.34,32.04,2.465753424657535,0.1398315436346831
32,2017,320.0,3.7356321839080464,92.0,10134.0,474.72745833333335,963.2555879166666,1241.9626383333334,829.3560551992422,13347.0,16.47,1.0205611862446453,707.7,Ourense,Galicia,33.22,67.41,25.77,38.58,1,326.58,983.06,0,311.6666666666667,950.6760516666667,19.54,32.78,2.6737967914438387,1.3232200630221236
32,2018,326.87911184210526,3.7913800188730935,92.0,10713.0,501.5737916666667,999.9195629166667,1278.0241316666668,860.3570507618971,13927.0,13.75,1.0037444693258832,735.9,Ourense,Galicia,32.69,65.17,25.58,37.99,1,328.1,1003.66,0,320.0,963.2555879166666,16.47,33.22,2.1497224506578982,3.806256144259401
32,2019,346.6666666666667,3.9719538690476193,92.0,11313.0,522.8791666666667,1044.1691879166667,1319.1864283333334,893.561779243633,14627.0,12.93,0.9967743538313801,900.0,Ourense,Galicia,33.2,66.3,26.28,38.8,1,345.55,1040.8,0,326.87911184210526,999.9195629166667,13.75,32.69,6.053477909019644,4.425318459709726
32,2020,350.0,4.0540540540540535,91.5,11748.0,530.9174583333333,1021.7915204166667,1301.7487983333333,890.7271797641957,14273.0,11.72,1.0,950.0,Ourense,Galicia,34.25,65.92,26.89,39.29,1,350.0,1021.79,0,346.6666666666667,1044.1691879166667,12.93,33.2,0.9615384615384581,-2.1431074349788193
32,2021,350.0,4.1567106889094845,91.0,12071.0,572.9819166666667,1102.1057283333332,1356.6714016666667,952.491016046073,15551.0,10.95,0.9699974935414286,950.0,Ourense,Galicia,31.76,61.08,25.8,36.75,1,339.5,1069.04,1,350.0,1021.7915204166667,11.72,34.25,0.0,7.86013646736039
32,2022,360.0,4.285714285714286,91.0,12354.0,598.4235,1167.4078733333333,1417.4658600000002,994.9305971536057,16652.0,11.49,0.8949107299739896,1000.0,Ourense,Galicia,30.84,60.16,25.4,36.18,1,322.17,1044.73,1,350.0,1102.1057283333332,10.95,31.76,2.857142857142847,5.925216004344125
32,2023,373.97540983606547,4.417892156862745,91.0,13078.0,660.2088704166666,1230.6934216666666,1487.750185,1052.0215641713023,17719.0,9.57,0.8643768521205406,1080.0,Ourense,Galicia,30.39,56.65,25.14,35.55,1,323.26,1063.78,1,360.0,1167.4078733333333,11.49,30.84,3.882058287795953,5.4210314817076055
32,2024,390.92,4.611111111111112,91.0,13643.0,685.1150879166667,1285.2601550000002,1540.4782566666665,1091.0829099530506,18639.0,10.98,0.8410456579083591,1134.0,Ourense,Galicia,30.42,57.06,25.38,35.83,1,328.78,1080.96,1,373.97540983606547,1230.6934216666666,9.57,30.39,4.530936986301404,4.4338201840257385
33,2011,400.0,5.421686746987952,76.0,32643.0,589.2145833333333,1137.3368583333333,1424.7611949999998,1005.3058716063344,16145.0,17.84,1.0717791932800231,641.4,Asturias,"Asturias, Principado de",35.17,67.89,28.07,39.79,1,428.71,1218.97,0,,,,,,
33,2012,399.99999999999994,5.421686746987952,76.0,33068.0,531.3076666666667,1079.5688879166667,1371.8551883333337,958.0852540244089,15187.0,21.82,1.0461898360861621,641.4,Asturias,"Asturias, Principado de",37.05,75.29,29.16,41.75,1,418.48,1129.43,0,400.0,1137.3368583333333,17.84,35.17,-1.1102230246251565e-14,-5.079231363460823
33,2013,383.1370856353591,5.253623188405797,76.0,33916.0,482.6877083333333,1049.6687841666667,1360.2894133333334,933.7524973620186,14714.0,24.13,1.031656722448744,645.3,Asturias,"Asturias, Principado de",36.5,79.38,28.17,41.03,1,395.27,1082.9,0,399.99999999999994,1079.5688879166667,21.82,37.05,-4.215728591160217,-2.7696337014398997
33,2014,380.0,5.212990561351217,76.0,35889.0,463.4894583333333,1037.4685304166667,1361.5349583333334,918.9990341570607,14521.0,21.13,1.0332160647146191,645.3,Asturias,"Asturias, Principado de",36.63,81.99,27.91,41.35,1,392.62,1071.93,0,383.1370856353591,1049.6687841666667,24.13,36.5,-0.8187893453740824,-1.1622955673284863
33,2015,375.0,5.161290322580645,76.0,39291.0,466.2989583333333,1049.3527154166666,1379.6843283333335,916.0722669478272,14709.0,19.11,1.0384115222946557,648.6,Asturias,"Asturias, Principado de",35.74,80.42,27.18,40.94,1,389.4,1089.66,0,380.0,1037.4685304166667,21.13,36.63,-1.3157894736842146,1.1454983598612856
33,2016,380.0,5.263157894736842,76.0,41896.0,474.1811666666667,1059.1508466666667,1391.84322,916.4155421205537,14864.0,17.61,1.0405208860397714,655.2,Asturias,"Asturias, Principado de",35.88,80.14,27.3,41.47,1,395.4,1102.07,0,375.0,1049.3527154166666,19.11,35.74,1.333333333333342,0.9337309663423943
33,2017,385.0,5.333333333333333,76.0,44337.0,491.11620833333336,1079.0631779166667,1410.1705250000002,926.6963496484744,15179.0,13.71,1.0205611862446453,707.7,Asturias,"Asturias, Principado de",35.68,78.39,27.3,41.55,1,392.92,1101.25,0,380.0,1059.1508466666667,17.61,35.88,1.3157894736842035,1.8800278839097961
33,2018,397.96656686626744,5.434603125984748,76.0,46403.0,503.2126666666666,1110.1128033333334,1439.1146183333333,946.0498095377983,15686.0,13.61,1.0037444693258832,735.9,Asturias,"Asturias, Principado de",35.85,79.09,27.65,42.07,1,399.46,1114.27,0,385.0,1079.0631779166667,13.71,35.68,3.367939445783752,2.877461306446749
33,2019,400.0,5.714285714285714,76.0,48682.0,529.6687916666666,1161.3580833333333,1479.38724,978.5900699891678,16550.0,14.19,0.9967743538313801,900.0,Asturias,"Asturias, Principado de",34.44,75.52,27.04,40.88,1,398.71,1157.61,0,397.96656686626744,1110.1128033333334,13.61,35.85,0.5109557694116251,4.616222769985701
33,2020,410.0,5.813953488372093,76.0,49907.0,544.8088750000001,1123.1020583333332,1449.7907183333334,968.0062099214922,15905.0,14.12,1.0,950.0,Asturias,"Asturias, Principado de",36.51,75.26,28.28,42.36,1,410.0,1123.1,0,400.0,1161.3580833333333,14.19,34.44,2.499999999999991,-3.294076611599206
33,2021,425.0,5.9523809523809526,76.0,51542.0,576.9620416666667,1201.986575,1516.4570316666668,1016.6113373851962,17235.0,12.34,0.9699974935414286,950.0,Asturias,"Asturias, Principado de",35.36,73.66,28.03,41.81,1,412.25,1165.92,1,410.0,1123.1020583333332,14.12,36.51,3.658536585365857,7.0238066150221545
33,2022,440.0,6.13405357850912,76.0,52554.0,615.046375,1284.6077266666666,1594.6935791666667,1065.195369262415,18628.0,12.51,0.8949107299739896,1000.0,Asturias,"Asturias, Principado de",34.25,71.54,27.59,41.31,1,393.76,1149.61,1,425.0,1201.986575,12.34,35.36,3.529411764705892,6.873716677465125
33,2023,450.0,6.363636363636363,76.0,54839.0,651.2325179166667,1360.4673483333333,1668.6068416666665,1116.0742740799672,19907.0,12.12,0.8643768521205406,1080.0,Asturias,"Asturias, Principado de",33.08,69.1,26.97,40.32,1,388.97,1175.96,1,440.0,1284.6077266666666,12.51,34.25,2.2727272727272707,5.9052752129639785
33,2024,467.67,6.625,76.0,56451.0,687.7700654166666,1425.1763766666666,1728.3165208333332,1163.836414208725,20998.0,10.13,0.8410456579083591,1134.0,Asturias,"Asturias, Principado de",32.81,68.0,27.06,40.18,1,393.33,1198.64,1,450.0,1360.4673483333333,12.12,33.08,3.9266666666666783,4.7563823132253935
34,2011,350.0,4.225352112676057,86.0,3530.0,626.752625,1114.3239316666666,1294.868645,972.8992282651063,15757.0,17.8,1.0717791932800231,641.4,Palencia,Castilla y León,31.41,55.84,27.03,35.97,1,375.12,1194.31,0,,,,,,
34,2012,350.0,4.273504273504273,86.0,3580.0,596.6285416666666,1080.8331629166667,1259.993385,954.542916693802,15207.0,19.0,1.0461898360861621,641.4,Palencia,Castilla y León,32.38,58.66,27.78,36.67,1,366.17,1130.76,0,350.0,1114.3239316666666,17.8,31.41,0.0,-3.0054787300411445
34,2013,345.2702702702702,4.215504587155963,85.0,3711.0,603.0279583333333,1058.5187091666667,1268.2970183333334,949.3471874646407,14854.0,21.34,1.031656722448744,645.3,Palencia,Castilla y León,32.62,57.26,27.22,36.37,1,356.2,1092.03,0,350.0,1080.8331629166667,19.0,32.38,-1.3513513513513709,-2.0645604257537475
34,2014,340.0,4.240923076923077,85.0,3947.0,543.3260833333334,1046.9505929166667,1276.4227166666667,920.7900068963471,14671.0,22.31,1.0332160647146191,645.3,Palencia,Castilla y León,32.48,62.58,26.64,36.92,1,351.29,1081.73,0,345.2702702702702,1058.5187091666667,21.34,32.62,-1.5264187866927403,-1.0928589310534864
34,2015,349.79166666666674,4.252427184466019,86.0,4313.0,559.7148333333333,1091.5795004166666,1308.92551,945.959353649207,15377.0,20.31,1.0384115222946557,648.6,Palencia,Castilla y León,32.04,62.49,26.72,36.98,1,363.23,1133.51,0,340.0,1046.9505929166667,22.31,32.48,2.879901960784337,4.262752015419347
34,2016,350.0,4.3478260869565215,85.0,4704.0,608.022625,1099.31808,1318.17813,958.2060136916332,15504.0,15.21,1.0405208860397714,655.2,Palencia,Castilla y León,31.84,57.56,26.55,36.53,1,364.18,1143.86,0,349.79166666666674,1091.5795004166666,20.31,32.04,0.059559261465125246,0.7089341253091908
34,2017,351.4166666666667,4.443693693693693,85.0,4951.0,590.8534583333334,1098.5470283333334,1329.0321649999998,949.1824110080867,15491.0,13.63,1.0205611862446453,707.7,Palencia,Castilla y León,31.99,59.48,26.44,37.02,1,358.64,1121.13,0,350.0,1099.31808,15.21,31.84,0.40476190476190776,-0.07013908719363249
34,2018,360.0,4.545454545454546,85.0,5184.0,579.6154583333333,1132.6512366666666,1368.474423333333,962.9202088692732,16066.0,12.02,1.0037444693258832,735.9,Palencia,Castilla y León,31.78,62.11,26.31,37.39,1,361.35,1136.89,0,351.4166666666667,1098.5470283333334,13.63,31.99,2.4424946644533874,3.104483235922495
34,2019,380.0,4.789585326953748,85.0,5411.0,597.252875,1178.5584666666666,1415.1527049999997,993.3015213083276,16840.0,10.49,0.9967743538313801,900.0,Palencia,Castilla y León,32.24,63.62,26.85,38.26,1,378.77,1174.76,0,360.0,1132.6512366666666,12.02,31.78,5.555555555555558,4.053077285740891
34,2020,390.0,4.883720930232558,84.0,5591.0,601.5451666666667,1144.4542583333334,1380.6926266666667,981.5112967981889,16265.0,11.42,1.0,950.0,Palencia,Castilla y León,34.08,64.83,28.25,39.73,1,390.0,1144.45,0,380.0,1178.5584666666666,10.49,32.24,2.6315789473684292,-2.8937222291390063
34,2021,400.0,4.960417756970352,84.0,5708.0,616.5291666666667,1196.3519666666668,1441.0719033333335,1015.114877493946,17140.0,9.99,0.9699974935414286,950.0,Palencia,Castilla y León,33.43,64.88,27.76,39.4,1,388.0,1160.46,1,390.0,1144.4542583333334,11.42,34.08,2.564102564102555,4.534712327333379
34,2022,400.0,5.141424385846292,84.0,5818.0,643.0779441666667,1262.7217216666668,1516.9908366666668,1054.5036612822958,18259.0,9.51,0.8949107299739896,1000.0,Palencia,Castilla y León,31.68,62.2,26.37,37.93,1,357.96,1130.02,1,400.0,1196.3519666666668,9.99,33.43,0.0,5.5476780119250835
34,2023,411.93499999999995,5.303030303030303,84.0,6128.0,671.4609179166667,1330.6928916666668,1585.4958116666667,1100.1659889224522,19405.0,8.73,0.8643768521205406,1080.0,Palencia,Castilla y León,30.96,61.35,25.98,37.44,1,356.07,1150.22,1,400.0,1262.7217216666668,9.51,31.68,2.983749999999996,5.382909696863769
34,2024,429.275867907043,5.5,84.0,6420.0,712.6762829166668,1399.2571783333333,1644.0237166666666,1146.1257432657783,20561.0,7.0,0.8410456579083591,1134.0,Palencia,Castilla y León,30.68,60.23,26.11,37.45,1,361.04,1176.84,1,411.93499999999995,1330.6928916666668,8.73,30.96,4.209612659046469,5.1525252066831895
35,2011,400.0,5.555555555555556,74.0,23816.0,542.8578333333334,995.8106691666667,1237.6328866666665,873.2266680689913,13862.0,31.29,1.0717791932800231,641.4,"Palmas, Las",Canarias,40.17,73.68,32.32,45.81,1,428.71,1067.29,0,,,,,,
35,2012,400.0,5.459770114942529,75.0,25327.0,512.031375,959.2099079166668,1217.2296733333333,844.4745121562346,13283.0,34.0,1.0461898360861621,641.4,"Palmas, Las",Canarias,41.7,78.12,32.86,47.37,1,418.48,1003.52,0,400.0,995.8106691666667,31.29,40.17,0.0,-3.6754739011411464
35,2013,396.7676207729469,5.339805825242718,75.0,27022.0,468.25,933.1658429166667,1212.1881816666667,815.1799573948134,12871.0,34.82,1.031656722448744,645.3,"Palmas, Las",Canarias,42.52,84.73,32.73,48.67,1,409.33,962.71,0,400.0,959.2099079166668,34.0,41.7,-0.808094806763282,-2.7151580467476455
35,2014,396.9562841530055,5.332438878950506,75.0,29266.0,445.38379166666664,912.5581604166667,1207.5025600000001,790.4389795858353,12545.0,33.12,1.0332160647146191,645.3,"Palmas, Las",Canarias,43.5,89.13,32.87,50.22,1,410.14,942.87,0,396.7676207729469,933.1658429166667,34.82,42.52,0.047550094861859016,-2.2083622816271853
35,2015,398.90710382513663,5.352112676056339,75.0,32070.0,448.8956666666666,915.2131379166667,1221.0849316666665,787.6587989089943,12587.0,29.87,1.0384115222946557,648.6,"Palmas, Las",Canarias,43.59,88.86,32.67,50.64,1,414.23,950.37,0,396.9562841530055,912.5581604166667,33.12,43.5,0.4914444612694746,0.29093789471870135
35,2016,400.0,5.46007303433046,75.0,34570.0,467.46958333333333,917.4888329166666,1231.1086033333333,787.2679074074238,12623.0,26.29,1.0405208860397714,655.2,"Palmas, Las",Canarias,43.6,85.57,32.49,50.81,1,416.21,954.67,0,398.90710382513663,915.2131379166667,29.87,43.59,0.2739726027397138,0.24865191568164136
35,2017,400.0,5.6000000000000005,75.0,37129.0,506.25629166666664,943.6593254166665,1244.3351049999999,811.459165362482,13037.0,24.56,1.0205611862446453,707.7,"Palmas, Las",Canarias,42.39,79.01,32.15,49.29,1,408.22,963.06,0,400.0,917.4888329166666,26.29,43.6,0.0,2.8524044719764996
35,2018,418.75,5.81896551724138,76.0,38900.0,536.3803750000001,982.2829266666668,1278.498625,844.0448775668706,13648.0,20.23,1.0037444693258832,735.9,"Palmas, Las",Canarias,42.63,78.07,32.75,49.61,1,420.32,985.96,0,400.0,943.6593254166665,24.56,42.39,4.6875,4.092960267514578
35,2019,450.0,6.278951320458795,76.0,40898.0,560.5732916666667,1022.6765129166666,1312.12834,876.9579371373228,14287.0,22.22,0.9967743538313801,900.0,"Palmas, Las",Canarias,44.0,80.27,34.3,51.31,1,448.55,1019.38,0,418.75,982.2829266666668,20.23,42.63,7.462686567164178,4.112215040433798
35,2020,450.8211678832117,6.428571428571428,76.0,42280.0,501.26162500000004,915.9717029166667,1212.48474,799.651201285721,12599.0,22.04,1.0,950.0,"Palmas, Las",Canarias,49.22,89.94,37.18,56.38,1,450.82,915.97,0,450.0,1022.6765129166666,22.22,44.0,0.18248175182482562,-10.43387705225365
35,2021,475.2604166666667,6.605138603390234,76.0,43491.0,552.9252083333333,1028.6818191666669,1293.2079183333333,888.8106114973135,14382.0,23.55,0.9699974935414286,950.0,"Palmas, Las",Canarias,46.2,85.95,36.75,53.47,1,461.0,997.82,1,450.8211678832117,915.9717029166667,22.04,49.22,5.421051743911498,12.304977969418163
35,2022,500.0,6.86686370179078,76.0,44282.0,633.1533854166667,1164.1457316666667,1409.9332783333332,990.1819746684188,16597.0,17.32,0.8949107299739896,1000.0,"Palmas, Las",Canarias,42.95,78.97,35.46,50.5,1,447.46,1041.81,1,475.2604166666667,1028.6818191666669,23.55,46.2,5.205479452054784,13.168689285258184
35,2023,500.0,7.1852281787908625,76.0,46464.0,686.6954316666667,1244.4537283333332,1480.5734733333331,1050.7028902722877,17951.0,15.05,0.8643768521205406,1080.0,"Palmas, Las",Canarias,40.18,72.81,33.77,47.59,1,432.19,1075.68,1,500.0,1164.1457316666667,17.32,42.95,0.0,6.898448749341046
35,2024,550.0,7.596207482401513,76.0,48341.0,735.9389429166666,1313.4925083333333,1539.707205,1103.3100557540095,19115.0,14.02,0.8410456579083591,1134.0,"Palmas, Las",Canarias,41.87,74.73,35.72,49.85,1,462.58,1104.71,1,500.0,1244.4537283333332,15.05,40.18,10.000000000000009,5.547717719682677
36,2011,396.0851648351649,4.929577464788733,87.0,22319.0,561.3537083333333,1034.3078429166667,1303.7060833333333,915.7844683493241,14471.0,20.7,1.0717791932800231,641.4,Pontevedra,Galicia,38.29,70.56,30.38,43.25,1,424.52,1108.55,0,,,,,,
36,2012,390.68500000000006,4.907407407407407,87.0,23120.0,513.9824166666666,984.3057666666667,1261.5947999999999,873.6377875480076,13680.0,24.5,1.0461898360861621,641.4,Pontevedra,Galicia,39.69,76.01,30.97,44.72,1,408.73,1029.77,0,396.0851648351649,1034.3078429166667,20.7,38.29,-1.3633847754465078,-4.834351454688579
36,2013,375.89242342895125,4.776119402985075,87.0,24472.0,482.3755416666667,967.0484129166667,1253.4691016666668,854.2853869930448,13407.0,24.74,1.031656722448744,645.3,Pontevedra,Galicia,38.87,77.93,29.99,44.0,1,387.79,997.66,0,390.68500000000006,984.3057666666667,24.5,39.69,-3.786318023740054,-1.7532513101535252
36,2014,370.202850877193,4.7124999999999995,87.0,25995.0,455.9194166666667,946.2510891666667,1250.5035183333332,828.0557293232921,13078.0,24.71,1.0332160647146191,645.3,Pontevedra,Galicia,39.12,81.2,29.6,44.71,1,382.5,977.68,0,375.89242342895125,967.0484129166667,24.74,38.87,-1.5136172471520104,-2.1505979920151352
36,2015,366.6666666666667,4.705882352941177,87.0,27732.0,462.00666666666666,957.3767091666665,1266.399045,831.0078763502529,13254.0,22.46,1.0384115222946557,648.6,Pontevedra,Galicia,38.3,79.36,28.95,44.12,1,380.75,994.15,0,370.202850877193,946.2510891666667,24.71,39.12,-0.9552017771195853,1.1757576955391258
36,2016,375.0,4.78494623655914,87.0,29434.0,486.51174999999995,968.7551841666667,1280.3965983333333,839.062456017941,13434.0,19.39,1.0405208860397714,655.2,Pontevedra,Galicia,38.71,77.08,29.29,44.69,1,390.2,1008.01,0,366.6666666666667,957.3767091666665,22.46,38.3,2.2727272727272707,1.1885055162773384
36,2017,380.0,4.864864864864865,86.0,31330.0,505.86608333333334,997.2645854166667,1301.3336166666666,857.0378428641319,13885.0,18.31,1.0205611862446453,707.7,Pontevedra,Galicia,38.1,75.12,29.2,44.34,1,387.81,1017.77,0,375.0,968.7551841666667,19.39,38.71,1.333333333333342,2.942890186907654
36,2018,385.77620646766167,4.945054945054945,86.0,33426.0,536.7705833333333,1041.5774241666668,1339.1151483333335,892.6331140978733,14586.0,16.02,1.0037444693258832,735.9,Pontevedra,Galicia,37.04,71.87,28.81,43.22,1,387.22,1045.48,0,380.0,997.2645854166667,18.31,38.1,1.5200543335951666,4.4434385215319505
36,2019,400.0,5.25,86.0,36045.0,571.030875,1076.7874829166667,1375.11733,922.2130280919581,15143.0,14.29,0.9967743538313801,900.0,Pontevedra,Galicia,37.15,70.05,29.09,43.37,1,398.71,1073.31,0,385.77620646766167,1041.5774241666668,16.02,37.04,3.6870582720945233,3.3804552530668053
36,2020,405.0,5.387534652702911,86.0,37503.0,550.896125,1058.8979916666667,1343.9193933333333,913.0419448156105,14860.0,14.13,1.0,950.0,Pontevedra,Galicia,38.25,73.52,30.14,44.36,1,405.0,1058.9,0,400.0,1076.7874829166667,14.29,37.15,1.2499999999999956,-1.6613762263973597
36,2021,425.0,5.555555555555556,86.0,38901.0,571.4991249999999,1133.9560933333335,1400.917905,960.2188444870266,16088.0,13.75,0.9699974935414286,950.0,Pontevedra,Galicia,37.48,74.37,30.34,44.26,1,412.25,1099.93,1,405.0,1058.8979916666667,14.13,38.25,4.938271604938271,7.088322223420973
36,2022,448.3333333333333,5.769230769230769,86.0,40119.0,595.6920416666667,1200.0886016666666,1468.7704516666665,1000.976504372366,17203.0,12.66,0.8949107299739896,1000.0,Pontevedra,Galicia,37.36,75.26,30.52,44.79,1,401.22,1073.97,1,425.0,1133.9560933333335,13.75,37.48,5.490196078431375,5.832016664678141
36,2023,451.8982279693487,6.049531101614434,86.0,41420.0,640.8654629166666,1273.8130033333334,1548.6039549999998,1055.6896157060899,18446.0,10.99,0.8643768521205406,1080.0,Pontevedra,Galicia,35.48,70.51,29.18,42.81,1,390.61,1101.05,1,448.3333333333333,1200.0886016666666,12.66,37.36,0.795143784984842,6.143246553986037
36,2024,480.0,6.338028169014084,86.0,42692.0,681.1326216666666,1333.7177866666668,1610.2082625000003,1101.3189021716892,19456.0,11.28,0.8410456579083591,1134.0,Pontevedra,Galicia,35.99,70.47,29.81,43.58,1,403.7,1121.72,1,451.8982279693487,1273.8130033333334,10.99,35.48,6.218606378902947,4.7027925744652865
37,2011,396.7391304347827,4.654255319148937,87.0,10620.0,571.5771666666667,1093.0966304166666,1307.679965,947.8509412399825,15401.0,16.75,1.0717791932800231,641.4,Salamanca,Castilla y León,36.29,69.41,30.34,41.86,1,425.22,1171.56,0,,,,,,
37,2012,393.86999999999995,4.62962962962963,87.0,10921.0,515.6212916666667,1044.5484704166668,1274.2874966666666,905.9880782940592,14633.0,19.75,1.0461898360861621,641.4,Salamanca,Castilla y León,37.71,76.39,30.91,43.47,1,412.06,1092.8,0,396.7391304347827,1093.0966304166666,16.75,36.29,-0.723178082191811,-4.44134202311961
37,2013,383.3333333333333,4.521317041778862,87.0,11202.0,471.13754166666666,1019.1365429166667,1266.6362916666667,881.7954396914508,14231.0,22.02,1.031656722448744,645.3,Salamanca,Castilla y León,37.61,81.36,30.26,43.47,1,395.47,1051.4,0,393.86999999999995,1044.5484704166668,19.75,37.71,-2.6751635480403824,-2.4328145815831093
37,2014,380.0,4.501718213058419,88.0,11687.0,432.74104166666666,991.8914166666667,1258.4512816666665,848.263013631523,13800.0,21.09,1.0332160647146191,645.3,Salamanca,Castilla y León,38.31,87.81,30.2,44.8,1,392.62,1024.84,0,383.3333333333333,1019.1365429166667,22.02,37.61,-0.8695652173912993,-2.673353873861417
37,2015,375.85812356979403,4.477611940298508,88.0,12415.0,441.793875,998.2760054166666,1275.295795,848.9092328812951,13901.0,15.96,1.0384115222946557,648.6,Salamanca,Castilla y León,37.65,85.08,29.47,44.28,1,390.3,1036.62,0,380.0,991.8914166666667,21.09,38.31,-1.0899674816331473,0.6436781932699809
37,2016,385.7032656209822,4.579207920792079,87.0,13231.0,462.0847083333333,997.3277991666668,1288.7595433333333,845.66011757352,13886.0,16.48,1.0405208860397714,655.2,Salamanca,Castilla y León,38.67,83.47,29.93,45.61,1,401.33,1037.74,0,375.85812356979403,998.2760054166666,15.96,37.65,2.6193772154454953,-0.09498437755238731
37,2017,393.75,4.634975749559082,87.0,14158.0,489.94558333333333,1017.6194129166666,1297.2411116666665,864.1852986602714,14207.0,14.56,1.0205611862446453,707.7,Salamanca,Castilla y León,38.69,80.37,30.35,45.56,1,401.85,1038.54,0,385.7032656209822,997.3277991666668,16.48,38.67,2.0862500000000006,2.0345982300859156
37,2018,400.0,4.741379310344827,87.0,14671.0,510.08033333333333,1054.1569604166668,1326.896945,889.0889691290208,14785.0,13.1,1.0037444693258832,735.9,Salamanca,Castilla y León,37.95,78.42,30.15,44.99,1,401.5,1058.1,0,393.75,1017.6194129166666,14.56,38.69,1.5873015873015817,3.590492382144861
37,2019,410.0,5.0,87.0,15454.0,545.1210416666667,1100.0891316666666,1373.6938499999999,926.6542314894616,15517.0,13.4,0.9967743538313801,900.0,Salamanca,Castilla y León,37.27,75.21,29.85,44.25,1,408.68,1096.54,0,400.0,1054.1569604166668,13.1,37.95,2.499999999999991,4.357242135160266
37,2020,419.5833333333333,5.061476442428823,87.0,15917.0,565.2557916666666,1073.4371541666667,1350.20643,928.2917718029806,15090.0,13.47,1.0,950.0,Salamanca,Castilla y León,39.09,74.23,31.08,45.2,1,419.58,1073.44,0,410.0,1100.0891316666666,13.4,37.27,2.3373983739837456,-2.42271073614021
37,2021,430.0,5.22139303482587,87.0,16393.0,586.8733333333333,1149.49575,1414.26303,976.1189778515978,16350.0,13.34,0.9699974935414286,950.0,Salamanca,Castilla y León,37.41,73.27,30.4,44.05,1,417.1,1115.01,1,419.5833333333333,1073.4371541666667,13.47,39.09,2.482621648460781,7.085519216295366
37,2022,450.0,5.384615384615384,86.0,16649.0,612.7831666666667,1213.8489083333334,1479.505863333333,1014.0840326932611,17435.0,11.22,0.8949107299739896,1000.0,Salamanca,Castilla y León,37.07,73.44,30.42,44.38,1,402.71,1086.29,1,430.0,1149.49575,13.34,37.41,4.651162790697683,5.598381580213174
37,2023,451.11813186813174,5.605104277589567,86.0,17540.0,654.1403504166666,1283.0656233333334,1548.3667083333332,1066.8151533566408,18602.0,10.82,0.8643768521205406,1080.0,Salamanca,Castilla y León,35.16,68.96,29.14,42.29,1,389.94,1109.05,1,450.0,1213.8489083333334,11.22,37.07,0.24847374847372095,5.702251287191706
37,2024,480.0,5.918585382871097,86.0,18276.0,672.6619791666667,1351.3926633333333,1606.3842208333335,1111.8085102921889,19754.0,11.85,0.8410456579083591,1134.0,Salamanca,Castilla y León,35.52,71.36,29.88,43.17,1,403.7,1136.58,1,451.11813186813174,1283.0656233333334,10.82,35.16,6.402284920862122,5.325295819436726
38,2011,400.0,5.555555555555556,74.0,22314.0,529.9029166666667,960.9166791666667,1204.9521583333333,851.0710767046729,13310.0,27.1,1.0717791932800231,641.4,Santa Cruz de Tenerife,Canarias,41.63,75.49,33.2,47.0,1,428.71,1029.89,0,,,,,,
38,2012,399.06542056074767,5.443037974683545,75.0,23073.0,481.4390416666667,916.4141991666667,1173.0424816666666,810.5751946855962,12606.0,31.01,1.0461898360861621,641.4,Santa Cruz de Tenerife,Canarias,43.55,82.89,34.02,49.23,1,417.5,958.74,0,400.0,960.9166791666667,27.1,41.63,-0.2336448598130869,-4.631252736563363
38,2013,380.2083333333334,5.303030303030303,75.0,24071.0,439.5306666666667,890.8758441666668,1163.4933033333334,780.9410440502152,12202.0,32.48,1.031656722448744,645.3,Santa Cruz de Tenerife,Canarias,42.68,86.5,32.68,48.69,1,392.24,919.08,0,399.06542056074767,916.4141991666667,31.01,43.55,-4.725312256049941,-2.786769893266927
38,2014,379.1666666666667,5.27027027027027,75.0,26406.0,421.190875,873.4288491666666,1156.3759033333333,760.2348709910302,11926.0,31.65,1.0332160647146191,645.3,Santa Cruz de Tenerife,Canarias,43.41,90.02,32.79,49.87,1,391.76,902.44,0,380.2083333333334,890.8758441666668,32.48,42.68,-0.2739726027397471,-1.9584092569397527
38,2015,380.0,5.2897058823529415,75.0,29079.0,420.6445833333333,873.8081316666667,1168.178925,754.2716902097695,11932.0,28.29,1.0384115222946557,648.6,Santa Cruz de Tenerife,Canarias,43.49,90.34,32.53,50.38,1,394.6,907.37,0,379.1666666666667,873.4288491666666,31.65,43.41,0.219780219780219,0.04342454458219347
38,2016,390.0,5.384615384615384,75.0,31469.0,445.1496666666667,880.6352166666666,1181.5833616666666,760.7597915212004,12040.0,25.82,1.0405208860397714,655.2,Santa Cruz de Tenerife,Canarias,44.29,87.61,33.01,51.26,1,405.8,916.32,0,380.0,873.8081316666667,28.29,43.49,2.6315789473684292,0.7813025254157502
38,2017,400.0,5.555555555555556,75.0,34483.0,479.95625,901.1796854166668,1191.5477216666668,779.3949270821191,12365.0,22.26,1.0205611862446453,707.7,Santa Cruz de Tenerife,Canarias,44.39,83.34,33.57,51.32,1,408.22,919.71,0,390.0,880.6352166666666,25.82,44.29,2.564102564102555,2.3329147371330405
38,2018,401.53642714570856,5.777777777777778,75.0,36601.0,506.6465,943.6593254166665,1223.0422166666667,813.4664036598731,13037.0,19.9,1.0037444693258832,735.9,Santa Cruz de Tenerife,Canarias,42.55,79.25,32.83,49.36,1,403.04,947.19,0,400.0,901.1796854166668,22.26,44.39,0.3841067864271297,4.713781356529245
38,2019,450.0,6.31578947368421,75.0,38834.0,561.1195833333334,994.2935391666666,1270.313615,862.5575231169307,13838.0,18.69,0.9967743538313801,900.0,Santa Cruz de Tenerife,Canarias,45.26,80.2,35.42,52.17,1,448.55,991.09,0,401.53642714570856,943.6593254166665,19.9,42.55,12.069533317012127,5.3657302361361126
38,2020,450.00013662015937,6.489216370189513,75.0,40807.0,509.8462083333333,915.2131379166667,1188.5821383333334,805.4831508894698,12587.0,23.31,1.0,950.0,Santa Cruz de Tenerife,Canarias,49.17,88.26,37.86,55.87,1,450.0,915.21,0,450.0,994.2935391666666,18.69,45.26,3.0360035419008113e-05,-7.953426039183409
38,2021,472.0,6.716417910447761,75.0,42526.0,561.197625,1017.4297716666666,1264.8569416666667,888.9703125998334,14204.0,23.48,0.9699974935414286,950.0,Santa Cruz de Tenerife,Canarias,46.39,84.11,37.32,53.1,1,457.84,986.9,1,450.00013662015937,915.2131379166667,23.31,49.17,4.888857044594741,11.168615212701095
38,2022,500.0,7.0588235294117645,75.0,43761.0,620.1190833333334,1134.19334,1375.7697583333331,971.2026360032341,16092.0,18.01,0.8949107299739896,1000.0,Santa Cruz de Tenerife,Canarias,44.08,80.63,36.34,51.48,1,447.46,1015.0,1,472.0,1017.4297716666666,23.48,46.39,5.932203389830515,11.476327072881043
38,2023,520.0,7.499999999999999,75.0,45762.0,678.3512166666666,1219.5428283333333,1445.2830316666666,1037.7906116249296,17531.0,17.24,0.8643768521205406,1080.0,Santa Cruz de Tenerife,Canarias,42.64,76.66,35.98,50.11,1,449.48,1054.14,1,500.0,1134.19334,18.01,44.08,4.0000000000000036,7.525126918249514
38,2024,550.0,7.913631721129121,75.0,47058.0,725.9511704166666,1285.3194666666666,1506.0181783333335,1088.873565552744,18640.0,13.48,0.8410456579083591,1134.0,Santa Cruz de Tenerife,Canarias,42.79,75.76,36.52,50.51,1,462.58,1081.01,1,520.0,1219.5428283333333,17.24,42.64,5.769230769230771,5.3935488615209914
39,2011,442.3779166666667,5.902641025641025,77.0,12210.0,602.0134166666667,1135.1423266666668,1417.2286133333334,1005.5859787979049,16108.0,15.3,1.0717791932800231,641.4,Cantabria,Cantabria,38.97,73.48,31.21,43.99,1,474.13,1216.62,0,,,,,,
39,2012,430.0149182084975,5.797101449275362,77.0,12836.0,553.00325,1085.8902629166666,1372.9227983333333,966.0047231298297,15287.0,17.79,1.0461898360861621,641.4,Cantabria,Cantabria,39.6,77.76,31.32,44.51,1,449.88,1136.05,0,442.3779166666667,1135.1423266666668,15.3,38.97,-2.794668990560123,-4.338844794434571
39,2013,405.55555555555566,5.556250125023617,77.0,13250.0,501.26162500000004,1045.3070354166666,1355.1292983333335,925.1901198544886,14645.0,20.45,1.031656722448744,645.3,Cantabria,Cantabria,38.8,80.91,29.93,43.83,1,418.39,1078.4,0,430.0149182084975,1085.8902629166666,17.79,39.6,-5.6880265351823,-3.7373230874172103
39,2014,400.0,5.456178160919539,77.0,14121.0,467.2354583333333,1034.3710566666666,1356.6714016666667,904.1651599350203,14472.0,19.42,1.0332160647146191,645.3,Cantabria,Cantabria,38.67,85.61,29.48,44.24,1,413.29,1068.73,0,405.55555555555566,1045.3070354166666,20.45,38.8,-1.3698630136986578,-1.0461977562067015
39,2015,400.0,5.379291643086209,77.0,15739.0,459.4312916666667,1035.1928354166666,1361.2977116666668,892.2382702402034,14485.0,17.65,1.0384115222946557,648.6,Cantabria,Cantabria,38.64,87.06,29.38,44.83,1,415.36,1074.96,0,400.0,1034.3710566666666,19.42,38.67,0.0,0.07944719109294063
39,2016,400.0,5.480769230769231,77.0,17309.0,456.777875,1037.1524616666668,1364.1446716666667,883.0898597434033,14516.0,14.91,1.0405208860397714,655.2,Cantabria,Cantabria,38.57,87.57,29.32,45.3,1,416.21,1079.18,0,400.0,1035.1928354166666,17.65,38.64,0.0,0.18930060013517824
39,2017,400.0,5.555555555555556,77.0,18815.0,476.2882916666667,1051.3123416666667,1383.4209633333332,886.3376902099242,14740.0,13.56,1.0205611862446453,707.7,Cantabria,Cantabria,38.05,83.98,28.91,45.13,1,408.22,1072.93,0,400.0,1037.1524616666668,14.91,38.57,0.0,1.365265042831365
39,2018,410.1666666666667,5.670103092783505,77.0,20199.0,507.19279166666666,1099.0808333333332,1418.0589766666665,923.7981907658661,15500.0,10.68,1.0037444693258832,735.9,Cantabria,Cantabria,37.32,80.87,28.92,44.4,1,411.7,1103.2,0,400.0,1051.3123416666667,13.56,38.05,2.5416666666666643,4.543701217369733
39,2019,447.72196261682234,6.0,77.0,21960.0,514.372625,1126.00833,1431.5820366666667,934.0088997092948,15954.0,10.28,0.9967743538313801,900.0,Cantabria,Cantabria,39.76,87.04,31.27,47.94,1,446.28,1122.38,0,410.1666666666667,1099.0808333333332,10.68,37.32,9.15610628610053,2.450001478508179
39,2020,450.0,6.132075471698113,77.0,23030.0,508.05125,1111.3583483333334,1409.814655,928.9071423688654,15707.0,12.16,1.0,950.0,Cantabria,Cantabria,40.49,88.57,31.92,48.44,1,450.0,1111.36,0,447.72196261682234,1126.00833,10.28,39.76,0.508806262230932,-1.301054466148266
39,2021,452.96467948717947,6.32422619047619,77.0,24076.0,552.300875,1181.2274916666668,1476.6589033333332,972.6339441078713,16885.0,11.27,0.9699974935414286,950.0,Cantabria,Cantabria,38.35,82.01,30.67,46.57,1,439.37,1145.79,1,450.0,1111.3583483333334,12.16,40.49,0.6588176638176568,6.286823996788593
39,2022,479.86439929328617,6.544065587555182,77.0,24869.0,594.8335833333333,1254.9518933333331,1553.2302650000001,1020.2457084055612,18128.0,9.57,0.8949107299739896,1000.0,Cantabria,Cantabria,38.24,80.67,30.89,47.03,1,429.44,1123.07,1,452.96467948717947,1181.2274916666668,11.27,38.35,5.938591025808249,6.241338115373862
39,2023,500.0,6.85483870967742,76.0,26170.0,639.7276154166667,1325.2362183333332,1612.7758333333331,1069.992642780496,19313.0,8.14,0.8643768521205406,1080.0,Cantabria,Cantabria,37.73,78.16,31.0,46.73,1,432.19,1145.5,1,479.86439929328617,1254.9518933333331,9.57,38.24,4.196102218953568,5.600559302182884
39,2024,520.0,7.220009082947942,76.0,26917.0,669.0587954166666,1375.4732000000001,1665.4383500000001,1102.4541515089434,20160.0,7.85,0.8410456579083591,1134.0,Cantabria,Cantabria,37.81,77.72,31.22,47.17,1,437.34,1156.84,1,500.0,1325.2362183333332,8.14,37.73,4.0000000000000036,3.790794499251371
40,2011,405.5555555555556,5.17204550414666,85.0,3438.0,561.2756666666667,1087.1545379166666,1283.8959866666667,932.9649368750601,15307.0,13.9,1.0717791932800231,641.4,Segovia,Castilla y León,37.3,72.26,31.59,43.47,1,434.67,1165.19,0,,,,,,
40,2012,400.0,5.014262331553521,85.0,3504.0,499.7788333333333,1041.7038516666667,1253.943595,891.3670336071548,14588.0,19.73,1.0461898360861621,641.4,Segovia,Castilla y León,38.4,80.04,31.9,44.87,1,418.48,1089.82,0,405.5555555555556,1087.1545379166666,13.9,37.3,-1.3698630136986356,-4.180701516189034
40,2013,395.8333333333333,4.838709677419355,85.0,3590.0,455.60725,1015.0908629166667,1255.18914,859.1127789022514,14167.0,19.33,1.031656722448744,645.3,Segovia,Castilla y León,38.99,86.88,31.54,46.07,1,408.36,1047.23,0,400.0,1041.7038516666667,19.73,38.4,-1.041666666666674,-2.5547557213521643
40,2014,375.1388888888889,4.72972972972973,85.0,3851.0,437.0333333333333,1000.2988454166666,1243.9199233333334,836.8018599854768,13933.0,14.38,1.0332160647146191,645.3,Segovia,Castilla y León,37.5,85.84,30.16,44.83,1,387.6,1033.52,0,395.8333333333333,1015.0908629166667,19.33,38.99,-5.228070175438582,-1.4572111759038053
40,2015,367.0,4.634802925639984,85.0,4121.0,439.8428333333333,1005.7352279166666,1270.313615,829.514101935335,14019.0,14.82,1.0384115222946557,648.6,Segovia,Castilla y León,36.49,83.44,28.89,44.24,1,381.1,1044.37,0,375.1388888888889,1000.2988454166666,14.38,37.5,-2.169566827101077,0.5434758347377278
40,2016,370.0,4.66307380652066,84.0,4476.0,457.09004166666665,1006.0512966666666,1292.8520483333334,825.9015045366712,14024.0,14.16,1.0405208860397714,655.2,Segovia,Castilla y León,36.78,80.95,28.62,44.8,1,384.99,1046.82,0,367.0,1005.7352279166666,14.82,36.49,0.8174386920980936,0.03142663607942353
40,2017,374.0711728395062,4.70125786163522,85.0,4784.0,477.53695833333336,1017.4929854166667,1308.747575,828.9680616919122,14205.0,11.92,1.0205611862446453,707.7,Segovia,Castilla y León,36.76,78.33,28.58,45.12,1,381.76,1038.41,0,370.0,1006.0512966666666,14.16,36.78,1.100316983650318,1.1372868150868243
40,2018,380.0,4.800829791540174,84.0,5147.0,507.81712500000003,1057.4440754166667,1335.4971366666666,856.9773761895814,14837.0,11.82,1.0037444693258832,735.9,Segovia,Castilla y León,35.94,74.83,28.45,44.34,1,381.42,1061.4,0,374.0711728395062,1017.4929854166667,11.92,36.76,1.5849462858870345,3.926424120126981
40,2019,400.0,5.076999503229012,84.0,5660.0,527.6397083333333,1104.834065,1373.1007333333334,884.5786850157745,15597.0,9.83,0.9967743538313801,900.0,Segovia,Castilla y León,36.2,75.81,29.13,45.22,1,398.71,1101.27,0,380.0,1057.4440754166667,11.82,35.94,5.263157894736836,4.481559893809051
40,2020,400.0,5.193236714975845,83.0,5935.0,545.51125,1101.7498583333333,1371.3213833333332,900.175942949629,15545.0,9.15,1.0,950.0,Segovia,Castilla y León,36.31,73.33,29.17,44.44,1,400.0,1101.75,0,400.0,1104.834065,9.83,36.2,0.0,-0.27915564557349226
40,2021,416.6666666666667,5.3935637327490795,83.0,6194.0,581.5665,1171.6190016666667,1420.4314433333332,945.1525659797633,16723.0,9.36,0.9699974935414286,950.0,Segovia,Castilla y León,35.56,71.65,29.33,44.08,1,404.17,1136.47,1,400.0,1101.7498583333333,9.15,36.31,4.166666666666674,6.34165212773683
40,2022,440.0,5.618119266055046,83.0,6381.0,626.05025,1236.8025233333333,1494.9268966666668,992.3878352648952,17822.0,8.27,0.8949107299739896,1000.0,Segovia,Castilla y León,35.58,70.28,29.43,44.34,1,393.76,1106.83,1,416.6666666666667,1171.6190016666667,9.36,35.56,5.600000000000005,5.563542548724532
40,2023,450.0,5.874455346023133,83.0,6803.0,650.9796629166666,1316.0429100000001,1551.2136683333335,1050.9006666507762,19158.0,8.06,0.8643768521205406,1080.0,Segovia,Castilla y León,34.19,69.13,29.01,42.82,1,388.97,1137.56,1,440.0,1236.8025233333333,8.27,35.58,2.2727272727272707,6.406874595719958
40,2024,490.0,6.25,83.0,7218.0,684.4197366666667,1389.1741950000003,1613.0489791666666,1101.7473967140374,20391.0,6.69,0.8410456579083591,1134.0,Segovia,Castilla y León,35.27,71.59,30.38,44.47,1,412.11,1168.36,1,450.0,1316.0429100000001,8.06,34.19,8.888888888888879,5.556907335187122
41,2011,500.0,6.51063446969697,77.0,21064.0,461.6945,971.3469479166666,1247.4786233333332,833.6917517732866,13475.0,27.13,1.0717791932800231,641.4,Sevilla,Andalucía,51.47,108.3,40.08,59.97,1,535.89,1041.07,0,,,,,,
41,2012,487.5286409889331,6.378225574712643,78.0,22205.0,421.65912499999996,916.1613441666667,1196.1147199999998,791.747795559233,12602.0,31.5,1.0461898360861621,641.4,Sevilla,Andalucía,53.21,115.62,40.76,61.58,1,510.05,958.48,0,500.0,971.3469479166666,27.13,51.47,-2.494271802213377,-5.681348345033809
41,2013,450.0,6.0,78.0,23556.0,373.7415416666667,875.1356204166667,1172.3900533333333,752.1549560249932,11953.0,34.01,1.031656722448744,645.3,Sevilla,Andalucía,51.42,120.4,38.38,59.83,1,464.25,902.84,0,487.5286409889331,916.1613441666667,31.5,53.21,-7.697730519546031,-4.478002047479601
41,2014,450.0,5.901750043751093,78.0,25817.0,352.7483333333333,853.4533041666667,1164.620225,724.8506063794212,11610.0,32.78,1.0332160647146191,645.3,Sevilla,Andalucía,52.73,127.57,38.64,62.08,1,464.95,881.8,0,450.0,875.1356204166667,34.01,51.42,0.0,-2.4775949857550827
41,2015,450.0,5.861323983034509,79.0,28660.0,367.2640833333333,858.6368316666667,1187.21797,727.4359688810492,11692.0,30.5,1.0384115222946557,648.6,Sevilla,Andalucía,52.41,122.53,37.9,61.86,1,467.29,891.62,0,450.0,853.4533041666667,32.78,52.73,0.0,0.6073592397725092
41,2016,450.0,5.9748427672955975,79.0,31427.0,378.1899166666667,867.6763979166667,1202.87625,733.4608514882128,11835.0,27.64,1.0405208860397714,655.2,Sevilla,Andalucía,51.86,118.99,37.41,61.35,1,468.23,902.84,0,450.0,858.6368316666667,30.5,52.41,0.0,1.052781096340083
41,2017,454.6666666666667,6.1000000000000005,79.0,34373.0,408.314,875.0724066666667,1219.2462699999999,740.1626847926162,11952.0,24.27,1.0205611862446453,707.7,Sevilla,Andalucía,51.96,111.35,37.29,61.43,1,464.02,893.06,0,450.0,867.6763979166667,27.64,51.86,1.0370370370370363,0.8523925241896713
41,2018,475.0,6.276041666666667,78.0,36991.0,440.9354166666667,918.5002529166668,1253.76566,774.7962700119583,12639.0,22.44,1.0037444693258832,735.9,Sevilla,Andalucía,51.71,107.73,37.89,61.31,1,476.78,921.94,0,454.6666666666667,875.0724066666667,24.27,51.96,4.472140762463339,4.962771756845341
41,2019,506.9444444444445,6.84058788336797,78.0,39096.0,471.9179583333333,979.8808041666666,1300.6811883333332,820.5858893875933,13610.0,21.5,0.9967743538313801,900.0,Sevilla,Andalucía,51.74,107.42,38.98,61.78,1,505.31,976.72,0,475.0,918.5002529166668,22.44,51.71,6.725146198830423,6.682692906734422
41,2020,525.0,6.995658720518271,78.0,40607.0,470.123,955.9227929166667,1281.52352,814.8416732210014,13231.0,22.1,1.0,950.0,Sevilla,Andalucía,54.92,111.67,40.97,64.43,1,525.0,955.92,0,506.9444444444445,979.8808041666666,21.5,51.74,3.561643835616435,-2.4449924060278794
41,2021,547.6246592860774,7.258064516129032,78.0,43023.0,494.39395833333333,1053.7776779166668,1342.6738483333334,879.2399711680524,14779.0,22.05,0.9699974935414286,950.0,Sevilla,Andalucía,51.97,110.77,40.79,62.28,1,531.19,1022.16,1,525.0,955.9227929166667,22.1,54.92,4.30945891163379,10.23669335275812
41,2022,555.4223913043478,7.596544715447155,78.0,45772.0,552.2228333333334,1149.1991916666668,1414.2037183333332,949.6385866740658,16345.0,17.39,0.8949107299739896,1000.0,Sevilla,Andalucía,48.33,100.58,39.27,58.49,1,497.05,1028.43,1,547.6246592860774,1053.7776779166668,22.05,51.97,1.4239190814445912,9.055184575426733
41,2023,595.1666666666666,7.962962962962963,77.0,48955.0,604.1205416666667,1233.7183166666666,1484.9625366666667,1018.0380031074016,17770.0,16.73,0.8643768521205406,1080.0,Sevilla,Andalucía,48.24,98.52,40.08,58.46,1,514.45,1066.4,1,555.4223913043478,1149.1991916666668,17.39,48.33,7.15568475174071,7.354610550797802
41,2024,610.4108910796086,8.36206896551724,77.0,51837.0,634.3544466666666,1291.309945,1541.6644900000001,1056.7576426372277,18741.0,13.95,0.8410456579083591,1134.0,Sevilla,Andalucía,47.27,96.23,39.59,57.76,1,513.38,1086.05,1,595.1666666666666,1233.7183166666666,16.73,48.24,2.561337061821667,4.668134334662222
42,2011,400.0,4.924242424242425,87.0,2289.0,633.4694541666667,1149.5550616666667,1330.8708266666667,994.990560289108,16351.0,13.62,1.0717791932800231,641.4,Soria,Castilla y León,34.8,63.14,30.06,40.2,1,428.71,1232.07,0,,,,,,
42,2012,394.5625,4.821919255971253,86.0,2320.0,588.9024166666667,1109.5789983333334,1279.2696766666666,967.3738554660282,15677.0,14.83,1.0461898360861621,641.4,Soria,Castilla y León,35.56,67.0,30.84,40.79,1,412.79,1160.83,0,400.0,1149.5550616666667,13.62,34.8,-1.359374999999996,-3.4775248847475404
42,2013,370.0,4.606002365464222,87.0,2339.0,526.078875,1071.0982454166667,1259.400268333333,926.5896832468023,15053.0,16.59,1.031656722448744,645.3,Soria,Castilla y León,34.54,70.33,29.38,39.93,1,381.71,1105.01,0,394.5625,1109.5789983333334,14.83,35.56,-6.225249485189288,-3.4680498616563193
42,2014,360.0,4.435483870967742,86.0,2473.0,503.91504166666664,1067.3054204166667,1265.4500583333333,912.3193426453624,14993.0,17.03,1.0332160647146191,645.3,Soria,Castilla y León,33.73,71.44,28.45,39.46,1,371.96,1102.76,0,370.0,1071.0982454166667,16.59,34.54,-2.7027027027026973,-0.35410617244775455
42,2015,350.0,4.385964912280701,87.0,2576.0,513.1239583333333,1076.2185591666666,1297.3004233333334,911.1057234670052,15134.0,14.08,1.0384115222946557,648.6,Soria,Castilla y León,32.52,68.21,26.98,38.41,1,363.44,1117.56,0,360.0,1067.3054204166667,17.03,33.73,-2.777777777777779,0.8351066695154952
42,2016,355.66791666666666,4.474578327872831,87.0,2764.0,527.6397083333333,1107.0285966666668,1307.0868483333331,923.4809223765774,15634.0,13.21,1.0405208860397714,655.2,Soria,Castilla y León,32.13,67.41,27.21,38.51,1,370.08,1151.89,0,350.0,1076.2185591666666,14.08,32.52,1.6194047619047636,2.8628048863844846
42,2017,366.6666666666667,4.545454545454546,87.0,2872.0,572.5136666666666,1117.82332,1341.2503683333334,934.6976841889515,15816.0,10.84,1.0205611862446453,707.7,Soria,Castilla y León,32.8,64.05,27.34,39.23,1,374.21,1140.81,0,355.66791666666666,1107.0285966666668,13.21,32.13,3.0924211840867466,0.9751079028885723
42,2018,380.0,4.6768707482993195,86.0,3079.0,599.2039166666667,1169.7210283333334,1386.0899883333332,969.2980151171004,16691.0,8.07,1.0037444693258832,735.9,Soria,Castilla y León,32.49,63.42,27.42,39.2,1,381.42,1174.1,0,366.6666666666667,1117.82332,10.84,32.8,3.6363636363636376,4.642746971259593
42,2019,400.0,5.056179775280898,86.0,3290.0,585.9368333333333,1201.6900166666667,1443.7409283333334,976.4650421371385,17230.0,7.48,0.9967743538313801,900.0,Soria,Castilla y León,33.29,68.27,27.71,40.96,1,398.71,1197.81,0,380.0,1169.7210283333334,8.07,32.49,5.263157894736836,2.7330438248925004
42,2020,405.0,5.154690088067848,86.0,3455.0,636.7565691666667,1195.6402266666666,1416.932055,1005.037040399682,17128.0,8.76,1.0,950.0,Soria,Castilla y León,33.87,63.6,28.58,40.3,1,405.0,1195.64,0,400.0,1201.6900166666667,7.48,33.29,1.2499999999999956,-0.5034401481324946
42,2021,428.27279874213843,5.343162393162394,86.0,3620.0,658.8813816666667,1255.54501,1465.8641799999998,1042.5965826251424,18138.0,9.2,0.9699974935414286,950.0,Soria,Castilla y León,34.11,65.0,29.22,41.08,1,415.42,1217.88,1,405.0,1195.6402266666666,8.76,33.87,5.746370059787265,5.010268306239785
42,2022,450.0,5.479452054794521,85.0,3758.0,678.3512166666666,1313.19595,1536.6229983333333,1076.1479438632432,19110.0,8.1,0.8949107299739896,1000.0,Soria,Castilla y León,34.27,66.34,29.28,41.82,1,402.71,1175.19,1,428.27279874213843,1255.54501,9.2,34.11,5.073215324829317,4.591706353880531
42,2023,456.125,5.764487906729286,85.0,3974.0,711.7912904166666,1372.2703700000002,1608.3508708333331,1117.5541129981693,20106.0,7.79,0.8643768521205406,1080.0,Soria,Castilla y León,33.24,64.08,28.36,40.81,1,394.26,1186.16,1,450.0,1313.19595,8.1,34.27,1.3611111111111018,4.498522859440746
42,2024,490.0,6.078316668384702,85.0,4123.0,765.9022604166666,1438.6994366666668,1671.3929291666666,1179.9178599206248,21226.0,6.34,0.8410456579083591,1134.0,Soria,Castilla y León,34.06,63.98,29.32,41.53,1,412.11,1210.01,1,456.125,1372.2703700000002,7.79,33.24,7.426692244450539,4.840814763541568
43,2011,416.6666666666667,5.476838693241386,79.0,19622.0,588.2780833333333,1164.79816,1398.6047500000002,994.8366513823847,16608.0,19.98,1.0717791932800231,641.4,Tarragona,Cataluña,35.77,70.83,29.79,41.88,1,446.57,1248.41,0,,,,,,
43,2012,400.0,5.241889616935484,79.0,20536.0,545.1210416666667,1126.2455766666665,1368.4151116666665,961.1626298704581,15958.0,23.41,1.0461898360861621,641.4,Tarragona,Cataluña,35.52,73.38,29.23,41.62,1,418.48,1178.27,0,416.6666666666667,1164.79816,19.98,35.77,-4.0000000000000036,-3.309808055786556
43,2013,392.015,5.0,80.0,21880.0,498.0619166666667,1095.4035099999999,1353.1720133333333,925.565336149015,15438.0,26.91,1.031656722448744,645.3,Tarragona,Cataluña,35.79,78.71,28.97,42.35,1,404.42,1130.08,0,400.0,1126.2455766666665,23.41,35.52,-1.9962499999999994,-2.7384850431954155
43,2014,379.1666666666667,4.878048780487805,80.0,23849.0,472.8544583333333,1078.7471091666669,1345.93599,897.4614359355782,15174.0,23.46,1.0332160647146191,645.3,Tarragona,Cataluña,35.15,80.19,28.17,42.25,1,391.76,1114.58,0,392.015,1095.4035099999999,26.91,35.79,-3.277510639473824,-1.5205721618815171
43,2015,375.0,4.838709677419355,80.0,26134.0,468.6402083333333,1096.5897433333332,1374.702148333333,893.3481018364773,15458.0,21.93,1.0384115222946557,648.6,Tarragona,Cataluña,34.2,80.02,27.28,41.98,1,389.4,1138.71,0,379.1666666666667,1078.7471091666669,23.46,35.15,-1.098901098901106,1.654014552164118
43,2016,380.0,4.929577464788733,80.0,28572.0,500.09099999999995,1110.7652316666665,1397.715075,898.7526951602364,15697.0,19.06,1.0405208860397714,655.2,Tarragona,Cataluña,34.21,75.99,27.19,42.28,1,395.4,1155.77,0,375.0,1096.5897433333332,21.93,34.2,1.333333333333342,1.29268839322203
43,2017,390.0,5.012779188877792,80.0,30869.0,536.6925416666667,1133.8374700000002,1424.049455,913.6043468077876,16086.0,16.09,1.0205611862446453,707.7,Tarragona,Cataluña,34.4,72.67,27.39,42.69,1,398.02,1157.15,0,380.0,1110.7652316666665,19.06,34.21,2.6315789473684292,2.077148048531785
43,2018,400.0,5.172413793103448,79.0,33399.0,565.5679583333333,1180.81231,1471.1429183333332,945.7839698464613,16878.0,14.96,1.0037444693258832,735.9,Tarragona,Cataluña,33.87,70.73,27.19,42.29,1,401.5,1185.23,0,390.0,1133.8374700000002,16.09,34.4,2.564102564102555,4.142995909281422
43,2019,420.0,5.555555555555556,79.0,36326.0,606.0715833333334,1230.3375516666667,1522.5068216666668,983.7235753262188,17713.0,13.46,0.9967743538313801,900.0,Tarragona,Cataluña,34.14,69.3,27.59,42.69,1,418.65,1226.37,0,400.0,1180.81231,14.96,33.87,5.000000000000004,4.1941671209937414
43,2020,433.3333333333333,5.720017052040774,79.0,37978.0,580.7860833333333,1193.6829416666667,1498.9007783333334,965.4565120604358,17095.0,15.27,1.0,950.0,Tarragona,Cataluña,36.3,74.61,28.91,44.88,1,433.33,1193.68,0,420.0,1230.3375516666667,13.46,34.14,3.1746031746031633,-2.9792319961579827
43,2021,450.0,5.921052631578948,79.0,39753.0,630.5616216666667,1276.6006516666669,1579.38671,1016.760518706526,18493.0,13.36,0.9699974935414286,950.0,Tarragona,Cataluña,35.25,71.36,28.49,44.26,1,436.5,1238.3,1,433.3333333333333,1193.6829416666667,15.27,36.3,3.8461538461538547,6.946376387370279
43,2022,458.3333333333333,6.172839506172839,78.0,40923.0,677.5294379166667,1346.5291066666668,1646.5366583333334,1064.5806870232057,19672.0,11.4,0.8949107299739896,1000.0,Tarragona,Cataluña,34.04,67.65,27.84,43.05,1,410.17,1205.02,1,450.0,1276.6006516666669,13.36,35.25,1.8518518518518379,5.477707919755859
43,2023,489.0,6.481102272245361,78.0,42842.0,718.1758791666667,1423.5749616666665,1712.8564666666668,1119.9655742275677,20971.0,11.28,0.8643768521205406,1080.0,Tarragona,Cataluña,34.35,68.09,28.55,43.66,1,422.68,1230.51,1,458.3333333333333,1346.5291066666668,11.4,34.04,6.690909090909103,5.721811330965343
43,2024,501.3698630136987,6.821428571428572,78.0,44029.0,755.4719916666667,1493.799975,1770.7633833333332,1171.3386915490123,22155.0,12.7,0.8410456579083591,1134.0,Tarragona,Cataluña,33.56,66.37,28.31,42.8,1,421.67,1256.35,1,489.0,1423.5749616666665,11.28,34.35,2.5296243381796923,4.933004248059869
44,2011,350.0,4.049964343020147,91.0,2792.0,615.74875,1093.8551954166667,1270.84742,941.9958275121074,15413.0,14.5,1.0717791932800231,641.4,Teruel,Aragón,32.0,56.84,27.54,37.16,1,375.12,1172.37,0,,,,,,
44,2012,320.8333333333333,3.8160312075983724,91.0,2775.0,564.3192916666667,1042.8416991666666,1230.9306683333334,900.7300531902937,14606.0,16.24,1.0461898360861621,641.4,Teruel,Aragón,30.77,56.85,26.06,35.62,1,335.65,1091.01,0,350.0,1093.8551954166667,14.5,32.0,-8.333333333333337,-4.663642542792723
44,2013,300.0,3.688988095238095,91.0,2794.0,507.7390833333333,1002.5113266666666,1225.4146833333332,861.9000147660655,13968.0,19.74,1.031656722448744,645.3,Teruel,Aragón,29.92,59.09,24.48,34.81,0,309.5,1034.25,0,320.8333333333333,1042.8416991666666,16.24,30.77,-6.493506493506485,-3.8673532648558218
44,2014,300.0,3.6036036036036037,91.0,2922.0,495.4085,1000.0459904166668,1225.7112416666669,854.3317363122227,13929.0,20.03,1.0332160647146191,645.3,Teruel,Aragón,30.0,60.56,24.48,35.12,0,309.96,1033.26,0,300.0,1002.5113266666666,19.74,29.92,0.0,-0.24591604946719858
44,2015,300.0,3.566635802469136,91.0,3118.0,489.78950000000003,1011.1716104166667,1238.46325,850.190793715959,14105.0,17.03,1.0384115222946557,648.6,Teruel,Aragón,29.67,61.25,24.22,35.29,0,311.52,1050.01,0,300.0,1000.0459904166668,20.03,30.0,0.0,1.1125108351631274
44,2016,300.0,3.5981308411214954,91.0,3345.0,510.31445833333333,1033.2332091666667,1257.2650483333334,866.4583486537492,14454.0,13.45,1.0405208860397714,655.2,Teruel,Aragón,29.04,58.79,23.86,34.62,0,312.16,1075.1,0,300.0,1011.1716104166667,17.03,29.67,0.0,2.1817858138747814
44,2017,300.0,3.62670258943272,91.0,3613.0,547.38425,1068.3800541666667,1275.4144183333335,893.0705950012066,15010.0,12.15,1.0205611862446453,707.7,Teruel,Aragón,28.08,54.81,23.52,33.59,0,306.17,1090.35,0,300.0,1033.2332091666667,13.45,29.04,0.0,3.4016371800851264
44,2018,304.1666666666667,3.733333333333333,91.0,3823.0,587.887875,1122.3903183333334,1321.9740766666666,935.2497391807941,15893.0,9.16,1.0037444693258832,735.9,Teruel,Aragón,27.1,51.74,23.01,32.52,0,305.31,1126.59,0,300.0,1068.3800541666667,12.15,28.08,1.3888888888889062,5.055341866036112
44,2019,334.09073170731705,4.0,91.0,4185.0,615.74875,1177.4908566666666,1368.474423333333,973.9165708298907,16822.0,9.77,0.9967743538313801,900.0,Teruel,Aragón,28.37,54.26,24.41,34.3,0,333.01,1173.69,0,304.1666666666667,1122.3903183333334,9.16,27.1,9.838048780487796,4.909213616093311
44,2020,350.0,4.106456043956044,91.0,4399.0,618.6362916666667,1155.2489816666666,1359.81492,970.0386567469964,16447.0,10.58,1.0,950.0,Teruel,Aragón,30.3,56.58,25.74,36.08,1,350.0,1155.25,0,334.09073170731705,1177.4908566666666,9.77,28.37,4.761960384647956,-1.8889212492880003
44,2021,350.0,4.252961171853097,91.0,4529.0,650.8532354166667,1236.861835,1425.8881166666667,1022.4099565134065,17823.0,8.38,0.9699974935414286,950.0,Teruel,Aragón,28.3,53.78,24.55,34.23,0,339.5,1199.75,1,350.0,1155.2489816666666,10.58,30.3,0.0,7.064525018285783
44,2022,364.92,4.442018265768572,91.0,4620.0,695.2292879166666,1301.09637,1495.04552,1070.4082334009197,18906.0,8.94,0.8949107299739896,1000.0,Teruel,Aragón,28.05,52.49,24.41,34.09,0,326.57,1164.37,1,350.0,1236.861835,8.38,28.3,4.262857142857146,5.193347646627
44,2023,382.7425149700598,4.6489361702127665,91.0,4922.0,728.9222166666667,1371.6772533333333,1554.83168,1120.4729509189024,20096.0,9.39,0.8643768521205406,1080.0,Teruel,Aragón,27.9,52.51,24.62,34.16,0,330.83,1185.65,1,364.92,1301.09637,8.94,28.05,4.883951268787623,5.424723714611024
44,2024,400.0,4.953445014901375,91.0,5119.0,769.1893754166667,1441.487085,1626.1599791666667,1175.1028511397737,21273.0,7.2,0.8410456579083591,1134.0,Teruel,Aragón,27.75,52.0,24.6,34.04,0,336.42,1212.36,1,382.7425149700598,1371.6772533333333,9.39,27.9,4.508902030726891,5.089377366069225
45,2011,400.0,4.852002835873804,88.0,8047.0,607.6324166666667,1091.3266454166667,1256.0195033333332,960.5077433098096,15373.0,23.87,1.0717791932800231,641.4,Toledo,Castilla - La Mancha,36.65,65.83,31.85,41.64,1,428.71,1169.66,0,,,,,,
45,2012,375.0,4.574257425742574,88.0,8295.0,552.535,1033.7389191666668,1221.0849316666665,911.8907298581403,14462.0,28.76,1.0461898360861621,641.4,Toledo,Castilla - La Mancha,36.28,67.87,30.71,41.12,1,392.32,1081.49,0,400.0,1091.3266454166667,23.87,36.65,-6.25,-5.276855146152226
45,2013,350.0,4.261576725854403,89.0,8657.0,492.67704166666664,1008.5798466666666,1222.8049700000001,879.3895259495414,14064.0,32.06,1.031656722448744,645.3,Toledo,Castilla - La Mancha,34.7,71.04,28.62,39.8,1,361.08,1040.51,0,375.0,1033.7389191666668,28.76,36.28,-6.666666666666665,-2.4337936817046435
45,2014,340.0,4.095436865572526,89.0,9480.0,461.928625,994.7992491666668,1221.7966716666667,856.1761939393551,13846.0,29.43,1.0332160647146191,645.3,Toledo,Castilla - La Mancha,34.18,73.6,27.83,39.71,1,351.29,1027.84,0,350.0,1008.5798466666666,32.06,34.7,-2.857142857142858,-1.366336789848066
45,2015,330.0,4.0,89.0,10396.0,456.6217916666667,996.8853029166667,1235.3197316666667,848.106458659105,13879.0,27.68,1.0384115222946557,648.6,Toledo,Castilla - La Mancha,33.1,72.27,26.71,38.91,1,342.68,1035.18,0,340.0,994.7992491666668,29.43,34.18,-2.941176470588236,0.20969595139395114
45,2016,333.3333333333333,4.069767441860465,89.0,11550.0,474.88354166666664,1006.5570066666668,1264.619695,850.3680158539565,14032.0,25.4,1.0405208860397714,655.2,Toledo,Castilla - La Mancha,33.12,70.19,26.36,39.2,1,346.84,1047.34,0,330.0,996.8853029166667,27.68,33.1,1.0101010101009944,0.9701922299087729
45,2017,340.0,4.151016836455729,89.0,12972.0,506.56845833333335,1023.3086504166666,1291.1913216666665,861.470258948374,14297.0,20.91,1.0205611862446453,707.7,Toledo,Castilla - La Mancha,33.23,67.12,26.33,39.47,1,346.99,1044.35,0,333.3333333333333,1006.5570066666668,25.4,33.12,2.0000000000000018,1.664251864429911
45,2018,350.0,4.276315789473684,89.0,14496.0,541.4530833333333,1057.1280066666666,1334.4295266666666,888.6494647254378,14832.0,19.47,1.0037444693258832,735.9,Toledo,Castilla - La Mancha,33.11,64.64,26.23,39.39,1,351.31,1061.09,0,340.0,1023.3086504166666,20.91,33.23,2.941176470588225,3.304902800951548
45,2019,374.7280571501942,4.657198835647112,88.0,16802.0,583.8297083333333,1101.6905466666667,1380.0401983333334,924.9134388139214,15544.0,16.86,0.9967743538313801,900.0,Toledo,Castilla - La Mancha,34.01,64.18,27.15,40.51,1,373.52,1098.14,0,350.0,1057.1280066666666,19.47,33.11,7.065159185769776,4.215434622767655
45,2020,395.0,4.8773494148186165,88.0,18218.0,587.1074583333333,1073.8164366666667,1362.9584383333333,917.166509708885,15096.0,18.84,1.0,950.0,Toledo,Castilla - La Mancha,36.78,67.28,28.98,43.07,1,395.0,1073.82,0,374.7280571501942,1101.6905466666667,16.86,34.01,5.409774491927255,-2.5301215558522605
45,2021,400.0,5.072463768115942,88.0,19327.0,630.1191254166666,1151.7495933333335,1422.6852866666668,971.6260304478164,16388.0,16.41,0.9699974935414286,950.0,Toledo,Castilla - La Mancha,34.73,63.48,28.12,41.17,1,388.0,1117.19,1,395.0,1073.8164366666667,18.84,36.78,1.2658227848101333,7.2575864929564915
45,2022,420.0,5.357142857142858,87.0,20495.0,679.2994229166667,1232.235525,1485.3184066666665,1031.826071112649,17745.0,15.19,0.8949107299739896,1000.0,Toledo,Castilla - La Mancha,34.08,61.83,28.28,40.7,1,375.86,1102.74,1,400.0,1151.7495933333335,16.41,34.73,5.000000000000004,6.988145004134827
45,2023,450.0,5.718448672575538,86.0,22186.0,720.0722916666667,1304.0026416666667,1546.2314883333331,1085.840271651903,18955.0,13.64,0.8643768521205406,1080.0,Toledo,Castilla - La Mancha,34.51,62.49,29.1,41.44,1,388.97,1127.15,1,420.0,1232.235525,15.19,34.08,7.14285714285714,5.824139558601571
45,2024,475.0,6.097560975609756,86.0,23596.0,749.9723954166666,1361.4756466666668,1592.8361875,1126.47069156062,19924.0,13.87,0.8410456579083591,1134.0,Toledo,Castilla - La Mancha,34.89,63.34,29.82,42.17,1,399.5,1145.06,1,450.0,1304.0026416666667,13.64,34.51,5.555555555555558,4.407430105091104
46,2011,400.0,4.592229125436737,90.0,52037.0,520.8500833333334,1078.2413991666667,1352.2823383333332,934.3970112490839,15166.0,23.57,1.0717791932800231,641.4,Valencia/València,Comunitat Valenciana,37.1,76.8,29.58,42.81,1,428.71,1155.64,0,,,,,,
46,2012,395.0,4.431818181818182,90.0,54432.0,471.4497083333333,1028.8082466666667,1307.6206533333334,891.1078645995939,14384.0,26.6,1.0461898360861621,641.4,Valencia/València,Comunitat Valenciana,38.39,83.78,30.21,44.33,1,413.24,1076.33,0,400.0,1078.2413991666667,23.57,37.1,-1.2499999999999956,-4.584609025233599
46,2013,366.6666666666667,4.201754385964912,91.0,58400.0,432.89712499999996,1006.2409379166667,1301.986045,865.756364805183,14027.0,27.66,1.031656722448744,645.3,Valencia/València,Comunitat Valenciana,36.44,84.7,28.16,42.35,1,378.27,1038.1,0,395.0,1028.8082466666667,26.6,38.39,-7.172995780590707,-2.1935388662676414
46,2014,350.0,4.1120449009811315,91.0,64570.0,413.85495833333334,995.2417454166667,1294.6313983333334,843.4798335159851,13853.0,25.38,1.0332160647146191,645.3,Valencia/València,Comunitat Valenciana,35.17,84.57,27.03,41.49,1,361.63,1028.3,0,366.6666666666667,1006.2409379166667,27.66,36.44,-4.545454545454552,-1.0930972976286202
46,2015,350.0,4.107513850415511,91.0,72572.0,422.82975000000005,1009.9705491666667,1320.135415,844.4996203651432,14086.0,21.81,1.0384115222946557,648.6,Valencia/València,Comunitat Valenciana,34.65,82.78,26.51,41.44,1,363.44,1048.77,0,350.0,995.2417454166667,25.38,35.17,0.0,1.479922221694352
46,2016,360.0694444444444,4.207119741100324,91.0,80249.0,445.539875,1023.7511466666666,1338.9965250000002,850.763704319134,14304.0,20.72,1.0405208860397714,655.2,Valencia/València,Comunitat Valenciana,35.17,80.82,26.89,42.32,1,374.66,1065.23,0,350.0,1009.9705491666667,21.81,34.65,2.8769841269841168,1.364455380542573
46,2017,375.0,4.310344827586207,91.0,88105.0,479.09779166666664,1050.9962729166666,1366.4578266666667,868.3985491877414,14735.0,18.54,1.0205611862446453,707.7,Valencia/València,Comunitat Valenciana,35.68,78.27,27.44,43.18,1,382.71,1072.61,0,360.0694444444444,1023.7511466666666,20.72,35.17,4.146576663452284,2.6613036125732403
46,2018,397.31301440329224,4.492753623188405,91.0,95215.0,508.90970833333336,1090.6945079166667,1408.2725516666667,897.0081746400706,15363.0,15.19,1.0037444693258832,735.9,Valencia/València,Comunitat Valenciana,36.43,78.07,28.21,44.29,1,398.8,1094.78,0,375.0,1050.9962729166666,18.54,35.68,5.950137174211267,3.777200359600874
46,2019,420.24,4.931543865970095,91.0,103185.0,538.0972916666666,1147.4198416666666,1457.2639883333334,937.05857033703,16315.0,13.65,0.9967743538313801,900.0,Valencia/València,Comunitat Valenciana,36.62,78.1,28.84,44.85,1,418.88,1143.72,0,397.31301440329224,1090.6945079166667,15.19,36.43,5.770509589558959,5.2008452722798415
46,2020,450.0,5.154639175257732,90.0,109211.0,553.6275833333333,1138.5230916666667,1438.4028783333333,950.1449824076441,16165.0,15.29,1.0,950.0,Valencia/València,Comunitat Valenciana,39.52,81.28,31.28,47.36,1,450.0,1138.52,0,420.24,1147.4198416666666,13.65,36.62,7.081667618503706,-0.7753700674268504
46,2021,458.3333333333333,5.421686746987952,90.0,116662.0,567.4409583333334,1210.1122733333334,1497.5366099999999,988.8121826901296,17372.0,14.71,0.9699974935414286,950.0,Valencia/València,Comunitat Valenciana,37.88,80.77,30.61,46.35,1,444.58,1173.81,1,450.0,1138.5230916666667,15.29,39.52,1.8518518518518379,6.287898962318672
46,2022,500.0,5.769230769230769,90.0,122952.0,632.2051791666667,1300.6218766666666,1593.4917374999998,1056.7175806739033,18898.0,12.55,0.8949107299739896,1000.0,Valencia/València,Comunitat Valenciana,38.44,79.09,31.38,47.32,1,447.46,1163.94,1,458.3333333333333,1210.1122733333334,14.71,37.88,9.090909090909104,7.4794385056535795
46,2023,525.0,6.1808683120158525,90.0,131518.0,663.3695579166666,1373.4566033333333,1659.9754333333333,1109.8631772244378,20126.0,11.97,0.8643768521205406,1080.0,Valencia/València,Comunitat Valenciana,38.22,79.14,31.63,47.3,1,453.8,1187.18,1,500.0,1300.6218766666666,12.55,38.44,5.000000000000004,5.599992432338063
46,2024,570.0,6.690140845070423,90.0,137413.0,694.1546541666667,1431.522725,1715.6425541666667,1153.857707185388,21105.0,11.7,0.8410456579083591,1134.0,Valencia/València,Comunitat Valenciana,39.82,82.11,33.22,49.4,1,479.4,1203.98,1,525.0,1373.4566033333333,11.97,38.22,8.571428571428562,4.227736174972119
47,2011,420.0,5.170384615384616,84.0,13260.0,544.8869166666667,1163.3153683333333,1441.6057083333333,1010.859436710481,16583.0,16.63,1.0717791932800231,641.4,Valladolid,Castilla y León,36.1,77.08,29.13,41.55,1,450.15,1246.82,0,,,,,,
47,2012,410.0,5.084745762711864,84.0,13677.0,505.63195833333333,1110.5872966666668,1392.9108299999998,970.2484457860701,15694.0,18.88,1.0461898360861621,641.4,Valladolid,Castilla y León,36.92,81.09,29.43,42.26,1,428.94,1161.89,0,420.0,1163.3153683333333,16.63,36.1,-2.3809523809523836,-4.532568992207953
47,2013,400.0,4.895238095238095,85.0,14312.0,460.2117083333333,1083.6145679166666,1390.06387,942.4819671054333,15251.0,20.06,1.031656722448744,645.3,Valladolid,Castilla y León,36.91,86.92,28.78,42.44,1,412.66,1117.92,0,410.0,1110.5872966666668,18.88,36.92,-2.4390243902439046,-2.4286905523731916
47,2014,398.1818181818182,4.838709677419355,85.0,15409.0,443.27666666666664,1070.7189629166667,1385.6748066666669,918.7072398863285,15047.0,18.15,1.0332160647146191,645.3,Valladolid,Castilla y León,37.19,89.83,28.74,43.34,1,411.41,1106.28,0,400.0,1083.6145679166666,20.06,36.91,-0.4545454545454519,-1.190054598914514
47,2015,390.71769781604667,4.795555312325178,85.0,16876.0,473.5568333333333,1086.4591866666667,1407.5015,925.3028665892775,15296.0,16.09,1.0384115222946557,648.6,Valladolid,Castilla y León,35.96,82.51,27.76,42.23,1,405.73,1128.19,0,398.1818181818182,1070.7189629166667,18.15,37.19,-1.874550776791939,1.4700611733935443
47,2016,400.0,4.910714285714286,85.0,18355.0,503.52483333333333,1098.072535,1425.7101816666666,932.0911578424194,15483.0,14.1,1.0405208860397714,655.2,Valladolid,Castilla y León,36.43,79.44,28.06,42.91,1,416.21,1142.57,0,390.71769781604667,1086.4591866666667,16.09,35.96,2.375705588929722,1.0689171278457144
47,2017,400.0,5.0,84.0,19794.0,509.29991666666666,1122.2716950000001,1444.15611,939.955058136804,15891.0,13.82,1.0205611862446453,707.7,Valladolid,Castilla y León,35.64,78.54,27.7,42.56,1,408.22,1145.35,0,400.0,1098.072535,14.1,36.43,0.0,2.203785198944086
47,2018,400.0,5.118110236220472,84.0,21146.0,520.6159583333333,1156.5538383333333,1473.3967616666666,957.6811916949621,16469.0,10.99,1.0037444693258832,735.9,Valladolid,Castilla y León,34.59,76.83,27.15,41.77,1,401.5,1160.88,0,400.0,1122.2716950000001,13.82,35.64,0.0,3.0547097896230113
47,2019,437.5512295081967,5.46875,84.0,22557.0,563.773,1207.7991183333334,1515.4487333333334,997.190500608177,17333.0,10.87,0.9967743538313801,900.0,Valladolid,Castilla y León,36.23,77.61,28.87,43.88,1,436.14,1203.9,0,400.0,1156.5538383333333,10.99,34.59,9.387807377049162,4.430859878849036
47,2020,450.0,5.593220338983051,84.0,23530.0,612.2368749999999,1179.6853883333333,1487.750185,1005.7715290037328,16859.0,10.61,1.0,950.0,Valladolid,Castilla y León,38.15,73.5,30.25,44.74,1,450.0,1179.69,0,437.5512295081967,1207.7991183333334,10.87,36.23,2.8451001053740876,-2.327682606590631
47,2021,450.0,5.767049413956729,83.0,24416.0,601.1549583333333,1257.7988533333335,1552.34059,1042.5407190442374,18176.0,10.92,0.9699974935414286,950.0,Valladolid,Castilla y León,35.78,74.86,28.99,43.16,1,436.5,1220.06,1,450.0,1179.6853883333333,10.61,38.15,0.0,6.621550607688653
47,2022,470.0,5.978260869565218,83.0,25182.0,634.3544466666666,1358.4507516666667,1616.5998749999999,1110.2375596321099,19873.0,8.54,0.8949107299739896,1000.0,Valladolid,Castilla y León,34.6,74.09,29.07,42.33,1,420.61,1215.69,1,450.0,1257.7988533333335,10.92,35.78,4.444444444444451,8.002225321369338
47,2023,490.8557884231537,6.231884057971015,83.0,26442.0,679.1729954166667,1448.0113683333332,1686.5252083333335,1176.9028705191304,21383.0,9.37,0.8643768521205406,1080.0,Valladolid,Castilla y León,33.9,72.27,29.1,41.71,1,424.28,1251.63,1,470.0,1358.4507516666667,8.54,34.6,4.437401792160367,6.5928497265569375
47,2024,505.8333333333333,6.521739130434782,83.0,27600.0,712.5498554166667,1515.4487333333334,1746.1256291666668,1217.1857994133056,22520.0,10.01,0.8410456579083591,1134.0,Valladolid,Castilla y León,33.38,70.99,28.97,41.56,1,425.43,1274.56,1,490.8557884231537,1448.0113683333332,9.37,33.9,3.0513126794927237,4.657240024131926
49,2011,339.1666666666667,3.7116045783926217,94.0,2892.0,554.2519166666667,1026.2164829166666,1186.2689833333334,886.5192152742912,14343.0,18.45,1.0717791932800231,641.4,Zamora,Castilla y León,33.05,61.19,28.59,38.26,1,363.51,1099.88,0,,,,,,
49,2012,333.3333333333333,3.72145822522055,94.0,2842.0,522.567,981.0818654166666,1164.5609133333335,859.0631778172714,13629.0,23.21,1.0461898360861621,641.4,Zamora,Castilla y León,33.98,63.79,28.62,38.8,1,348.73,1026.4,0,339.1666666666667,1026.2164829166666,18.45,33.05,-1.7199017199017286,-4.3981575282946554
49,2013,326.58333333333337,3.6538461538461546,94.0,2896.0,473.9470416666666,953.8999529166666,1159.10424,831.4974997054267,13199.0,26.16,1.031656722448744,645.3,Zamora,Castilla y León,34.24,68.91,28.18,39.28,1,336.92,984.1,0,333.3333333333333,981.0818654166666,23.21,33.98,-2.024999999999988,-2.7706059461669708
49,2014,320.0,3.6082474226804124,94.0,3058.0,436.4870416666667,927.8558879166667,1148.250205,799.5342001122708,12787.0,26.27,1.0332160647146191,645.3,Zamora,Castilla y León,34.49,73.31,27.87,40.02,1,330.63,958.68,0,326.58333333333337,953.8999529166666,26.16,34.24,-2.0158203623373394,-2.730272175857329
49,2015,312.27312878787876,3.562018025833815,93.0,3230.0,430.78999999999996,931.2062166666666,1172.1528066666667,794.6515668654173,12840.0,21.93,1.0384115222946557,648.6,Zamora,Castilla y León,33.53,72.49,26.64,39.3,1,324.27,966.98,0,320.0,927.8558879166667,26.27,34.49,-2.4146472537878827,0.3610828786701381
49,2016,320.0,3.682170542635659,93.0,3450.0,462.86512500000003,936.2001029166667,1178.67709,802.102206760865,12919.0,18.89,1.0405208860397714,655.2,Zamora,Castilla y León,34.18,69.13,27.15,39.9,1,332.97,974.14,0,312.27312878787876,931.2062166666666,21.93,33.53,2.4743951687786536,0.5362814552372752
49,2017,325.0,3.7285118057379676,93.0,3692.0,466.06483333333335,954.2160216666666,1197.1230183333334,810.1688475129354,13204.0,16.25,1.0205611862446453,707.7,Zamora,Castilla y León,34.06,69.73,27.15,40.12,1,331.68,973.84,0,320.0,936.2001029166667,18.89,34.18,1.5625,1.924366243271347
49,2018,330.0,3.8063314711359397,92.0,3854.0,502.90049999999997,993.5349741666665,1233.3624466666668,841.9034872001969,13826.0,17.12,1.0037444693258832,735.9,Zamora,Castilla y León,33.21,65.62,26.76,39.2,1,331.24,997.26,0,325.0,954.2160216666666,16.25,34.06,1.538461538461533,4.120550442165505
49,2019,350.0,4.011627906976744,92.0,4185.0,543.404125,1035.6985454166668,1276.0668466666666,879.5719003568921,14493.0,14.05,0.9967743538313801,900.0,Zamora,Castilla y León,33.79,64.41,27.43,39.79,1,348.87,1032.36,0,330.0,993.5349741666665,17.12,33.21,6.060606060606055,4.243793358695314
49,2020,350.0,4.05328947368421,92.0,4417.0,557.7637916666666,1028.1761091666667,1278.2613783333334,885.3274712981148,14374.0,13.19,1.0,950.0,Zamora,Castilla y León,34.04,62.75,27.38,39.53,1,350.0,1028.18,0,350.0,1035.6985454166668,14.05,33.79,0.0,-0.726315227851726
49,2021,350.0,4.166666666666667,92.0,4548.0,580.9421666666666,1097.53873,1332.9467350000002,930.8714030027933,15474.0,11.24,0.9699974935414286,950.0,Zamora,Castilla y León,31.89,60.25,26.26,37.6,1,339.5,1064.61,1,350.0,1028.1761091666667,13.19,34.04,0.0,6.746180952361502
49,2022,360.0,4.2682926829268295,91.0,4728.0,606.9300416666666,1161.23946,1395.579855,968.9732405369181,16548.0,12.38,0.8949107299739896,1000.0,Zamora,Castilla y León,31.0,59.31,25.8,37.15,1,322.17,1039.21,1,350.0,1097.53873,11.24,31.89,2.857142857142847,5.803961924878953
49,2023,375.0,4.4156002116949145,91.0,5025.0,654.5828466666667,1216.6958683333332,1458.0943516666666,1016.7927056525284,17483.0,13.64,0.8643768521205406,1080.0,Zamora,Castilla y León,30.82,57.29,25.72,36.88,1,324.14,1051.68,1,360.0,1161.23946,12.38,31.0,4.166666666666674,4.775622104103605
49,2024,399.06542056074767,4.638364779874213,91.0,5230.0,690.4250429166665,1285.3194666666666,1504.3574516666667,1066.8904894453667,18640.0,12.88,0.8410456579083591,1134.0,Zamora,Castilla y León,31.05,57.8,26.53,37.4,1,335.63,1081.01,1,375.0,1216.6958683333332,13.64,30.82,6.4174454828660465,5.640160381849246
50,2011,450.0,6.179775280898877,74.0,34046.0,623.8650833333334,1191.1918516666667,1445.93546,1040.000185910313,17053.0,18.31,1.0717791932800231,641.4,Zaragoza,Aragón,37.78,72.13,31.12,43.27,1,482.3,1276.69,0,,,,,,
50,2012,425.6343283582089,5.978260869565218,74.0,35078.0,575.3231666666667,1140.8955583333334,1399.1978666666666,997.5939535030211,16205.0,19.92,1.0461898360861621,641.4,Zaragoza,Aragón,37.31,73.98,30.42,42.67,1,445.29,1193.59,0,450.0,1191.1918516666667,18.31,37.78,-5.414593698175796,-4.22235035128563
50,2013,400.0,5.649350649350649,74.0,36096.0,522.8791666666667,1109.6976216666667,1396.1729716666669,963.4206586321578,15679.0,22.52,1.031656722448744,645.3,Zaragoza,Aragón,36.05,76.5,28.65,41.52,1,412.66,1144.83,0,425.6343283582089,1140.8955583333334,19.92,37.31,-6.022617690891552,-2.7345129393125056
50,2014,400.0,5.501777993109388,74.0,38036.0,498.9984166666666,1100.4450016666667,1392.3177133333331,944.1307886658932,15523.0,20.85,1.0332160647146191,645.3,Zaragoza,Aragón,36.35,80.16,28.73,42.37,1,413.29,1137.0,0,400.0,1109.6976216666667,22.52,36.05,0.0,-0.8337965063044295
50,2015,394.5889639639639,5.454545454545454,74.0,40198.0,498.9984166666666,1104.65613,1413.19542,937.3588336516693,15594.0,16.61,1.0384115222946557,648.6,Zaragoza,Aragón,35.72,79.08,27.92,42.1,1,409.75,1147.09,0,400.0,1100.4450016666667,20.85,36.35,-1.3527590090090191,0.38267503845765827
50,2016,400.0,5.514705882352941,74.0,43024.0,513.1239583333333,1116.75571,1426.8371033333333,937.6480974428086,15798.0,15.41,1.0405208860397714,655.2,Zaragoza,Aragón,35.82,77.95,28.03,42.66,1,416.21,1162.01,0,394.5889639639639,1104.65613,16.61,35.72,1.3713095221107752,1.095325474724862
50,2017,400.0,5.600340136054421,73.0,46078.0,553.93975,1142.9714666666666,1453.2307950000002,956.8297742784065,16240.0,12.17,1.0205611862446453,707.7,Zaragoza,Aragón,35.0,72.21,27.52,41.8,1,408.22,1166.47,0,400.0,1116.75571,15.41,35.82,0.0,2.3474925117389134
50,2018,400.0,5.769230769230769,73.0,49390.0,580.0837083333333,1183.481335,1494.155845,984.3945250900119,16923.0,11.08,1.0037444693258832,735.9,Zaragoza,Aragón,33.8,68.96,26.77,40.63,1,401.5,1187.91,0,400.0,1142.9714666666666,12.17,35.0,0.0,3.544258935131195
50,2019,435.0,6.160300355318676,73.0,52260.0,604.744875,1223.0422166666667,1528.4379883333331,1012.3422526334294,17590.0,10.29,0.9967743538313801,900.0,Zaragoza,Aragón,35.57,71.93,28.46,42.97,1,433.6,1219.1,0,400.0,1183.481335,11.08,33.8,8.749999999999991,3.3427550141014173
50,2020,450.0,6.329061181434599,73.0,54680.0,610.9101666666667,1202.7576266666667,1506.6706066666666,1014.0641166105839,17248.0,12.06,1.0,950.0,Zaragoza,Aragón,37.41,73.66,29.87,44.38,1,450.0,1202.76,0,435.0,1223.0422166666667,10.29,35.57,3.4482758620689724,-1.6585355536855029
50,2021,453.7292817679558,6.521739130434782,73.0,56774.0,637.8944166666666,1273.9316266666667,1572.7438033333335,1058.1030170417916,18448.0,11.24,0.9699974935414286,950.0,Zaragoza,Aragón,35.62,71.13,28.85,42.88,1,440.12,1235.71,1,450.0,1202.7576266666667,12.06,37.41,0.8287292817679592,5.917567963983927
50,2022,480.0,6.790123456790123,73.0,58121.0,683.4715304166666,1343.80077,1640.1450458333331,1106.8163988391116,19626.0,9.76,0.8949107299739896,1000.0,Zaragoza,Aragón,35.72,70.23,29.27,43.37,1,429.56,1202.58,1,453.7292817679558,1273.9316266666667,11.24,35.62,5.78995433789955,5.484528515564913
50,2023,500.0,7.108383534136546,73.0,60772.0,718.9976579166668,1421.38043,1705.6454166666665,1160.5636087068124,20934.0,8.5,0.8643768521205406,1080.0,Zaragoza,Aragón,35.18,69.54,29.31,43.08,1,432.19,1228.61,1,480.0,1343.80077,9.76,35.72,4.166666666666674,5.773151923406017
50,2024,525.0,7.446808510638298,73.0,62653.0,761.9197941666666,1484.7846016666665,1760.5477291666666,1211.0581901820926,22003.0,8.05,0.8410456579083591,1134.0,Zaragoza,Aragón,35.36,68.9,29.82,43.35,1,441.55,1248.77,1,500.0,1421.38043,8.5,35.18,5.000000000000004,4.4607460696969525
51,2011,566.1839814814814,7.6923076923076925,73.0,978.0,720.6412154166666,1230.0409933333333,1579.5646450000002,1082.2532290388992,17708.0,27.75,1.0717791932800231,641.4,Ceuta,Ceuta,46.03,78.57,35.84,52.32,1,606.82,1318.33,0,,,,,,
51,2012,583.3333333333334,7.75085237639117,74.0,1122.0,682.7129654166666,1209.815715,1596.8241166666667,1064.724370569408,17367.0,37.02,1.0461898360861621,641.4,Ceuta,Ceuta,48.22,85.44,36.53,54.79,1,610.28,1265.7,0,566.1839814814814,1230.0409933333333,27.75,46.03,3.0289362491285665,-1.6442767715020734
51,2013,561.8698632610939,7.589734881682735,74.0,1260.0,614.9683333333334,1192.733955,1587.7010458333334,1038.483356130425,17079.0,34.79,1.031656722448744,645.3,Ceuta,Ceuta,47.11,91.37,35.39,54.1,1,579.66,1230.49,0,583.3333333333334,1209.815715,37.02,48.22,-3.6794520123839103,-1.4119307418650973
51,2014,558.09,7.628113312644227,76.0,1405.0,533.6489166666667,1166.8740683333333,1580.8695016666668,1002.8007870195656,16643.0,31.84,1.0332160647146191,645.3,Ceuta,Ceuta,47.83,104.58,35.3,55.65,1,576.63,1205.63,0,561.8698632610939,1192.733955,34.79,47.11,-0.672729311224407,-2.1681185949524395
51,2015,566.96375,7.59493670886076,76.0,1594.0,455.29508333333337,1123.6358633333332,1576.2431916666667,942.6269020833332,15914.0,27.55,1.0384115222946557,648.6,Ceuta,Ceuta,50.46,124.53,35.97,60.15,1,588.74,1166.8,0,558.09,1166.8740683333333,31.84,47.83,1.590021322725721,-3.705473124598435
51,2016,590.0,7.779195011337868,76.0,1679.0,467.0013333333333,1099.5553266666666,1554.1792516666667,929.7576359667944,15508.0,24.88,1.0405208860397714,655.2,Ceuta,Ceuta,53.66,126.34,37.96,63.46,1,613.91,1144.11,0,566.96375,1123.6358633333332,27.55,50.46,4.063090453313811,-2.143090787012636
51,2017,587.5,7.6923076923076925,75.0,1772.0,496.18891666666667,1081.7181554166666,1544.9266316666665,921.7314334432381,15221.0,22.37,1.0205611862446453,707.7,Ceuta,Ceuta,54.31,118.4,38.03,63.74,1,599.58,1103.96,0,590.0,1099.5553266666666,24.88,53.66,-0.4237288135593209,-1.6222168014113358
51,2018,600.0,7.954545454545454,75.0,1843.0,510.3925,1100.8601833333332,1559.2207433333333,931.1107197169019,15530.0,28.93,1.0037444693258832,735.9,Ceuta,Ceuta,54.5,117.56,38.48,64.44,1,602.25,1104.98,0,587.5,1081.7181554166666,22.37,54.31,2.127659574468077,1.7695947711345639
51,2019,600.0,8.333333333333334,75.0,1924.0,535.2877916666666,1144.2170116666666,1618.4026375,965.3366345633527,16261.0,25.82,0.9967743538313801,900.0,Ceuta,Ceuta,52.44,112.09,37.07,62.15,1,598.06,1140.53,0,600.0,1100.8601833333332,28.93,54.5,0.0,3.938450040226882
51,2020,623.0489274846357,8.461538461538462,75.0,1978.0,566.4264166666667,1140.95487,1609.3341958333333,978.1016215001745,16206.0,24.52,1.0,950.0,Ceuta,Ceuta,54.61,110.0,38.71,63.7,1,623.05,1140.95,0,600.0,1144.2170116666666,25.82,52.44,3.8414879141059455,-0.2850981617477433
51,2021,644.7010869565216,8.75,75.0,2087.0,605.1350833333333,1187.2772816666666,1626.2692375,1002.2355846482778,16987.0,30.85,0.9699974935414286,950.0,Ceuta,Ceuta,54.3,106.54,39.64,64.33,1,625.36,1151.66,1,623.0489274846357,1140.95487,24.52,54.61,3.4751940845640705,4.059968793214974
51,2022,650.0,8.787834119496857,75.0,2147.0,637.1358516666667,1218.8310883333334,1654.1847416666667,1007.077918537306,17519.0,29.85,0.8949107299739896,1000.0,Ceuta,Ceuta,53.33,102.02,39.29,64.54,1,581.69,1090.75,1,644.7010869565216,1187.2772816666666,30.85,54.3,0.8219178082191858,2.657661117070509
51,2023,650.0,9.196428571428571,73.0,2191.0,685.8736529166666,1273.8130033333334,1705.5907875,1048.402048546588,18446.0,29.98,0.8643768521205406,1080.0,Ceuta,Ceuta,51.03,94.77,38.11,62.0,1,561.84,1101.05,1,650.0,1218.8310883333334,29.85,53.33,0.0,4.51103647800648
51,2024,675.0,9.448844086021504,73.0,2230.0,712.8027104166666,1341.9621083333334,1787.0975041666668,1094.0270013678637,19595.0,27.41,0.8410456579083591,1134.0,Ceuta,Ceuta,50.3,94.7,37.77,61.7,1,567.71,1128.65,1,650.0,1273.8130033333334,29.98,51.03,3.8461538461538547,5.3500085822382415
52,2011,490.0,6.837344632768361,72.5,1002.0,691.6261041666667,1260.3492549999999,1510.1106833333333,1072.967041797112,18219.0,22.41,1.0717791932800231,641.4,Melilla,Melilla,38.88,70.85,32.45,45.67,1,525.17,1350.82,0,,,,,,
52,2012,500.0,6.923076923076923,73.0,1128.0,676.4548041666667,1223.2201516666667,1521.7950816666664,1062.2138322237608,17593.0,26.86,1.0461898360861621,641.4,Melilla,Melilla,40.88,73.91,32.86,47.07,1,523.09,1279.72,0,490.0,1260.3492549999999,22.41,38.88,2.0408163265306145,-2.945937658632025
52,2013,500.0,6.964345991561181,73.0,1339.0,598.2674166666667,1183.1847766666667,1498.60422,1013.753484778796,16918.0,32.41,1.031656722448744,645.3,Melilla,Melilla,42.26,83.57,33.36,49.32,1,515.83,1220.64,0,500.0,1223.2201516666667,26.86,40.88,0.0,-3.2729492679997807
52,2014,500.0,6.9496590909090905,72.0,1464.0,532.40025,1166.4588866666666,1522.9220033333331,981.803004594603,16636.0,28.4,1.0332160647146191,645.3,Melilla,Melilla,42.86,93.91,32.83,50.93,1,516.61,1205.2,0,500.0,1183.1847766666667,32.41,42.26,0.0,-1.4136329616343812
52,2015,500.0,7.04225352112676,73.0,1624.0,507.5049583333334,1132.1174316666666,1508.2720216666667,947.5459392759179,16057.0,33.95,1.0384115222946557,648.6,Melilla,Melilla,44.17,98.52,33.15,52.77,1,519.21,1175.6,0,500.0,1166.4588866666666,28.4,42.86,0.0,-2.9440776175263195
52,2016,500.0,7.034480353335364,72.0,1801.0,507.2708333333333,1123.51724,1511.7120983333334,939.7147129778098,15912.0,30.78,1.0405208860397714,655.2,Melilla,Melilla,44.5,98.57,33.08,53.21,1,520.26,1169.04,0,500.0,1132.1174316666666,33.95,44.17,0.0,-0.7596554408676237
52,2017,520.0,7.433304531490015,72.0,1924.0,467.2354583333333,1111.8328416666666,1498.8414666666667,907.1933107706284,15715.0,27.62,1.0205611862446453,707.7,Melilla,Melilla,46.77,111.29,34.69,57.32,1,530.69,1134.69,0,500.0,1123.51724,30.78,44.5,4.0000000000000036,-1.0399838932007244
52,2018,530.0,7.5532352941176475,72.0,2052.0,510.5485833333333,1128.321485,1517.643265,919.6123584123582,15993.0,25.76,1.0037444693258832,735.9,Melilla,Melilla,46.97,103.81,34.92,57.63,1,531.98,1132.55,0,520.0,1111.8328416666666,27.62,46.77,1.9230769230769162,1.4830145967460684
52,2019,550.0,7.894736842105264,72.0,2163.0,570.2504583333333,1167.8823666666667,1547.180475,958.3117382308989,16660.0,26.98,0.9967743538313801,900.0,Melilla,Melilla,47.09,96.45,35.55,57.39,1,548.23,1164.12,0,530.0,1128.321485,25.76,46.97,3.7735849056603765,3.506171086219001
52,2020,553.5927466406285,8.108108108108107,71.0,2298.0,573.6062499999999,1169.6024049999999,1549.8495000000003,967.7647880233374,16689.0,23.61,1.0,950.0,Melilla,Melilla,47.33,96.51,35.72,57.2,1,553.59,1169.6,0,550.0,1167.8823666666667,26.98,47.09,0.65322666193246,0.14727838885371103
52,2021,564.6207584830339,8.342490542292156,70.0,2353.0,596.9407083333333,1220.7290616666667,1615.1795166666668,984.2107645571356,17551.0,25.34,0.9699974935414286,950.0,Melilla,Melilla,46.25,94.59,34.96,57.37,1,547.68,1184.1,1,553.5927466406285,1169.6024049999999,23.61,47.33,1.99208026285147,4.371285186154084
52,2022,587.588362701909,8.59775641025641,69.0,2453.0,652.4335791666666,1234.7859266666667,1627.088675,994.2884983125206,17788.0,25.9,0.8949107299739896,1000.0,Melilla,Melilla,47.59,90.06,36.11,59.1,1,525.84,1105.02,1,564.6207584830339,1220.7290616666667,25.34,46.25,4.067793093647865,1.1515139142184605
52,2023,600.0,8.754684498493901,70.0,2467.0,720.1355054166667,1282.59113,1677.6206541666668,1046.7127202099425,18594.0,26.63,0.8643768521205406,1080.0,Melilla,Melilla,46.78,83.32,35.76,57.32,1,518.63,1108.64,1,587.588362701909,1234.7859266666667,25.9,47.59,2.1123014147214514,3.8715377541097107
52,2024,600.0,9.103973778647743,69.0,2621.0,754.2077166666667,1346.4104833333333,1750.4959625,1101.6089607431059,19670.0,28.31,0.8410456579083591,1134.0,Melilla,Melilla,44.56,79.55,34.28,54.47,1,504.63,1132.39,1,600.0,1282.59113,26.63,46.78,0.0,4.975814337132789
